Genome-ID,Oral_Taxon-ID,Genus,Species,SubSpecies,Strain,No. Contigs,Total Length,MAG,Assembly Level,GC %,Genus_for_pathogen,is_pathogen
GCA_000160075.2,HMT-389,Abiotrophia,defectiva,,ATCC 49176,4,2043439,,Scaffold,47.02,abiotrophia,0
GCA_013267415.1,HMT-389,Abiotrophia,defectiva,,FDAARGOS_785,1,2046826,,Complete Genome,47.0,abiotrophia,0
GCA_026783725.1,HMT-389,Abiotrophia,defectiva,,D14035481,14,2019498,,Contig,46.9,abiotrophia,0
GCA_937930255.1,HMT-389,Abiotrophia,defectiva,,ERR589701_bin.29_CONCOCT_v1.1_MAG,122,2043240,yes,Contig,46.81,abiotrophia,0
GCA_946222135.1,HMT-389,Abiotrophia,defectiva,,qftHktE6oN_bin.12.MAG,121,1974280,yes,Contig,46.93,abiotrophia,0
GCA_001815865.1,HMT-427,Abiotrophia,sp. HMT-427,,HMSC24B09,31,2020784,,Scaffold,46.65,abiotrophia,0
GCA_015259565.1,HMT-427,Abiotrophia,sp. HMT-427,,JCVI_32_bin.17,93,2016058,yes,Contig,46.83,abiotrophia,0
GCA_015259595.1,HMT-427,Abiotrophia,sp. HMT-427,,JCVI_44_bin.32,83,1940269,yes,Contig,46.88,abiotrophia,0
GCA_030825925.1,HMT-427,Abiotrophia,sp. HMT-427,,RAGGC_103,45,1825944,,Scaffold,46.85,abiotrophia,0
GCA_905372995.1,HMT-427,Abiotrophia,sp. HMT-427,,SRR9217435-mag-bin.2,142,1841231,yes,Contig,46.95,abiotrophia,0
GCA_003260355.1,HMT-345,Absconditicoccaceae [G1],bacterium HMT-345,,HOT-345,3,1144105,,Contig,38.21,absconditicoccaceae [g1],0
GCA_938045525.1,HMT-345,Absconditicoccaceae [G1],bacterium HMT-345,,ERR589616_bin.43_CONCOCT_v1.1_MAG,32,1161792,yes,Contig,38.34,absconditicoccaceae [g1],0
GCA_013333605.2,HMT-874,Absconditicoccaceae [G1],bacterium HMT-874,,P-B-M_MAG_00018,61,999858,yes,Contig,35.8,absconditicoccaceae [g1],0
GCA_013333915.2,HMT-874,Absconditicoccaceae [G1],bacterium HMT-874,,P-A-F_MAG_00010,17,1012013,yes,Contig,35.61,absconditicoccaceae [g1],0
GCA_013333295.2,HMT-875,Absconditicoccaceae [G1],bacterium HMT-875,,T-B-F_MAG_00004,42,912690,yes,Contig,35.35,absconditicoccaceae [g1],0
GCA_015258205.1,HMT-875,Absconditicoccaceae [G1],bacterium HMT-875,,JCVI_11_bin.10,82,897004,yes,Contig,35.36,absconditicoccaceae [g1],0
GCA_916048315.1,HMT-875,Absconditicoccaceae [G1],bacterium HMT-875,,ERR2764810_bin.2_metaWRAP_v1.1_MAG,10,976124,yes,Contig,35.47,absconditicoccaceae [g1],0
GCA_916720055.1,HMT-875,Absconditicoccaceae [G1],bacterium HMT-875,,SRR15235650_bin.7_metaWRAP_v1.1_MAG,113,800111,yes,Contig,35.29,absconditicoccaceae [g1],0
GCA_937989475.1,HMT-875,Absconditicoccaceae [G1],bacterium HMT-875,,SRR8114094_bin.42_CONCOCT_v1.1_MAG,8,985380,yes,Contig,34.99,absconditicoccaceae [g1],0
GCA_000503875.1,HMT-991,Absconditicoccaceae [G2],bacterium HMT-991,,RAAC1_SR1_1,1,1177760,,Complete Genome,31.06,absconditicoccaceae [g2],0
GCA_000165835.1,HMT-343,Achromobacter,xylosoxidans,,A8,3,7359146,,Complete Genome,65.78,achromobacter,0
GCA_000508285.1,HMT-343,Achromobacter,xylosoxidans,,NBRC 15126 = ATCC 27061,1,6683584,,Complete Genome,67.53,achromobacter,0
GCA_001457475.1,HMT-343,Achromobacter,xylosoxidans,,NCTC10807,1,6813182,,Complete Genome,67.38,achromobacter,0
GCA_001598595.1,HMT-343,Achromobacter,xylosoxidans,,NBRC 15126,63,6792737,,Contig,67.4,achromobacter,0
GCA_013343135.1,HMT-343,Achromobacter,xylosoxidans,,FDAARGOS_789,1,6806438,,Complete Genome,67.37,achromobacter,0
GCA_022870085.1,HMT-343,Achromobacter,xylosoxidans,,PartM-Axylosoxidans-RM8376,1,6813185,,Complete Genome,67.38,achromobacter,0
GCA_900009115.1,HMT-343,Achromobacter,xylosoxidans,,AX_NCIMB_11015_WG,1,6501194,,Complete Genome,67.49,achromobacter,0
GCA_000015545.1,HMT-209,Acidovorax,ebreus,,JS42,3,4585154,,Complete Genome,66.09,acidovorax,0
GCA_000022305.1,HMT-209,Acidovorax,ebreus,,TPSY,1,3796573,,Complete Genome,66.83,acidovorax,0
GCA_001023515.1,HMT-209,Acidovorax,ebreus,,J5-51,141,3794153,,Contig,66.21,acidovorax,0
GCA_002214645.1,HMT-209,Acidovorax,ebreus,,SL-205,1,4061276,,Complete Genome,66.65,acidovorax,0
GCA_002916785.1,HMT-209,Acidovorax,ebreus,,LR2014-1,87,4557463,,Contig,66.01,acidovorax,0
GCA_003755025.1,HMT-209,Acidovorax,ebreus,,DSM 15985,16,3654005,,Contig,66.84,acidovorax,0
GCA_013154915.1,HMT-209,Acidovorax,ebreus,,JS3050,2,4032523,,Complete Genome,66.49,acidovorax,0
GCA_015832135.1,HMT-209,Acidovorax,ebreus,,JS3051,4,4613942,,Complete Genome,66.14,acidovorax,0
GCA_019602835.1,HMT-209,Acidovorax,ebreus,,MNS-0,3,3997592,,Complete Genome,66.46,acidovorax,0
GCA_022729025.1,HMT-209,Acidovorax,ebreus,,Ace_metabat.bin.4,36,3418583,yes,Contig,67.07,acidovorax,0
GCA_022729045.1,HMT-209,Acidovorax,ebreus,,Cit_metabat.bin.1,22,3782621,yes,Contig,66.88,acidovorax,0
GCA_022807955.1,HMT-209,Acidovorax,ebreus,,LI3,2,4251417,,Complete Genome,66.42,acidovorax,0
GCA_024709665.1,HMT-209,Acidovorax,ebreus,,RC343_metabat.bin.48,213,3596826,yes,Contig,67.17,acidovorax,0
GCA_024711385.1,HMT-209,Acidovorax,ebreus,,RXF3_metabat.bin.1,34,3536044,yes,Contig,67.06,acidovorax,0
GCA_027625375.1,HMT-209,Acidovorax,ebreus,,ED-3,1,4114005,,Complete Genome,66.53,acidovorax,0
GCA_030148125.1,HMT-209,Acidovorax,ebreus,,BWSM_57,221,3561601,,Contig,66.91,acidovorax,0
GCA_030503915.1,HMT-209,Acidovorax,ebreus,,C33,1,3674978,,Complete Genome,66.78,acidovorax,0
GCA_000935585.1,HMT-216,Acidovorax,temperans,,KY4,141,4475784,,Contig,62.89,acidovorax,0
GCA_006716905.1,HMT-216,Acidovorax,temperans,,DSM 7270,6,4651394,,Contig,63.2,acidovorax,0
GCA_016406015.1,HMT-216,Acidovorax,temperans,,IB03,103,4313039,,Scaffold,63.24,acidovorax,0
GCA_021849105.1,HMT-216,Acidovorax,temperans,,SKS3.bin6,94,3758010,yes,Scaffold,63.59,acidovorax,0
GCA_027321625.1,HMT-216,Acidovorax,temperans,,clean1930,124,3778465,,Contig,63.5,acidovorax,0
GCA_028596105.1,HMT-216,Acidovorax,temperans,,LMJ,3,4730769,,Complete Genome,63.18,acidovorax,0
GCA_913778555.1,HMT-216,Acidovorax,temperans,,SP39_3_metabat2_genome_mining.9,232,3703556,yes,Contig,63.47,acidovorax,0
GCA_000162295.1,HMT-554,Acinetobacter,baumannii,,ATCC 19606,22,3971516,,Scaffold,39.64,acinetobacter,0
GCA_000369385.1,HMT-554,Acinetobacter,baumannii,,CIP 70.34,23,4028903,,Scaffold,39.14,acinetobacter,0
GCA_000614705.1,HMT-554,Acinetobacter,baumannii,,JCM 6841,118,3932397,,Contig,39.08,acinetobacter,0
GCA_000737145.1,HMT-554,Acinetobacter,baumannii,,ATCC 19606,2,3955221,,Scaffold,39.11,acinetobacter,0
GCA_000931755.1,HMT-554,Acinetobacter,baumannii,,NBRC 109757,53,3926017,,Contig,39.06,acinetobacter,0
GCA_001077555.2,HMT-554,Acinetobacter,baumannii,,B8342,1,3947826,,Complete Genome,39.06,acinetobacter,0
GCA_009035845.1,HMT-554,Acinetobacter,baumannii,,ATCC 19606,3,3999136,,Complete Genome,39.15,acinetobacter,0
GCA_009759685.1,HMT-554,Acinetobacter,baumannii,,ATCC 19606,2,3990388,,Complete Genome,39.16,acinetobacter,0
GCA_014672755.1,HMT-554,Acinetobacter,baumannii,,ATCC 19606,1,3980852,,Complete Genome,39.17,acinetobacter,0
GCA_020911985.1,HMT-554,Acinetobacter,baumannii,,ATCC 19606,2,3999499,,Complete Genome,39.15,acinetobacter,0
GCA_000368045.1,HMT-297,Acinetobacter,johnsonii,,CIP 64.6,11,3608403,,Scaffold,41.87,acinetobacter,0
GCA_003952785.1,HMT-297,Acinetobacter,johnsonii,,IC001,5,3736232,,Complete Genome,41.47,acinetobacter,0
GCA_008180305.1,HMT-297,Acinetobacter,johnsonii,,Acsw19,4,3835186,,Complete Genome,41.41,acinetobacter,0
GCA_016027055.1,HMT-297,Acinetobacter,johnsonii,,FDAARGOS_910,4,3617455,,Complete Genome,41.4,acinetobacter,0
GCA_016726625.1,HMT-297,Acinetobacter,johnsonii,,FDAARGOS_1094,10,3524396,,Complete Genome,41.24,acinetobacter,0
GCA_020162195.1,HMT-297,Acinetobacter,johnsonii,,CSUSB1,3,3655004,,Complete Genome,41.39,acinetobacter,0
GCA_021496295.1,HMT-297,Acinetobacter,johnsonii,,AJ312,1,3343033,,Complete Genome,41.56,acinetobacter,0
GCA_021496365.1,HMT-297,Acinetobacter,johnsonii,,AJ413,5,3784505,,Complete Genome,41.26,acinetobacter,0
GCA_900444855.1,HMT-297,Acinetobacter,johnsonii,,NCTC10308,6,3655558,,Contig,41.38,acinetobacter,0
GCA_000368765.1,HMT-282,Acinetobacter,junii,,CIP 64.5,7,3357744,,Scaffold,39.32,acinetobacter,0
GCA_003939335.2,HMT-282,Acinetobacter,junii,,AJ_351,2,3769270,,Complete Genome,38.85,acinetobacter,0
GCA_003939355.2,HMT-282,Acinetobacter,junii,,AJ_068,3,3483561,,Complete Genome,38.77,acinetobacter,0
GCA_018281725.1,HMT-282,Acinetobacter,junii,,INC8271,1,3530883,,Complete Genome,38.56,acinetobacter,0
GCA_018336855.1,HMT-282,Acinetobacter,junii,,YR7,2,3438557,,Complete Genome,38.6,acinetobacter,0
GCA_021491935.1,HMT-282,Acinetobacter,junii,,WCO-9,1,3193903,,Complete Genome,38.62,acinetobacter,0
GCA_023973105.1,HMT-282,Acinetobacter,junii,,AJ6079,1,3362966,,Complete Genome,38.79,acinetobacter,0
GCA_030913345.1,HMT-282,Acinetobacter,junii,,A22,2,3536196,,Complete Genome,38.82,acinetobacter,0
GCA_900444865.1,HMT-282,Acinetobacter,junii,,NCTC12153,4,3344648,,Contig,38.81,acinetobacter,0
GCA_900444875.1,HMT-282,Acinetobacter,junii,,NCTC10307,2,3361057,,Contig,38.81,acinetobacter,0
GCA_000248355.2,HMT-005,Acinetobacter,lwoffii,,NCTC 5866,252,3353128,,Contig,43.04,acinetobacter,0
GCA_000487975.1,HMT-005,Acinetobacter,lwoffii,,NIPH 512,12,3384618,,Scaffold,43.13,acinetobacter,0
GCA_000836095.1,HMT-005,Acinetobacter,lwoffii,,NBRC 109760,100,3298884,,Contig,43.11,acinetobacter,0
GCA_002119785.3,HMT-005,Acinetobacter,lwoffii,,ZS207,11,3549925,,Complete Genome,42.83,acinetobacter,0
GCA_015602705.1,HMT-005,Acinetobacter,lwoffii,,12CE1,1,2993055,,Complete Genome,43.47,acinetobacter,0
GCA_019048305.1,HMT-005,Acinetobacter,lwoffii,,FDAARGOS 1393,6,3504477,,Complete Genome,43.06,acinetobacter,0
GCA_019048525.1,HMT-005,Acinetobacter,lwoffii,,FDAARGOS 1394,9,3466826,,Complete Genome,42.71,acinetobacter,0
GCA_019343495.1,HMT-005,Acinetobacter,lwoffii,,H7,6,3528101,,Complete Genome,42.6,acinetobacter,0
GCA_029024105.1,HMT-005,Acinetobacter,lwoffii,,DSM 2403,6,3463679,,Complete Genome,43.06,acinetobacter,0
GCA_900699155.1,HMT-005,Acinetobacter,lwoffii,,NCTC5866,2,3495680,,Contig,43.04,acinetobacter,0
GCA_000286595.1,HMT-010,Acinetobacter,radioresistens,,WC-A-157,21,3209605,,Contig,41.65,acinetobacter,0
GCA_000368885.1,HMT-010,Acinetobacter,radioresistens,,NIPH 2130,6,3164924,,Scaffold,41.79,acinetobacter,0
GCA_000368905.1,HMT-010,Acinetobacter,radioresistens,,CIP 103788,13,3195486,,Scaffold,42.07,acinetobacter,0
GCA_002993105.1,HMT-010,Acinetobacter,radioresistens,,DSSKY-A-001,1,3132860,,Complete Genome,41.61,acinetobacter,0
GCA_003258335.1,HMT-010,Acinetobacter,radioresistens,,LH6,1,3089777,,Complete Genome,41.85,acinetobacter,0
GCA_005519305.1,HMT-010,Acinetobacter,radioresistens,,DD78,4,3247241,,Complete Genome,41.55,acinetobacter,0
GCA_006757745.1,HMT-010,Acinetobacter,radioresistens,,NBRC 102413,9,3433938,,Complete Genome,41.39,acinetobacter,0
GCA_014069095.1,HMT-010,Acinetobacter,radioresistens,,FDAARGOS_731,6,3377444,,Chromosome,41.52,acinetobacter,0
GCA_029961705.1,HMT-010,Acinetobacter,radioresistens,,Sample9_3,2,3170212,,Complete Genome,41.56,acinetobacter,0
GCA_000429225.1,HMT-888,Actinomyces,dentalis,,DSM 19115,91,3531393,,Scaffold,73.12,actinomyces,0
GCA_905371755.1,HMT-888,Actinomyces,dentalis,,SRR9217391-mag-bin.19,298,3326315,yes,Contig,73.11,actinomyces,0
GCA_000429265.1,HMT-618,Actinomyces,gerencseriae,,DSM 6844,28,3420019,,Scaffold,70.75,actinomyces,0
GCA_905373455.1,HMT-618,Actinomyces,gerencseriae,,SRR9217472-mag-bin.2,286,3131644,yes,Contig,70.77,actinomyces,0
GCA_000239695.1,HMT-866,Actinomyces,graevenitzii,,C83,10,2205725,,Scaffold,57.97,actinomyces,0
GCA_000466185.1,HMT-866,Actinomyces,graevenitzii,,F0530,29,2090952,,Scaffold,57.85,actinomyces,0
GCA_002871975.1,HMT-866,Actinomyces,graevenitzii,,UMB0286,20,2107861,,Scaffold,57.82,actinomyces,0
GCA_015259495.1,HMT-866,Actinomyces,graevenitzii,,JCVI_32_bin.45,89,1786652,yes,Contig,58.11,actinomyces,0
GCA_018366775.1,HMT-866,Actinomyces,graevenitzii,,L3_108_000G1_dasL3_108_000G1_metabat.metabat.69,57,1959695,yes,Contig,57.9,actinomyces,0
GCA_018378275.1,HMT-866,Actinomyces,graevenitzii,,L2_013_000G1_dasL2_013_000G1_concoct_44_sub,185,2019214,yes,Scaffold,57.97,actinomyces,0
GCA_902480825.1,HMT-866,Actinomyces,graevenitzii,,MGYG-HGUT-02941,86,1921862,,Contig,57.91,actinomyces,0
GCA_902481625.1,HMT-866,Actinomyces,graevenitzii,,MGYG-HGUT-03014,66,1770918,,Contig,58.22,actinomyces,0
GCA_905369945.1,HMT-866,Actinomyces,graevenitzii,,DRR046100-mag-bin.3,151,1951561,yes,Contig,57.81,actinomyces,0
GCA_916050455.1,HMT-866,Actinomyces,graevenitzii,,ERR2764871_bin.3_metaWRAP_v1.1_MAG,83,1976895,yes,Contig,57.86,actinomyces,0
GCA_916720025.1,HMT-866,Actinomyces,graevenitzii,,SRR15235656_bin.17_metaWRAP_v1.1_MAG,79,1934683,yes,Contig,57.89,actinomyces,0
GCA_927911435.1,HMT-866,Actinomyces,graevenitzii,,ERR3827227_bin.6_metaWRAP_v1.1_MAG,108,2126736,yes,Contig,57.71,actinomyces,0
GCA_938014305.1,HMT-866,Actinomyces,graevenitzii,,SRR8114062_bin.40_CONCOCT_v1.1_MAG,24,2106840,yes,Contig,57.73,actinomyces,0
GCA_938043945.1,HMT-866,Actinomyces,graevenitzii,,ERR589702_bin.71_CONCOCT_v1.1_MAG,32,2140962,yes,Contig,57.65,actinomyces,0
GCA_000711965.1,HMT-645,Actinomyces,israelii,,DSM 43320,102,4025772,,Scaffold,71.45,actinomyces,0
GCA_026891875.1,HMT-645,Actinomyces,israelii,,ATCC 10048,75,3873991,,Contig,71.55,actinomyces,0
GCA_030253495.1,HMT-645,Actinomyces,israelii,,F0345,1,3980311,,Complete Genome,71.5,actinomyces,0
GCA_000239715.1,HMT-849,Actinomyces,johnsonii,,F0330,76,3459374,,Scaffold,67.8,actinomyces,0
GCA_006546835.1,HMT-849,Actinomyces,johnsonii,,CCUG 34287,42,3348294,,Scaffold,67.53,actinomyces,0
GCA_008693165.1,HMT-849,Actinomyces,johnsonii,,CCUG 34287T,39,3357062,,Contig,67.52,actinomyces,0
GCA_031296615.1,HMT-849,Actinomyces,johnsonii,,CCUG 34287,50,3344607,,Contig,67.52,actinomyces,0
GCA_000269805.1,HMT-852,Actinomyces,massiliensis,,4401292,13,3371034,,Scaffold,67.99,actinomyces,0
GCA_000296275.1,HMT-852,Actinomyces,massiliensis,,F0489,233,3416440,,Contig,67.73,actinomyces,0
GCA_030644185.1,HMT-852,Actinomyces,massiliensis,,F0489,1,3476513,,Complete Genome,67.7,actinomyces,0
GCA_905373845.1,HMT-852,Actinomyces,massiliensis,,SRR9217492-mag-bin.11,263,2775398,yes,Contig,67.73,actinomyces,0
GCA_938045635.1,HMT-852,Actinomyces,massiliensis,,ERR589609_bin.77_CONCOCT_v1.1_MAG,166,3111153,yes,Contig,67.81,actinomyces,0
GCA_000285995.1,HMT-176,Actinomyces,naeslundii,,Howell 279,243,3114341,,Contig,67.85,actinomyces,0
GCA_001937475.1,HMT-176,Actinomyces,naeslundii,,R19039,56,3197928,,Scaffold,67.54,actinomyces,0
GCA_001937595.1,HMT-176,Actinomyces,naeslundii,,W8-2-3,49,3218937,,Scaffold,67.63,actinomyces,0
GCA_001937605.1,HMT-176,Actinomyces,naeslundii,,R13240,32,3226920,,Scaffold,67.56,actinomyces,0
GCA_001937615.1,HMT-176,Actinomyces,naeslundii,,R8152,44,3183492,,Scaffold,67.58,actinomyces,0
GCA_001937735.1,HMT-176,Actinomyces,naeslundii,,WE6B-3,58,3228491,,Scaffold,67.6,actinomyces,0
GCA_001956355.1,HMT-176,Actinomyces,naeslundii,,F12B1,73,3191973,,Scaffold,67.58,actinomyces,0
GCA_001956365.1,HMT-176,Actinomyces,naeslundii,,Pn6N,53,3155768,,Scaffold,67.61,actinomyces,0
GCA_001956415.1,HMT-176,Actinomyces,naeslundii,,MMRC12-1,56,3165113,,Scaffold,67.74,actinomyces,0
GCA_001956435.1,HMT-176,Actinomyces,naeslundii,,F6E1,174,3041208,,Scaffold,67.72,actinomyces,0
GCA_001956445.1,HMT-176,Actinomyces,naeslundii,,CCUG 37599,57,3159810,,Scaffold,67.55,actinomyces,0
GCA_001956475.1,HMT-176,Actinomyces,naeslundii,,T23P-1,104,3068220,,Contig,68.01,actinomyces,0
GCA_001956485.1,HMT-176,Actinomyces,naeslundii,,S44D,52,3128129,,Scaffold,67.94,actinomyces,0
GCA_001956505.1,HMT-176,Actinomyces,naeslundii,,R24330,61,3139836,,Scaffold,67.97,actinomyces,0
GCA_001956515.1,HMT-176,Actinomyces,naeslundii,,S43L,34,3122782,,Scaffold,68.01,actinomyces,0
GCA_001956555.1,HMT-176,Actinomyces,naeslundii,,MB-1,41,3144414,,Scaffold,67.85,actinomyces,0
GCA_001956565.1,HMT-176,Actinomyces,naeslundii,,CCUG 35334,47,3151111,,Scaffold,67.83,actinomyces,0
GCA_001956575.1,HMT-176,Actinomyces,naeslundii,,S65A,33,3229861,,Scaffold,67.78,actinomyces,0
GCA_001956585.1,HMT-176,Actinomyces,naeslundii,,NCTC 10301,47,3119690,,Scaffold,67.94,actinomyces,0
GCA_001956635.1,HMT-176,Actinomyces,naeslundii,,G127B,42,3140302,,Scaffold,68.0,actinomyces,0
GCA_002847585.1,HMT-176,Actinomyces,naeslundii,,UMB0181,18,3127787,,Scaffold,67.66,actinomyces,0
GCA_016127855.1,HMT-176,Actinomyces,naeslundii,,FDAARGOS_1037,1,3152123,,Complete Genome,67.88,actinomyces,0
GCA_023170065.1,HMT-176,Actinomyces,naeslundii,,ATCC 27039,1,3204077,,Complete Genome,67.73,actinomyces,0
GCA_026802095.1,HMT-176,Actinomyces,naeslundii,,CW,1,3104561,,Chromosome,67.6,actinomyces,0
GCA_031296595.1,HMT-176,Actinomyces,naeslundii,,ATCC 12104,65,3123836,,Contig,67.9,actinomyces,0
GCA_031296655.1,HMT-176,Actinomyces,naeslundii,,NCTC 10301,42,3127545,,Contig,67.92,actinomyces,0
GCA_031296715.1,HMT-176,Actinomyces,naeslundii,,NCTC 10301,106,3119783,,Contig,67.84,actinomyces,0
GCA_905372775.1,HMT-176,Actinomyces,naeslundii,,SRR9217428-mag-bin.18,118,3041234,yes,Contig,68.0,actinomyces,0
GCA_004104015.1,HMT-708,Actinomyces,oricola,,R5292,78,2930686,,Contig,68.69,actinomyces,0
GCA_938040835.1,HMT-708,Actinomyces,oricola,,ERR589462_bin.56_CONCOCT_v1.1_MAG,142,2574485,yes,Contig,69.3,actinomyces,0
GCA_000180155.1,HMT-043,Actinomyces,oris,,K20,771,2872429,,Contig,67.8,actinomyces,0
GCA_001553935.1,HMT-043,Actinomyces,oris,,T14V,1,3042917,,Complete Genome,68.46,actinomyces,0
GCA_023169925.1,HMT-043,Actinomyces,oris,,K20,1,3119201,,Complete Genome,68.33,actinomyces,0
GCA_001929375.1,HMT-079,Actinomyces,oris,,S64C,95,3113698,,Scaffold,68.55,actinomyces,0
GCA_001937365.1,HMT-079,Actinomyces,oris,,R21091,87,3046442,,Scaffold,68.71,actinomyces,0
GCA_001937655.1,HMT-079,Actinomyces,oris,,S24V,290,3045360,,Scaffold,68.37,actinomyces,0
GCA_001812965.1,HMT-144,Actinomyces,oris,,HMSC075C01,142,3272120,,Scaffold,68.26,actinomyces,0
GCA_001937385.1,HMT-144,Actinomyces,oris,,MMRCO6-1,86,3250757,,Scaffold,68.1,actinomyces,0
GCA_001937415.1,HMT-144,Actinomyces,oris,,M48-1B-1,90,3243259,,Scaffold,68.03,actinomyces,0
GCA_001937425.1,HMT-144,Actinomyces,oris,,F28B1,103,3278855,,Scaffold,68.09,actinomyces,0
GCA_001937445.1,HMT-144,Actinomyces,oris,,WE8B-23,88,3229440,,Scaffold,68.27,actinomyces,0
GCA_001937485.1,HMT-144,Actinomyces,oris,,CCUG 34286,91,3266793,,Scaffold,68.03,actinomyces,0
GCA_001937505.1,HMT-144,Actinomyces,oris,,R11372,74,3282203,,Scaffold,67.94,actinomyces,0
GCA_001937725.1,HMT-144,Actinomyces,oris,,A19A-1,118,3283870,,Scaffold,68.05,actinomyces,0
GCA_031296635.1,HMT-144,Actinomyces,oris,,VPI D163E-3,106,3272606,,Contig,67.97,actinomyces,0
GCA_034648895.1,HMT-144,Actinomyces,oris,,ORNL 0101,2,3445169,,Contig,67.76,actinomyces,0
GCA_905373015.1,HMT-144,Actinomyces,oris,,SRR9217449-mag-bin.11,181,3114517,yes,Contig,68.22,actinomyces,0
GCA_001929365.1,HMT-169,Actinomyces,oris,,F4D1,65,3025390,,Scaffold,68.63,actinomyces,0
GCA_001937545.1,HMT-169,Actinomyces,oris,,W11-1-1,45,2976384,,Scaffold,68.82,actinomyces,0
GCA_013394715.1,HMT-169,Actinomyces,oris,,F0496,1,3040651,,Complete Genome,68.46,actinomyces,0
GCA_030371665.1,HMT-169,Actinomyces,oris,,ET81,37,3006394,,Contig,68.76,actinomyces,0
GCA_030527985.1,HMT-169,Actinomyces,oris,,S18M_Sa_13,47,2998464,,Scaffold,68.74,actinomyces,0
GCA_031082475.1,HMT-169,Actinomyces,oris,,CNGBCC1804106,33,3003454,,Contig,68.89,actinomyces,0
GCA_901873715.1,HMT-169,Actinomyces,oris,,Actinomyces_naeslundii_BgEED02,20,3147367,,Contig,68.48,actinomyces,0
GCA_905373335.1,HMT-169,Actinomyces,oris,,SRR9217470-mag-bin.2,240,2600283,yes,Contig,68.93,actinomyces,0
GCA_937981545.1,HMT-169,Actinomyces,oris,,SRR8114064_bin.71_CONCOCT_v1.1_MAG,75,3040545,yes,Contig,68.81,actinomyces,0
GCA_001937675.1,HMT-171,Actinomyces,oris,,CCUG 33920,45,2966880,,Scaffold,68.29,actinomyces,0
GCA_005696555.1,HMT-171,Actinomyces,oris,,F0337,1,3097489,,Complete Genome,68.13,actinomyces,0
GCA_916439255.1,HMT-171,Actinomyces,oris,,DRR214960_bin.22_metaWRAP_v1.1_MAG,20,2802136,yes,Contig,67.85,actinomyces,0
GCA_000175315.3,HMT-893,Actinomyces,oris,,C505,5,3134496,,Scaffold,68.68,actinomyces,0
GCA_000223355.2,HMT-893,Actinomyces,oris,,F0384,7,3133330,,Contig,68.73,actinomyces,0
GCA_001807465.1,HMT-893,Actinomyces,oris,,HMSC08A09,87,3046742,,Scaffold,68.81,actinomyces,0
GCA_001937535.1,HMT-893,Actinomyces,oris,,R23275,96,3115162,,Scaffold,68.5,actinomyces,0
GCA_001937555.1,HMT-893,Actinomyces,oris,,G53E,36,3039485,,Scaffold,68.8,actinomyces,0
GCA_001937715.1,HMT-893,Actinomyces,oris,,A7A-1,42,3104690,,Scaffold,68.76,actinomyces,0
GCA_002847555.1,HMT-893,Actinomyces,oris,,UMB0183,15,3015022,,Scaffold,68.85,actinomyces,0
GCA_006546825.1,HMT-893,Actinomyces,oris,,CCUG 34288,19,3168954,,Scaffold,68.56,actinomyces,0
GCA_016127955.1,HMT-893,Actinomyces,oris,,FDAARGOS_1051,2,3190396,,Complete Genome,68.47,actinomyces,0
GCA_016694895.1,HMT-893,Actinomyces,oris,,HMT 175,1,3024208,,Complete Genome,68.94,actinomyces,0
GCA_027945475.1,HMT-893,Actinomyces,oris,,WVU627,2,3103474,,Complete Genome,68.78,actinomyces,0
GCA_031082435.1,HMT-893,Actinomyces,oris,,CNGBCC1803727,39,3159402,,Contig,68.61,actinomyces,0
GCA_031292905.1,HMT-893,Actinomyces,oris,,WVU371,167,3094922,,Contig,68.67,actinomyces,0
GCA_031296455.1,HMT-893,Actinomyces,oris,,T14V,40,3163776,,Contig,68.55,actinomyces,0
GCA_031296505.1,HMT-893,Actinomyces,oris,,WVU626,69,3114730,,Contig,68.72,actinomyces,0
GCA_031296575.1,HMT-893,Actinomyces,oris,,C16,82,3080381,,Contig,68.63,actinomyces,0
GCA_031297525.1,HMT-893,Actinomyces,oris,,VPIIA/6,56,3146087,,Contig,68.61,actinomyces,0
GCA_916050205.1,HMT-893,Actinomyces,oris,,ERR2764931_bin.4_metaWRAP_v1.1_MAG,50,3069335,yes,Contig,68.89,actinomyces,0
GCA_946221355.1,HMT-893,Actinomyces,oris,,iknnSsCAXX_bin.1.MAG,242,3042170,yes,Scaffold,68.93,actinomyces,0
GCA_001553565.1,HMT-746,Actinomyces,radicidentis,,CCUG 36733,1,3051613,,Complete Genome,72.58,actinomyces,0
GCA_959607315.1,HMT-746,Actinomyces,radicidentis,,SRR16280065_bin.9_MetaWRAP_v1.3_MAG,249,2799563,yes,Contig,72.81,actinomyces,0
GCA_000195595.1,HMT-170,Actinomyces,sp. HMT-170,,F0386,76,3135144,,Scaffold,67.76,actinomyces,0
GCA_916720155.1,HMT-170,Actinomyces,sp. HMT-170,,SRR15235659_bin.27_metaWRAP_v1.1_MAG,187,2627796,yes,Contig,68.52,actinomyces,0
GCA_900323545.1,HMT-403,Actinomyces,sp. HMT-403,,Marseille-P3109,8,3149233,,Contig,68.4,actinomyces,0
GCA_902363285.1,HMT-403,Actinomyces,sp. HMT-403,,MGYG-HGUT-00112,10,3112947,,Contig,68.4,actinomyces,0
GCA_001278845.1,HMT-414,Actinomyces,sp. HMT-414,,F0588,1,3836419,,Complete Genome,71.94,actinomyces,0
GCA_000220835.1,HMT-448,Actinomyces,sp. HMT-448,,F0400,12,2828172,,Scaffold,69.97,actinomyces,0
GCA_905214355.1,HMT-448,Actinomyces,sp. HMT-448,,ERR1430458-bin.9,155,2692200,yes,Contig,69.99,actinomyces,0
GCA_905373145.1,HMT-448,Actinomyces,sp. HMT-448,,SRR9217457-mag-bin.3,246,2674657,yes,Contig,69.79,actinomyces,0
GCA_916720385.1,HMT-448,Actinomyces,sp. HMT-448,,SRR15235663_bin.9_metaWRAP_v1.1_MAG,211,2456475,yes,Contig,70.13,actinomyces,0
GCA_946222855.1,HMT-448,Actinomyces,sp. HMT-448,,YSbNyl2jJB_bin.12.MAG,274,2520844,yes,Contig,70.16,actinomyces,0
GCA_002999235.1,HMT-897,Actinomyces,sp. HMT-897,,F0631,2,3249416,,Complete Genome,71.63,actinomyces,0
GCA_016626125.1,HMT-897,Actinomyces,sp. HMT-897,,HMT897,1,3281265,,Complete Genome,71.63,actinomyces,0
GCA_938030695.1,HMT-897,Actinomyces,sp. HMT-897,,ERR589373_bin.89_CONCOCT_v1.1_MAG,254,3164958,yes,Contig,71.64,actinomyces,0
GCA_000295095.1,HMT-179,Actinomyces,timonensis,,7400942,4,2932944,,Scaffold,71.39,actinomyces,0
GCA_004525795.1,HMT-688,Actinomyces,viscosus,,CCUG 14476,107,3336376,,Contig,69.03,actinomyces,0
GCA_031296485.1,HMT-688,Actinomyces,viscosus,,NCTC 10951,179,3303380,,Contig,69.06,actinomyces,0
GCA_900637975.1,HMT-688,Actinomyces,viscosus,,NCTC10951,1,3491241,,Complete Genome,68.91,actinomyces,0
GCA_000178435.1,HMT-312,Aerococcus,viridans,,ATCC 11563,150,2005853,,Contig,39.45,aerococcus,0
GCA_001543285.1,HMT-312,Aerococcus,viridans,,CCUG4311,1,2199877,,Complete Genome,39.38,aerococcus,0
GCA_001806975.1,HMT-312,Aerococcus,viridans,,HMSC10H05,71,1892427,,Scaffold,37.19,aerococcus,0
GCA_002083135.2,HMT-312,Aerococcus,viridans,,FDAARGOS_249,1,2003760,,Contig,39.57,aerococcus,0
GCA_002871935.1,HMT-312,Aerococcus,viridans,,UMB0240,52,1921807,,Scaffold,37.11,aerococcus,0
GCA_025144985.1,HMT-312,Aerococcus,viridans,,p3-SID91,46,1975416,,Contig,39.42,aerococcus,0
GCA_029023765.1,HMT-312,Aerococcus,viridans,,DSM 20340,1,2204952,,Complete Genome,39.37,aerococcus,0
GCA_900445095.1,HMT-312,Aerococcus,viridans,,NCTC8251,3,2265362,,Contig,39.39,aerococcus,0
GCA_900445105.1,HMT-312,Aerococcus,viridans,,NCTC7595,51,2315448,,Contig,40.43,aerococcus,0
GCA_000314675.2,HMT-559,Afipia,broomeae,,ATCC 49717,4,5261968,,Scaffold,61.35,afipia,0
GCA_000568515.1,HMT-559,Afipia,broomeae,,NBIMC_P1-C3,69,4996806,,Contig,61.56,afipia,0
GCA_000568595.1,HMT-559,Afipia,broomeae,,NBIMC_P1-C1,90,5133308,,Contig,61.59,afipia,0
GCA_000568615.1,HMT-559,Afipia,broomeae,,NBIMC_P1-C2,66,4996867,,Contig,61.56,afipia,0
GCA_002172955.1,HMT-559,Afipia,broomeae,,TMED4,49,5163516,,Contig,61.37,afipia,0
GCA_002689225.1,HMT-559,Afipia,broomeae,,MED728,49,5163516,,Contig,61.37,afipia,0
GCA_003963205.1,HMT-559,Afipia,broomeae,,AWTP1-7,60,5173336,,Scaffold,61.28,afipia,0
GCA_902488705.1,HMT-559,Afipia,broomeae,,MGYG-HGUT-03734,233,5238503,,Contig,61.21,afipia,0
GCA_000020605.1,HMT-960,Agathobacter,rectalis,,ATCC 33656,1,3449685,,Complete Genome,41.48,agathobacter,0
GCA_000209935.1,HMT-960,Agathobacter,rectalis,,DSM 17629,1,3344951,,Chromosome,42.92,agathobacter,0
GCA_003468065.1,HMT-960,Agathobacter,rectalis,,AM42-1,36,3373739,,Scaffold,41.13,agathobacter,0
GCA_003474615.1,HMT-960,Agathobacter,rectalis,,AF38-24,28,3096310,,Scaffold,41.2,agathobacter,0
GCA_015557515.1,HMT-960,Agathobacter,rectalis,,D53t1_180928_G2,41,2883067,,Scaffold,41.8,agathobacter,0
GCA_022453685.1,HMT-960,Agathobacter,rectalis,,VPI 0990,1,3451485,,Complete Genome,41.48,agathobacter,0
GCA_024167965.1,HMT-960,Agathobacter,rectalis,,NB2A-17-FMU,1,2804625,,Chromosome,41.9,agathobacter,0
GCA_028322385.1,HMT-960,Agathobacter,rectalis,,D53st1_E10_D53t1_180928,38,2926079,,Scaffold,41.88,agathobacter,0
GCA_028322445.1,HMT-960,Agathobacter,rectalis,,D53st1_B3_D53t1_180928,33,2792771,,Scaffold,41.81,agathobacter,0
GCA_902387715.1,HMT-960,Agathobacter,rectalis,,MGYG-HGUT-02492,1,3449685,,Complete Genome,41.48,agathobacter,0
GCA_000146265.4,HMT-531,Aggregatibacter,actinomycetemcomitans,,D11S-1,4,2160722,,Complete Genome,44.29,aggregatibacter,1
GCA_000163615.3,HMT-531,Aggregatibacter,actinomycetemcomitans,,D7S-1,1,2308962,,Complete Genome,44.32,aggregatibacter,1
GCA_000241025.2,HMT-531,Aggregatibacter,actinomycetemcomitans,,ANH9381,1,2136808,,Complete Genome,44.42,aggregatibacter,1
GCA_000259915.1,HMT-531,Aggregatibacter,actinomycetemcomitans,,RhAA1,11,2233070,,Contig,44.67,aggregatibacter,1
GCA_000372365.1,HMT-531,Aggregatibacter,actinomycetemcomitans,,DSM 8324,33,2085887,,Contig,44.42,aggregatibacter,1
GCA_000604045.1,HMT-531,Aggregatibacter,actinomycetemcomitans,,HK1651,1,2105503,,Complete Genome,44.38,aggregatibacter,1
GCA_001190115.1,HMT-531,Aggregatibacter,actinomycetemcomitans,,RHAA1,11,2233070,,Contig,44.67,aggregatibacter,1
GCA_001547775.1,HMT-531,Aggregatibacter,actinomycetemcomitans,,NUM 4039,1,2382853,,Complete Genome,44.34,aggregatibacter,1
GCA_001594245.1,HMT-531,Aggregatibacter,actinomycetemcomitans,,VT1169,1,2129092,,Complete Genome,44.39,aggregatibacter,1
GCA_001594265.1,HMT-531,Aggregatibacter,actinomycetemcomitans,,624,1,2367908,,Complete Genome,44.23,aggregatibacter,1
GCA_001690155.1,HMT-531,Aggregatibacter,actinomycetemcomitans,,IDH781,1,2291252,,Complete Genome,44.32,aggregatibacter,1
GCA_002266485.1,HMT-531,Aggregatibacter,actinomycetemcomitans,,KCOM 1299,7,2291820,,Contig,44.16,aggregatibacter,1
GCA_003130165.1,HMT-531,Aggregatibacter,actinomycetemcomitans,,PN_800,23,2032621,,Contig,44.45,aggregatibacter,1
GCA_006547285.1,HMT-531,Aggregatibacter,actinomycetemcomitans,,SC1000,18,2099973,,Scaffold,44.44,aggregatibacter,1
GCA_008084095.1,HMT-531,Aggregatibacter,actinomycetemcomitans,,PN_773,29,2038882,,Contig,44.45,aggregatibacter,1
GCA_008084115.1,HMT-531,Aggregatibacter,actinomycetemcomitans,,PN_687,28,2078207,,Contig,44.42,aggregatibacter,1
GCA_008084195.1,HMT-531,Aggregatibacter,actinomycetemcomitans,,PN_738,27,2134503,,Contig,44.32,aggregatibacter,1
GCA_008084225.1,HMT-531,Aggregatibacter,actinomycetemcomitans,,PN_708,25,2109962,,Contig,44.37,aggregatibacter,1
GCA_008085015.1,HMT-531,Aggregatibacter,actinomycetemcomitans,,PN_561,2,2237318,,Contig,44.46,aggregatibacter,1
GCA_008085085.1,HMT-531,Aggregatibacter,actinomycetemcomitans,,PN_435,28,2120456,,Contig,44.32,aggregatibacter,1
GCA_008085135.1,HMT-531,Aggregatibacter,actinomycetemcomitans,,PN_438,26,2062693,,Contig,44.45,aggregatibacter,1
GCA_008085215.1,HMT-531,Aggregatibacter,actinomycetemcomitans,,PN_436,26,2079715,,Contig,44.4,aggregatibacter,1
GCA_008085265.1,HMT-531,Aggregatibacter,actinomycetemcomitans,,PN_694,25,2039051,,Contig,44.46,aggregatibacter,1
GCA_008085295.1,HMT-531,Aggregatibacter,actinomycetemcomitans,,PN_686,27,2036242,,Contig,44.47,aggregatibacter,1
GCA_008085305.1,HMT-531,Aggregatibacter,actinomycetemcomitans,,NCTC_9710,41,2069548,,Contig,44.44,aggregatibacter,1
GCA_008085315.1,HMT-531,Aggregatibacter,actinomycetemcomitans,,PN_728,24,2046220,,Contig,44.44,aggregatibacter,1
GCA_008085365.1,HMT-531,Aggregatibacter,actinomycetemcomitans,,PN_628,27,2030108,,Contig,44.43,aggregatibacter,1
GCA_008085405.1,HMT-531,Aggregatibacter,actinomycetemcomitans,,PN_566,27,2041829,,Contig,44.43,aggregatibacter,1
GCA_008085415.1,HMT-531,Aggregatibacter,actinomycetemcomitans,,PN_565,26,2043562,,Contig,44.44,aggregatibacter,1
GCA_008086365.1,HMT-531,Aggregatibacter,actinomycetemcomitans,,HK_907,1,2316234,,Complete Genome,44.02,aggregatibacter,1
GCA_008086385.1,HMT-531,Aggregatibacter,actinomycetemcomitans,,HK_973,1,2298901,,Complete Genome,44.09,aggregatibacter,1
GCA_008086405.1,HMT-531,Aggregatibacter,actinomycetemcomitans,,PN_696,1,2284248,,Complete Genome,44.0,aggregatibacter,1
GCA_016026035.1,HMT-531,Aggregatibacter,actinomycetemcomitans,,FDAARGOS_948,1,2105378,,Complete Genome,44.38,aggregatibacter,1
GCA_020809485.1,HMT-531,Aggregatibacter,actinomycetemcomitans,,CU1000N,1,2331529,,Complete Genome,44.24,aggregatibacter,1
GCA_021308695.1,HMT-531,Aggregatibacter,actinomycetemcomitans,,HK 1659,22,2077434,,Contig,44.34,aggregatibacter,1
GCA_021308715.1,HMT-531,Aggregatibacter,actinomycetemcomitans,,HK 1631,21,2070210,,Contig,44.31,aggregatibacter,1
GCA_021308795.1,HMT-531,Aggregatibacter,actinomycetemcomitans,,708G,27,2130593,,Contig,44.48,aggregatibacter,1
GCA_021308835.1,HMT-531,Aggregatibacter,actinomycetemcomitans,,HK 1630,23,2065593,,Contig,44.33,aggregatibacter,1
GCA_021308855.1,HMT-531,Aggregatibacter,actinomycetemcomitans,,654G,24,2066676,,Contig,44.32,aggregatibacter,1
GCA_021308875.1,HMT-531,Aggregatibacter,actinomycetemcomitans,,369G,26,2077690,,Contig,44.29,aggregatibacter,1
GCA_021308915.1,HMT-531,Aggregatibacter,actinomycetemcomitans,,ET14,24,2066090,,Contig,44.32,aggregatibacter,1
GCA_021309015.1,HMT-531,Aggregatibacter,actinomycetemcomitans,,217G,28,2105953,,Contig,44.47,aggregatibacter,1
GCA_021309025.1,HMT-531,Aggregatibacter,actinomycetemcomitans,,311M,27,2097408,,Contig,44.5,aggregatibacter,1
GCA_021309195.1,HMT-531,Aggregatibacter,actinomycetemcomitans,,UP18,22,2067147,,Contig,44.32,aggregatibacter,1
GCA_021309205.1,HMT-531,Aggregatibacter,actinomycetemcomitans,,UP14,22,2067549,,Contig,44.31,aggregatibacter,1
GCA_021309215.1,HMT-531,Aggregatibacter,actinomycetemcomitans,,UP6,25,2066325,,Contig,44.32,aggregatibacter,1
GCA_021309225.1,HMT-531,Aggregatibacter,actinomycetemcomitans,,UP23,22,2067092,,Contig,44.32,aggregatibacter,1
GCA_021309275.1,HMT-531,Aggregatibacter,actinomycetemcomitans,,UP50,26,2122336,,Contig,44.34,aggregatibacter,1
GCA_021309295.1,HMT-531,Aggregatibacter,actinomycetemcomitans,,UP11,21,2067812,,Contig,44.32,aggregatibacter,1
GCA_021309315.1,HMT-531,Aggregatibacter,actinomycetemcomitans,,OMZ 678,21,2068141,,Contig,44.32,aggregatibacter,1
GCA_021309335.1,HMT-531,Aggregatibacter,actinomycetemcomitans,,UP10,21,2067863,,Contig,44.32,aggregatibacter,1
GCA_021309475.1,HMT-531,Aggregatibacter,actinomycetemcomitans,,OMGS 2516,26,2066755,,Contig,44.32,aggregatibacter,1
GCA_021309535.1,HMT-531,Aggregatibacter,actinomycetemcomitans,,OMGS 2176,29,2096147,,Contig,44.29,aggregatibacter,1
GCA_021309595.1,HMT-531,Aggregatibacter,actinomycetemcomitans,,HK 978,25,2076828,,Contig,44.36,aggregatibacter,1
GCA_021309635.1,HMT-531,Aggregatibacter,actinomycetemcomitans,,PH541,24,2028232,,Contig,44.46,aggregatibacter,1
GCA_021309645.1,HMT-531,Aggregatibacter,actinomycetemcomitans,,HG1216,21,2040431,,Contig,44.46,aggregatibacter,1
GCA_021309675.1,HMT-531,Aggregatibacter,actinomycetemcomitans,,HG1217,28,2079354,,Contig,44.28,aggregatibacter,1
GCA_021309695.1,HMT-531,Aggregatibacter,actinomycetemcomitans,,HG1236,23,2135833,,Contig,44.43,aggregatibacter,1
GCA_021309715.1,HMT-531,Aggregatibacter,actinomycetemcomitans,,HK 2017,26,2071201,,Contig,44.31,aggregatibacter,1
GCA_021309735.1,HMT-531,Aggregatibacter,actinomycetemcomitans,,HG1183,22,2065955,,Contig,44.32,aggregatibacter,1
GCA_021309755.1,HMT-531,Aggregatibacter,actinomycetemcomitans,,HG1229,25,2122305,,Contig,44.34,aggregatibacter,1
GCA_021309765.1,HMT-531,Aggregatibacter,actinomycetemcomitans,,362M,21,2081488,,Contig,44.29,aggregatibacter,1
GCA_021309815.1,HMT-531,Aggregatibacter,actinomycetemcomitans,,309M,21,2077138,,Contig,44.32,aggregatibacter,1
GCA_021309825.1,HMT-531,Aggregatibacter,actinomycetemcomitans,,HK 1990,24,2073469,,Contig,44.31,aggregatibacter,1
GCA_021309915.1,HMT-531,Aggregatibacter,actinomycetemcomitans,,102-B,29,2110628,,Contig,44.42,aggregatibacter,1
GCA_021309955.1,HMT-531,Aggregatibacter,actinomycetemcomitans,,ET19,22,2067856,,Contig,44.32,aggregatibacter,1
GCA_021309965.1,HMT-531,Aggregatibacter,actinomycetemcomitans,,744G,26,2133209,,Contig,44.42,aggregatibacter,1
GCA_021309995.1,HMT-531,Aggregatibacter,actinomycetemcomitans,,666G,25,2108730,,Contig,44.29,aggregatibacter,1
GCA_021310015.1,HMT-531,Aggregatibacter,actinomycetemcomitans,,605G,30,2079435,,Contig,44.29,aggregatibacter,1
GCA_021310035.1,HMT-531,Aggregatibacter,actinomycetemcomitans,,638G,26,2078016,,Contig,44.29,aggregatibacter,1
GCA_021310095.1,HMT-531,Aggregatibacter,actinomycetemcomitans,,524G,22,2067892,,Contig,44.32,aggregatibacter,1
GCA_021310125.1,HMT-531,Aggregatibacter,actinomycetemcomitans,,488G,22,2067699,,Contig,44.32,aggregatibacter,1
GCA_021310155.1,HMT-531,Aggregatibacter,actinomycetemcomitans,,486G,24,2103326,,Contig,44.15,aggregatibacter,1
GCA_021310165.1,HMT-531,Aggregatibacter,actinomycetemcomitans,,467G,28,2122954,,Contig,44.39,aggregatibacter,1
GCA_021310195.1,HMT-531,Aggregatibacter,actinomycetemcomitans,,443G,21,2076398,,Contig,44.3,aggregatibacter,1
GCA_021310215.1,HMT-531,Aggregatibacter,actinomycetemcomitans,,437G,29,2092586,,Contig,44.29,aggregatibacter,1
GCA_021310295.1,HMT-531,Aggregatibacter,actinomycetemcomitans,,1G,28,2121891,,Contig,44.39,aggregatibacter,1
GCA_023517815.1,HMT-531,Aggregatibacter,actinomycetemcomitans,,31S,1,2102524,,Complete Genome,44.39,aggregatibacter,1
GCA_023517835.1,HMT-531,Aggregatibacter,actinomycetemcomitans,,31R,1,2110934,,Complete Genome,44.36,aggregatibacter,1
GCA_023517855.1,HMT-531,Aggregatibacter,actinomycetemcomitans,,30S,1,2120195,,Complete Genome,44.38,aggregatibacter,1
GCA_023517875.1,HMT-531,Aggregatibacter,actinomycetemcomitans,,30R,1,2120195,,Complete Genome,44.38,aggregatibacter,1
GCA_023517895.1,HMT-531,Aggregatibacter,actinomycetemcomitans,,23S,1,2173202,,Complete Genome,44.32,aggregatibacter,1
GCA_023517915.1,HMT-531,Aggregatibacter,actinomycetemcomitans,,5S,1,2158238,,Complete Genome,44.38,aggregatibacter,1
GCA_023517935.1,HMT-531,Aggregatibacter,actinomycetemcomitans,,5R,1,2158228,,Complete Genome,44.38,aggregatibacter,1
GCA_023518055.1,HMT-531,Aggregatibacter,actinomycetemcomitans,,4S,1,2109143,,Complete Genome,44.49,aggregatibacter,1
GCA_023559645.1,HMT-531,Aggregatibacter,actinomycetemcomitans,,ATCC 29522,28,2121926,,Contig,44.34,aggregatibacter,1
GCA_023559725.1,HMT-531,Aggregatibacter,actinomycetemcomitans,,23R,6,2164891,,Contig,44.35,aggregatibacter,1
GCA_023559755.1,HMT-531,Aggregatibacter,actinomycetemcomitans,,4R,13,2102624,,Contig,44.47,aggregatibacter,1
GCA_024677965.1,HMT-531,Aggregatibacter,actinomycetemcomitans,,25R,13,2260584,,Contig,44.02,aggregatibacter,1
GCA_024677985.1,HMT-531,Aggregatibacter,actinomycetemcomitans,,20R,24,2382298,,Contig,44.26,aggregatibacter,1
GCA_024678005.1,HMT-531,Aggregatibacter,actinomycetemcomitans,,7R,2,2355150,,Contig,44.27,aggregatibacter,1
GCA_024678025.1,HMT-531,Aggregatibacter,actinomycetemcomitans,,8R,2,2157227,,Contig,44.35,aggregatibacter,1
GCA_024678085.1,HMT-531,Aggregatibacter,actinomycetemcomitans,,3R,6,2344181,,Contig,44.37,aggregatibacter,1
GCA_024678105.1,HMT-531,Aggregatibacter,actinomycetemcomitans,,2R,2,2107957,,Contig,44.45,aggregatibacter,1
GCA_024730685.1,HMT-531,Aggregatibacter,actinomycetemcomitans,,27R,1,2075531,,Complete Genome,44.49,aggregatibacter,1
GCA_024730705.1,HMT-531,Aggregatibacter,actinomycetemcomitans,,16R,1,2077859,,Complete Genome,44.48,aggregatibacter,1
GCA_024730725.1,HMT-531,Aggregatibacter,actinomycetemcomitans,,14R,1,2361401,,Complete Genome,44.25,aggregatibacter,1
GCA_024730745.1,HMT-531,Aggregatibacter,actinomycetemcomitans,,9R,1,2116158,,Complete Genome,44.45,aggregatibacter,1
GCA_025449295.1,HMT-531,Aggregatibacter,actinomycetemcomitans,,IDHaas10a,1,2133765,,Complete Genome,44.44,aggregatibacter,1
GCA_900445165.1,HMT-531,Aggregatibacter,actinomycetemcomitans,,NCTC9709,3,2089682,,Contig,44.53,aggregatibacter,1
GCA_000022985.1,HMT-545,Aggregatibacter,aphrophilus,,NJ8700,1,2313035,,Complete Genome,42.23,aggregatibacter,1
GCA_000226495.3,HMT-545,Aggregatibacter,aphrophilus,,ATCC 33389,48,2267213,,Contig,42.18,aggregatibacter,1
GCA_000231255.1,HMT-545,Aggregatibacter,aphrophilus,,F0387,12,2262693,,Scaffold,42.37,aggregatibacter,1
GCA_001188835.1,HMT-545,Aggregatibacter,aphrophilus,,NJ8700,1,2313256,,Complete Genome,42.23,aggregatibacter,1
GCA_001262035.1,HMT-545,Aggregatibacter,aphrophilus,,W10433,1,2414427,,Complete Genome,42.34,aggregatibacter,1
GCA_001680765.1,HMT-545,Aggregatibacter,aphrophilus,,ATCC 19415,32,2268672,,Scaffold,42.18,aggregatibacter,1
GCA_001680805.1,HMT-545,Aggregatibacter,aphrophilus,,ATCC 7901,19,2364377,,Scaffold,42.14,aggregatibacter,1
GCA_002083125.2,HMT-545,Aggregatibacter,aphrophilus,,FDAARGOS_248,5,2406785,,Contig,42.24,aggregatibacter,1
GCA_003130125.1,HMT-545,Aggregatibacter,aphrophilus,,PN_517,30,2346714,,Scaffold,42.2,aggregatibacter,1
GCA_003130145.1,HMT-545,Aggregatibacter,aphrophilus,,PN_444,31,2264950,,Scaffold,42.23,aggregatibacter,1
GCA_003130195.1,HMT-545,Aggregatibacter,aphrophilus,,PN_521,26,2308908,,Scaffold,42.22,aggregatibacter,1
GCA_003130365.1,HMT-545,Aggregatibacter,aphrophilus,,HK_319,48,2421966,,Scaffold,42.22,aggregatibacter,1
GCA_003130375.1,HMT-545,Aggregatibacter,aphrophilus,,CCUG 11575,33,2368867,,Scaffold,42.2,aggregatibacter,1
GCA_003252955.1,HMT-545,Aggregatibacter,aphrophilus,,C2008000870,33,2268540,,Contig,42.06,aggregatibacter,1
GCA_003252965.1,HMT-545,Aggregatibacter,aphrophilus,,C2008001229,33,2288398,,Contig,42.18,aggregatibacter,1
GCA_003703745.1,HMT-545,Aggregatibacter,aphrophilus,,HK83,121,2375403,,Contig,42.22,aggregatibacter,1
GCA_900445195.1,HMT-545,Aggregatibacter,aphrophilus,,NCTC5908,6,2332869,,Contig,42.37,aggregatibacter,1
GCA_900478265.1,HMT-545,Aggregatibacter,aphrophilus,,NCTC11096,1,2290909,,Complete Genome,42.15,aggregatibacter,1
GCA_900636915.1,HMT-545,Aggregatibacter,aphrophilus,,NCTC5906,1,2337153,,Complete Genome,42.32,aggregatibacter,1
GCA_916048645.1,HMT-545,Aggregatibacter,aphrophilus,,ERR2764820_bin.5_metaWRAP_v1.1_MAG,198,2131817,yes,Contig,42.2,aggregatibacter,1
GCA_003129975.1,HMT-426,Aggregatibacter,kilianii,,PN_755,22,2358555,,Scaffold,42.55,aggregatibacter,1
GCA_003130015.1,HMT-426,Aggregatibacter,kilianii,,PN_649,27,2379268,,Contig,42.61,aggregatibacter,1
GCA_003130035.1,HMT-426,Aggregatibacter,kilianii,,PN_537,20,2329865,,Scaffold,42.59,aggregatibacter,1
GCA_003130055.1,HMT-426,Aggregatibacter,kilianii,,PN_452,17,2366859,,Scaffold,42.65,aggregatibacter,1
GCA_003130255.1,HMT-426,Aggregatibacter,kilianii,,PN_528,3,2457230,,Contig,42.9,aggregatibacter,1
GCA_003130285.1,HMT-426,Aggregatibacter,kilianii,,PN_522,20,2330461,,Scaffold,42.59,aggregatibacter,1
GCA_003130305.1,HMT-426,Aggregatibacter,kilianii,,PN_516,21,2367815,,Scaffold,42.67,aggregatibacter,1
GCA_003130645.1,HMT-426,Aggregatibacter,kilianii,,MELO_94,22,2345608,,Scaffold,42.57,aggregatibacter,1
GCA_003130665.1,HMT-426,Aggregatibacter,kilianii,,MELO_68,21,2427675,,Scaffold,42.58,aggregatibacter,1
GCA_003130675.1,HMT-426,Aggregatibacter,kilianii,,MELO_83,21,2375305,,Scaffold,42.57,aggregatibacter,1
GCA_003252805.1,HMT-426,Aggregatibacter,kilianii,,C2008001782,16,2329796,,Contig,42.59,aggregatibacter,1
GCA_003252835.1,HMT-426,Aggregatibacter,kilianii,,C2010020251,18,2450473,,Contig,42.52,aggregatibacter,1
GCA_003252995.1,HMT-426,Aggregatibacter,kilianii,,C2008003249,18,2346261,,Contig,42.69,aggregatibacter,1
GCA_003253035.1,HMT-426,Aggregatibacter,kilianii,,C2009017515,35,2452137,,Contig,42.66,aggregatibacter,1
GCA_937919835.1,HMT-426,Aggregatibacter,kilianii,,SRR2240840_bin.2_CONCOCT_v1.1_MAG,62,2304117,yes,Contig,42.61,aggregatibacter,1
GCA_000185305.1,HMT-762,Aggregatibacter,segnis,,ATCC 33393,5,2012010,,Scaffold,43.04,aggregatibacter,1
GCA_003130075.1,HMT-762,Aggregatibacter,segnis,,HK_296,19,1953597,,Scaffold,42.7,aggregatibacter,1
GCA_003130095.1,HMT-762,Aggregatibacter,segnis,,CCUG 46700,12,1978324,,Scaffold,42.66,aggregatibacter,1
GCA_003252645.1,HMT-762,Aggregatibacter,segnis,,C2000002669,22,2004096,,Contig,42.56,aggregatibacter,1
GCA_003252685.1,HMT-762,Aggregatibacter,segnis,,C2001002503,13,1918287,,Contig,42.63,aggregatibacter,1
GCA_016127115.1,HMT-762,Aggregatibacter,segnis,,FDAARGOS_987,1,2062506,,Complete Genome,42.55,aggregatibacter,1
GCA_900476035.1,HMT-762,Aggregatibacter,segnis,,NCTC10977,1,2022832,,Complete Genome,42.56,aggregatibacter,1
GCA_902494125.1,HMT-762,Aggregatibacter,segnis,,MGYG-HGUT-04313,12,1916258,,Contig,42.71,aggregatibacter,1
GCA_905212025.1,HMT-762,Aggregatibacter,segnis,,SRR413637-bin.17,78,1749471,yes,Contig,42.99,aggregatibacter,1
GCA_920939465.1,HMT-762,Aggregatibacter,segnis,,Marseille-P9115,1,2071265,,Complete Genome,42.81,aggregatibacter,1
GCA_934255625.1,HMT-762,Aggregatibacter,segnis,,REFINED_METABAT215_TOP10_CONTIGS_1500_ASSEMBLY_K77_MERGED__Hadza_MoBio_hadza-E-H_G_3_1732.107,33,1877499,yes,Contig,42.51,aggregatibacter,1
GCA_938021175.1,HMT-762,Aggregatibacter,segnis,,ERR589365_bin.97_CONCOCT_v1.1_MAG,44,2087800,yes,Contig,42.58,aggregatibacter,1
GCA_947097335.1,HMT-762,Aggregatibacter,segnis,,SRR8786264_bin.8_metaWRAP_v1.3_MAG,140,1850914,yes,Contig,42.49,aggregatibacter,1
GCA_000466335.1,HMT-458,Aggregatibacter,sp. HMT-458,,W10330,45,2016624,,Scaffold,43.17,aggregatibacter,1
GCA_017798005.1,HMT-458,Aggregatibacter,sp. HMT-458,,2125159857,1,1999512,,Complete Genome,43.02,aggregatibacter,1
GCA_905372845.1,HMT-458,Aggregatibacter,sp. HMT-458,,SRR9217428-mag-bin.3,173,1704279,yes,Contig,43.38,aggregatibacter,1
GCA_915063715.1,HMT-458,Aggregatibacter,sp. HMT-458,,SRR1045097_bin.2_metaWRAP_v1.1_MAG,112,1845464,yes,Contig,43.08,aggregatibacter,1
GCA_927911785.1,HMT-458,Aggregatibacter,sp. HMT-458,,ERR3827215_bin.1_metaWRAP_v1.1_MAG,170,1924108,yes,Contig,42.95,aggregatibacter,1
GCA_001059425.1,HMT-513,Aggregatibacter,sp. HMT-513,,933_AAPH,38,1934895,,Contig,42.72,aggregatibacter,1
GCA_003130325.1,HMT-513,Aggregatibacter,sp. HMT-513,,PN_651,20,1965663,,Scaffold,42.84,aggregatibacter,1
GCA_003130345.1,HMT-513,Aggregatibacter,sp. HMT-513,,PN_450,16,1936332,,Scaffold,42.76,aggregatibacter,1
GCA_018128305.1,HMT-513,Aggregatibacter,sp. HMT-513,,W11186,3,1939696,,Complete Genome,42.72,aggregatibacter,1
GCA_934234175.1,HMT-513,Aggregatibacter,sp. HMT-513,,REFINED_METABAT215_SUBJECT_CONTIGS_1500_ASSEMBLY_K77_MERGED__Pilot_MoBio_Fiber_C_5_1018.152,14,1754698,yes,Contig,42.7,aggregatibacter,1
GCA_005221325.1,HMT-485,Agrobacterium,tumefaciens,,CFBP5499,6,6138594,,Complete Genome,59.04,agrobacterium,0
GCA_005221345.1,HMT-485,Agrobacterium,tumefaciens,,CFBP5877,6,5996243,,Complete Genome,59.06,agrobacterium,0
GCA_017726655.1,HMT-485,Agrobacterium,tumefaciens,,6N2,2,5082709,,Complete Genome,58.94,agrobacterium,0
GCA_025559885.1,HMT-485,Agrobacterium,tumefaciens,,Yol002,4,5512153,,Complete Genome,59.43,agrobacterium,0
GCA_025560305.1,HMT-485,Agrobacterium,tumefaciens,,Sta002,4,5831233,,Complete Genome,59.39,agrobacterium,0
GCA_000020225.1,HMT-963,Akkermansia,muciniphila,,ATCC BAA-835,1,2664102,,Complete Genome,55.76,akkermansia,0
GCA_001688765.2,HMT-963,Akkermansia,muciniphila,,YL44,1,2745278,,Complete Genome,55.66,akkermansia,0
GCA_004015025.1,HMT-963,Akkermansia,muciniphila,,EB-AMDK-11,1,2764311,,Complete Genome,55.26,akkermansia,0
GCA_008000975.1,HMT-963,Akkermansia,muciniphila,,DSM 22959,1,2664043,,Complete Genome,55.76,akkermansia,0
GCA_010223175.1,HMT-963,Akkermansia,muciniphila,,EB-AMDK-34,1,2724277,,Complete Genome,55.32,akkermansia,0
GCA_010223255.1,HMT-963,Akkermansia,muciniphila,,EB-AMDK-35,1,2724313,,Complete Genome,55.32,akkermansia,0
GCA_017504145.1,HMT-963,Akkermansia,muciniphila,,ATCC BAA-835,1,2664051,,Complete Genome,55.76,akkermansia,0
GCA_017570505.1,HMT-963,Akkermansia,muciniphila,,KGMB01990,1,2844062,,Complete Genome,55.23,akkermansia,0
GCA_018847595.1,HMT-963,Akkermansia,muciniphila,,Akk0500b,1,2788976,,Complete Genome,55.4,akkermansia,0
GCA_030848285.1,HMT-963,Akkermansia,muciniphila,,MmAkkUCB1,1,2742000,,Complete Genome,55.72,akkermansia,0
GCA_001405855.1,HMT-964,Alistipes,onderdonkii,,2789STDY5834947,8,3215546,,Scaffold,58.26,alistipes,0
GCA_002159215.1,HMT-964,Alistipes,onderdonkii,,An90,17,3483340,,Contig,58.54,alistipes,0
GCA_006542645.1,HMT-964,Alistipes,onderdonkii,,3BBH6,1,3507492,,Complete Genome,58.0,alistipes,0
GCA_006542705.1,HMT-964,Alistipes,onderdonkii,,5CPYCFAH4,1,3312673,,Complete Genome,57.97,alistipes,0
GCA_006542725.1,HMT-964,Alistipes,onderdonkii,,5NYCFAH2,1,3312682,,Complete Genome,57.97,alistipes,0
GCA_015668835.1,HMT-964,Alistipes,onderdonkii,,1001262B_160229_H2,16,3412381,,Scaffold,58.45,alistipes,0
GCA_022834935.1,HMT-964,Alistipes,onderdonkii,,CE91-St17,8,3811789,,Contig,57.8,alistipes,0
GCA_022845675.1,HMT-964,Alistipes,onderdonkii,,CE91-St18,1,3812179,,Complete Genome,57.8,alistipes,0
GCA_025145285.1,HMT-964,Alistipes,onderdonkii,,DSM 19147,1,3869542,,Complete Genome,57.81,alistipes,0
GCA_902362895.1,HMT-964,Alistipes,onderdonkii,,MGYG-HGUT-00074,8,3215546,,Scaffold,58.26,alistipes,0
GCA_000154465.1,HMT-965,Alistipes,putredinis,,DSM 17216,12,2550678,,Scaffold,53.28,alistipes,0
GCA_015549455.1,HMT-965,Alistipes,putredinis,,1001287H_170206_F3,42,3123722,,Scaffold,52.98,alistipes,0
GCA_018786185.1,HMT-965,Alistipes,putredinis,,MCC001,52,2622641,,Scaffold,53.14,alistipes,0
GCA_019132025.1,HMT-965,Alistipes,putredinis,,DFI.5.5,29,2458158,,Contig,53.41,alistipes,0
GCA_020555445.1,HMT-965,Alistipes,putredinis,,DFI.6.89,53,2769186,,Contig,53.66,alistipes,0
GCA_024462405.1,HMT-965,Alistipes,putredinis,,DFI.6.34,265,2806976,,Contig,53.67,alistipes,0
GCA_024462435.1,HMT-965,Alistipes,putredinis,,DFI.6.33,90,2777827,,Contig,53.66,alistipes,0
GCA_902373695.1,HMT-965,Alistipes,putredinis,,MGYG-HGUT-01302,12,2550678,,Scaffold,53.28,alistipes,0
GCA_003461645.1,HMT-966,Alistipes,shahii,,AF14-19,58,3668313,,Scaffold,57.23,alistipes,0
GCA_005844225.1,HMT-966,Alistipes,shahii,,BSD2780061688st1_A10,24,3239091,,Scaffold,58.39,alistipes,0
GCA_012844205.1,HMT-966,Alistipes,shahii,,BL-389-WT-23F,65,3317268,,Contig,58.51,alistipes,0
GCA_015547645.1,HMT-966,Alistipes,shahii,,1001713B170131_170501_D7,47,3437448,,Scaffold,57.75,alistipes,0
GCA_015556735.1,HMT-966,Alistipes,shahii,,BSD2780061688b_171218_A10,24,3239091,,Scaffold,58.39,alistipes,0
GCA_015556995.1,HMT-966,Alistipes,shahii,,D40t1_170626_H5,83,3476415,,Scaffold,57.83,alistipes,0
GCA_015558405.1,HMT-966,Alistipes,shahii,,1001275B_160808_A9,55,3561746,,Scaffold,57.94,alistipes,0
GCA_015559775.1,HMT-966,Alistipes,shahii,,1001095IJ_161003_G7,71,3378421,,Scaffold,57.83,alistipes,0
GCA_025145845.1,HMT-966,Alistipes,shahii,,WAL 8301,1,3809618,,Complete Genome,57.32,alistipes,0
GCA_902362205.1,HMT-966,Alistipes,shahii,,MGYG-HGUT-00003,18,3234232,,Scaffold,58.58,alistipes,0
GCA_002250115.1,HMT-045,Alkalihalobacillus,clausii,,DSM 8716,1,4517459,,Complete Genome,44.69,alkalihalobacillus,0
GCA_014338545.1,HMT-045,Alkalihalobacillus,clausii,,088AE,1,4598557,,Chromosome,44.74,alkalihalobacillus,0
GCA_000315445.1,HMT-831,Alloiococcus,otitis,,ATCC 51267,8,1806596,,Scaffold,45.29,alloiococcus,0
GCA_900445205.1,HMT-831,Alloiococcus,otitis,,NCTC13840,4,1875153,,Contig,44.71,alloiococcus,0
GCA_936941285.1,HMT-831,Alloiococcus,otitis,,SRR3183846_bin.53_CONCOCT_v1.1_MAG,81,1710563,yes,Contig,44.48,alloiococcus,0
GCA_943912975.1,HMT-831,Alloiococcus,otitis,,1pMM6ns1sI_bin.1.MAG,55,1592740,yes,Contig,44.58,alloiococcus,0
GCA_000234115.1,HMT-302,Alloprevotella,rava,,F0323,30,2593873,,Scaffold,45.6,alloprevotella,0
GCA_014195585.1,HMT-302,Alloprevotella,rava,,DSM 22548,28,2557292,,Contig,45.32,alloprevotella,0
GCA_900095835.1,HMT-413,Alloprevotella,sp. HMT-413,,Marseille-P2826,6,2771606,,Scaffold,47.7,alloprevotella,0
GCA_902376145.1,HMT-413,Alloprevotella,sp. HMT-413,,MGYG-HGUT-01557,6,2771606,,Scaffold,47.7,alloprevotella,0
GCA_916720475.1,HMT-413,Alloprevotella,sp. HMT-413,,SRR15235657_bin.10_metaWRAP_v1.1_MAG,95,2737121,yes,Contig,47.31,alloprevotella,0
GCA_937891685.1,HMT-413,Alloprevotella,sp. HMT-413,,SRR1952431_bin.72_CONCOCT_v1.1_MAG,41,2561453,yes,Contig,47.34,alloprevotella,0
GCA_000318095.2,HMT-473,Alloprevotella,sp. HMT-473,,F0040,24,2553017,,Scaffold,46.16,alloprevotella,0
GCA_902497175.1,HMT-473,Alloprevotella,sp. HMT-473,,MGYG-HGUT-04638,81,1864341,,Contig,47.5,alloprevotella,0
GCA_938021135.1,HMT-473,Alloprevotella,sp. HMT-473,,ERR589357_bin.83_CONCOCT_v1.1_MAG,56,2642809,yes,Contig,46.15,alloprevotella,0
GCA_947097345.1,HMT-473,Alloprevotella,sp. HMT-473,,SRR8786264_bin.3_metaWRAP_v1.3_MAG,185,2343991,yes,Contig,46.27,alloprevotella,0
GCA_000159995.1,HMT-466,Alloprevotella,tannerae,,ATCC 51259,6,2585719,,Scaffold,46.62,alloprevotella,0
GCA_022014035.1,HMT-466,Alloprevotella,tannerae,,66-3,85,2593442,,Contig,46.41,alloprevotella,0
GCA_022014045.1,HMT-466,Alloprevotella,tannerae,,51-1,120,2684346,,Contig,46.4,alloprevotella,0
GCA_022014095.1,HMT-466,Alloprevotella,tannerae,,49-1,61,2529871,,Contig,46.53,alloprevotella,0
GCA_022014115.1,HMT-466,Alloprevotella,tannerae,,45-2,78,2497228,,Contig,46.65,alloprevotella,0
GCA_905372435.1,HMT-466,Alloprevotella,tannerae,,SRR9217408-mag-bin.13,56,2468476,yes,Contig,46.52,alloprevotella,0
GCA_937906735.1,HMT-466,Alloprevotella,tannerae,,SRR1952611_bin.42_CONCOCT_v1.1_MAG,71,2301845,yes,Contig,47.11,alloprevotella,0
GCA_947097095.1,HMT-466,Alloprevotella,tannerae,,SRR8786265_bin.1_metaWRAP_v1.3_MAG,239,1931099,yes,Contig,47.04,alloprevotella,0
GCA_000420505.1,HMT-198,Alloscardovia,omnicolens,,DSM 21503,43,1847146,,Contig,46.65,alloscardovia,0
GCA_001053985.1,HMT-198,Alloscardovia,omnicolens,,1173_BLON,30,1792971,,Scaffold,46.86,alloscardovia,0
GCA_001056455.1,HMT-198,Alloscardovia,omnicolens,,350_GVAG,21,1875004,,Scaffold,46.89,alloscardovia,0
GCA_001056905.1,HMT-198,Alloscardovia,omnicolens,,476_GVAG,25,1759239,,Scaffold,46.9,alloscardovia,0
GCA_002847765.1,HMT-198,Alloscardovia,omnicolens,,UMB0064,12,1841181,,Scaffold,46.69,alloscardovia,0
GCA_002861485.1,HMT-198,Alloscardovia,omnicolens,,UMB0006,14,1802081,,Contig,46.8,alloscardovia,0
GCA_030224105.1,HMT-198,Alloscardovia,omnicolens,,UMB8704B,29,1852113,,Contig,46.9,alloscardovia,0
GCA_030226025.1,HMT-198,Alloscardovia,omnicolens,,UMB9969,31,1787092,,Contig,46.89,alloscardovia,0
GCA_030230475.1,HMT-198,Alloscardovia,omnicolens,,UMB1308A,11,1799614,,Contig,46.83,alloscardovia,0
GCA_000156575.1,HMT-859,Anaerococcus,lactolyticus,,ATCC 51172,251,2206675,,Scaffold,35.79,anaerococcus,0
GCA_000758765.1,HMT-859,Anaerococcus,lactolyticus,,S7-1-13,44,1936866,,Contig,34.79,anaerococcus,0
GCA_902489065.1,HMT-859,Anaerococcus,lactolyticus,,MGYG-HGUT-03780,150,1433043,,Contig,35.94,anaerococcus,0
GCA_947252355.1,HMT-859,Anaerococcus,lactolyticus,,SRR17635492_bin.19_metaWRAP_v1.3_MAG,39,1819439,yes,Contig,35.08,anaerococcus,0
GCA_002359915.1,HMT-792,Anaerococcus,nagyae,,UBA2626,63,1670242,,Scaffold,30.72,anaerococcus,0
GCA_003433955.1,HMT-792,Anaerococcus,nagyae,,OF01-3,16,1825047,,Scaffold,30.67,anaerococcus,0
GCA_017874535.1,HMT-792,Anaerococcus,nagyae,,DSM 101193,16,1751430,,Contig,30.62,anaerococcus,0
GCA_900543655.1,HMT-792,Anaerococcus,nagyae,,UMGS594,47,1745397,,Contig,30.42,anaerococcus,0
GCA_902385235.1,HMT-792,Anaerococcus,nagyae,,MGYG-HGUT-02269,16,1825047,,Scaffold,30.67,anaerococcus,0
GCA_002847745.1,HMT-017,Anaerococcus,octavius,,UMB0119,18,1979036,,Scaffold,30.7,anaerococcus,0
GCA_018373895.1,HMT-017,Anaerococcus,octavius,,L2_059_000G1_dasL2_059_000G1_concoct_90,26,1973144,yes,Contig,30.6,anaerococcus,0
GCA_030825475.1,HMT-017,Anaerococcus,octavius,,RAGGC_152,76,1719998,,Scaffold,30.5,anaerococcus,0
GCA_900445265.1,HMT-017,Anaerococcus,octavius,,NCTC9810,2,1914290,,Contig,30.59,anaerococcus,0
GCA_902482765.1,HMT-017,Anaerococcus,octavius,,MGYG-HGUT-03129,39,1715963,,Contig,30.3,anaerococcus,0
GCA_943913685.1,HMT-017,Anaerococcus,octavius,,DCeZfn8tmZ_bin.11.MAG,94,1714535,yes,Contig,30.48,anaerococcus,0
GCA_000024105.1,HMT-738,Anaerococcus,prevotii,,DSM 20548,2,1998633,,Complete Genome,35.64,anaerococcus,0
GCA_900445285.1,HMT-738,Anaerococcus,prevotii,,NCTC11806,2,2004977,,Contig,35.64,anaerococcus,0
GCA_902480415.1,HMT-738,Anaerococcus,prevotii,,MGYG-HGUT-02892,227,1231601,,Contig,37.44,anaerococcus,0
GCA_947253375.1,HMT-738,Anaerococcus,prevotii,,SRR17635709_bin.13_metaWRAP_v1.3_MAG,152,1371198,yes,Contig,36.44,anaerococcus,0
GCA_000159095.1,HMT-788,Anaerococcus,tetradius,,ATCC 35098,100,2145347,,Scaffold,35.45,anaerococcus,0
GCA_001546165.1,HMT-788,Anaerococcus,tetradius,,MJR8151,70,2015538,,Scaffold,34.54,anaerococcus,0
GCA_946891905.1,HMT-788,Anaerococcus,tetradius,,SRR12830911_bin.23_metaWRAP_v1.3_MAG,55,1769598,yes,Contig,34.86,anaerococcus,0
GCA_946997125.1,HMT-788,Anaerococcus,tetradius,,SRR16916848_bin.5_metaWRAP_v1.3_MAG,30,1755896,yes,Contig,34.83,anaerococcus,0
GCA_947087635.1,HMT-788,Anaerococcus,tetradius,,SRR11749280_bin.19_metaWRAP_v1.3_MAG,28,1725895,yes,Contig,34.8,anaerococcus,0
GCA_947253505.1,HMT-788,Anaerococcus,tetradius,,SRR17635492_bin.15_metaWRAP_v1.3_MAG,30,1753796,yes,Contig,34.93,anaerococcus,0
GCA_000191725.2,HMT-294,Anaerococcus,vaginimassiliensis,,ACS-065-V-Col13,35,1697099,,Contig,32.96,anaerococcus,0
GCA_900626155.1,HMT-294,Anaerococcus,vaginimassiliensis,,Marseille-P4512,1,1836452,,Scaffold,33.06,anaerococcus,0
GCA_902479665.1,HMT-294,Anaerococcus,vaginimassiliensis,,MGYG-HGUT-02815,18,1697277,,Contig,32.88,anaerococcus,0
GCA_000239275.1,HMT-121,Anaeroglobus,geminatus,,F0357,57,1798854,,Scaffold,49.14,anaeroglobus,0
GCA_902472395.1,HMT-121,Anaeroglobus,geminatus,,MGYG-HGUT-01762,28,1764081,,Contig,49.1,anaeroglobus,0
GCA_905197845.1,HMT-121,Anaeroglobus,geminatus,,ERR1190736-bin.4,44,1734376,yes,Contig,48.89,anaeroglobus,0
GCA_905372395.1,HMT-121,Anaeroglobus,geminatus,,SRR9217414-mag-bin.3,30,1760181,yes,Contig,48.97,anaeroglobus,0
GCA_938037165.1,HMT-121,Anaeroglobus,geminatus,,ERR589644_bin.43_CONCOCT_v1.1_MAG,24,1783959,yes,Contig,48.94,anaeroglobus,0
GCA_958434125.1,HMT-121,Anaeroglobus,geminatus,,SRR22541675_bin.26_MetaWRAP_v1.3_MAG,85,1688965,yes,Contig,49.15,anaeroglobus,0
GCA_959024075.1,HMT-121,Anaeroglobus,geminatus,,SRR13494479_bin.1_MetaWRAP_v1.3_MAG,113,1674649,yes,Contig,49.32,anaeroglobus,0
GCA_900095855.1,HMT-123,Anaeroglobus,massiliensis,,Marseille-P2911,2,1715864,,Contig,50.2,anaeroglobus,0
GCA_902376155.1,HMT-123,Anaeroglobus,massiliensis,,MGYG-HGUT-01559,2,1715864,,Contig,50.2,anaeroglobus,0
GCA_905213095.1,HMT-123,Anaeroglobus,massiliensis,,ERR414442-bin.14,34,1663237,yes,Contig,50.34,anaeroglobus,0
GCA_938020375.1,HMT-123,Anaeroglobus,massiliensis,,ERR414475_bin.6_CONCOCT_v1.1_MAG,21,1791590,yes,Contig,49.93,anaeroglobus,0
GCA_959029415.1,HMT-123,Anaeroglobus,massiliensis,,SRR13494479_bin.3_MetaWRAP_v1.3_MAG,20,1700004,yes,Contig,50.14,anaeroglobus,0
GCA_000199675.1,HMT-995,Anaerolinea,thermophila,,UNI-1,1,3532378,,Complete Genome,53.85,anaerolinea,0
GCA_000406805.1,HMT-439,Anaerolineae [G1],bacterium HMT-439,,Chl2,113,1160015,,Contig,53.86,anaerolineae [g1],0
GCA_001717545.1,HMT-439,Anaerolineae [G1],bacterium HMT-439,,W11661,1,2945494,,Complete Genome,54.86,anaerolineae [g1],0
GCA_905372085.1,HMT-439,Anaerolineae [G1],bacterium HMT-439,,SRR9217393-mag-bin.14,229,2554535,yes,Contig,55.42,anaerolineae [g1],0
GCA_000090945.1,HMT-386,Anaerosphaera,mikwangii,,F0131,11,1569385,,Scaffold,31.81,anaerosphaera,0
GCA_000468535.1,HMT-386,Anaerosphaera,mikwangii,,ChDC B134,5,1499757,,Contig,30.98,anaerosphaera,0
GCA_000019045.1,HMT-182,Anoxybacillus,flavithermus,,WK1,1,2846746,,Complete Genome,41.78,anoxybacillus,0
GCA_000327465.1,HMT-182,Anoxybacillus,flavithermus,,TNO-09.006,1,2658425,,Scaffold,41.97,anoxybacillus,0
GCA_000367505.1,HMT-182,Anoxybacillus,flavithermus,,NBRC 109594,90,2772624,,Contig,41.67,anoxybacillus,0
GCA_002197485.1,HMT-182,Anoxybacillus,flavithermus,,52-1A,2,2830124,,Complete Genome,42.22,anoxybacillus,0
GCA_002243705.1,HMT-182,Anoxybacillus,flavithermus,,DSM 2641T,1,2812123,,Complete Genome,41.78,anoxybacillus,0
GCA_002742685.1,HMT-182,Anoxybacillus,flavithermus,,KU2-6_11,74,2646305,,Contig,41.48,anoxybacillus,0
GCA_014890145.1,HMT-182,Anoxybacillus,flavithermus,,WS5495,146,2631121,,Contig,41.68,anoxybacillus,0
GCA_014890515.1,HMT-182,Anoxybacillus,flavithermus,,WS5281,149,2792323,,Contig,41.57,anoxybacillus,0
GCA_014201615.1,HMT-660,Aquamicrobium,lusatiense,,DSM 11099,13,4389592,,Scaffold,62.6,aquamicrobium,0
GCA_022359935.1,HMT-660,Aquamicrobium,lusatiense,,NLF2-7,12,5201486,,Contig,62.28,aquamicrobium,0
GCA_029872115.1,HMT-660,Aquamicrobium,lusatiense,,D-9,3,4399299,,Contig,62.11,aquamicrobium,0
GCA_000277715.1,HMT-739,Arachnia,propionica,,F0230a,1,3449360,,Complete Genome,66.06,arachnia,0
GCA_001592325.1,HMT-739,Arachnia,propionica,,NBRC 14587,26,3385209,,Contig,66.15,arachnia,0
GCA_003797385.1,HMT-739,Arachnia,propionica,,FDAARGOS_578,1,3467615,,Contig,66.06,arachnia,0
GCA_005696855.1,HMT-739,Arachnia,propionica,,F0700,1,3437242,,Complete Genome,66.08,arachnia,0
GCA_018128345.1,HMT-739,Arachnia,propionica,,F0231,1,3404402,,Complete Genome,66.16,arachnia,0
GCA_018128365.1,HMT-739,Arachnia,propionica,,F0714,1,3448470,,Complete Genome,66.06,arachnia,0
GCA_900637725.1,HMT-739,Arachnia,propionica,,NCTC12967,1,3402349,,Complete Genome,66.12,arachnia,0
GCA_900638645.1,HMT-739,Arachnia,propionica,,NCTC11666,1,3405117,,Complete Genome,66.31,arachnia,0
GCA_915063725.1,HMT-739,Arachnia,propionica,,SRR1045093_bin.10_metaWRAP_v1.1_MAG,203,3216832,yes,Contig,66.07,arachnia,0
GCA_937974765.1,HMT-739,Arachnia,propionica,,ERR589649_bin.61_CONCOCT_v1.1_MAG,139,3337161,yes,Contig,66.17,arachnia,0
GCA_013333735.2,HMT-194,Arachnia,rubra,,P-B-F_MAG_00022,122,2885146,yes,Contig,64.72,arachnia,0
GCA_013333895.2,HMT-194,Arachnia,rubra,,P-A-F_MAG_00013,214,2996074,yes,Contig,64.64,arachnia,0
GCA_018128325.1,HMT-194,Arachnia,rubra,,DSMZ 100122,1,3316958,,Complete Genome,64.2,arachnia,0
GCA_019973735.1,HMT-194,Arachnia,rubra,,SK-1,1,3316972,,Complete Genome,64.2,arachnia,0
GCA_030527845.1,HMT-194,Arachnia,rubra,,S18M_Sa_6,49,3183181,,Scaffold,64.33,arachnia,0
GCA_905372475.1,HMT-194,Arachnia,rubra,,SRR9217422-mag-bin.6,157,3115083,yes,Contig,64.25,arachnia,0
GCA_927911275.1,HMT-194,Arachnia,rubra,,ERR3827247_bin.3_metaWRAP_v1.1_MAG,139,3140115,yes,Contig,64.46,arachnia,0
GCA_937974815.1,HMT-194,Arachnia,rubra,,ERR589648_bin.55_CONCOCT_v1.1_MAG,223,3200054,yes,Contig,64.29,arachnia,0
GCA_000092365.1,HMT-811,Arcanobacterium,haemolyticum,,DSM 20595,1,1986154,,Complete Genome,53.13,arcanobacterium,0
GCA_006088775.1,HMT-811,Arcanobacterium,haemolyticum,,SCDR 1,1,1986154,,Chromosome,55.47,arcanobacterium,0
GCA_900445275.1,HMT-811,Arcanobacterium,haemolyticum,,NCTC9697,44,1888729,,Contig,53.11,arcanobacterium,0
GCA_900475915.1,HMT-811,Arcanobacterium,haemolyticum,,NCTC8452,1,1988850,,Complete Genome,53.13,arcanobacterium,0
GCA_001189535.1,HMT-190,Arsenicicoccus,sp. HMT-190,,F0371,1,3525271,,Complete Genome,72.73,arsenicicoccus,0
GCA_000175415.3,HMT-229,Arthrospira,platensis,,Paraca,268,6501886,,Contig,44.31,arthrospira,0
GCA_000210375.1,HMT-229,Arthrospira,platensis,,NIES-39,1,6788435,,Chromosome,45.06,arthrospira,0
GCA_000307915.1,HMT-229,Arthrospira,platensis,,C1,1,6089210,,Chromosome,46.09,arthrospira,0
GCA_001611905.1,HMT-229,Arthrospira,platensis,,YZ,1,6520772,,Chromosome,44.2,arthrospira,0
GCA_016745315.2,HMT-229,Arthrospira,platensis,,PCC 9108,1,6763969,,Complete Genome,44.25,arthrospira,0
GCA_026000695.2,HMT-229,Arthrospira,platensis,,NIES-39,1,6818856,,Complete Genome,44.3,arthrospira,0
GCA_029223075.1,HMT-229,Arthrospira,platensis,,NCB002,5,6864973,,Contig,44.25,arthrospira,0
GCA_000364325.1,HMT-674,Atopobium,minutum,,10063974,2,1706966,,Scaffold,48.96,atopobium,0
GCA_000468815.1,HMT-674,Atopobium,minutum,,BV3Ac4,8,1717627,,Contig,48.73,atopobium,0
GCA_001437015.1,HMT-674,Atopobium,minutum,,DSM 20586,46,1719821,,Scaffold,48.69,atopobium,0
GCA_018363815.1,HMT-674,Atopobium,minutum,,L3_108_103G1_dasL3_108_103G1_maxbin2.maxbin.038,24,1648815,yes,Contig,48.77,atopobium,0
GCA_900105895.1,HMT-674,Atopobium,minutum,,DSM 20586,3,1779562,,Contig,48.69,atopobium,0
GCA_902405965.1,HMT-674,Atopobium,minutum,,MGYG-HGUT-04259,9,1625916,,Contig,48.87,atopobium,0
GCA_937975845.1,HMT-674,Atopobium,minutum,,ERR1018188_bin.3_CONCOCT_v1.1_MAG,10,1629170,yes,Contig,48.86,atopobium,0
GCA_947086705.1,HMT-674,Atopobium,minutum,,SRR10258545_bin.1_metaWRAP_v1.3_MAG,107,1495533,yes,Contig,49.05,atopobium,0
GCA_000167275.1,HMT-824,Bacillus,anthracis,,Vollum,52,5488459,,Scaffold,35.21,bacillus,0
GCA_000181835.1,HMT-824,Bacillus,anthracis,,A0488,63,5392168,,Scaffold,35.16,bacillus,0
GCA_000742895.1,HMT-824,Bacillus,anthracis,,Vollum,3,5506189,,Complete Genome,35.25,bacillus,0
GCA_000832565.1,HMT-824,Bacillus,anthracis,,SK-102,3,5505665,,Complete Genome,35.25,bacillus,0
GCA_000832825.1,HMT-824,Bacillus,anthracis,,HD571,2,5312179,,Complete Genome,35.43,bacillus,0
GCA_001683095.1,HMT-824,Bacillus,anthracis,,Parent1,1,5228660,,Complete Genome,35.38,bacillus,0
GCA_001683135.1,HMT-824,Bacillus,anthracis,,PR01,1,5228656,,Complete Genome,35.38,bacillus,0
GCA_022221305.1,HMT-824,Bacillus,anthracis,,AF039,3,5486304,,Complete Genome,35.23,bacillus,0
GCA_022221345.1,HMT-824,Bacillus,anthracis,,Vollum,3,5506524,,Complete Genome,35.25,bacillus,0
GCA_026684175.1,HMT-824,Bacillus,anthracis,,NW6,3,5525241,,Complete Genome,35.25,bacillus,0
GCA_000009045.1,HMT-468,Bacillus,subtilis,,168,1,4215606,,Complete Genome,43.51,bacillus,0
GCA_000789275.1,HMT-468,Bacillus,subtilis,,168,1,4215619,,Complete Genome,43.51,bacillus,0
GCA_001697265.1,HMT-468,Bacillus,subtilis,,KCTC 3135,1,4211343,,Complete Genome,43.51,bacillus,0
GCA_002055965.1,HMT-468,Bacillus,subtilis,,NCIB 3610,2,4299822,,Complete Genome,43.35,bacillus,0
GCA_006741845.1,HMT-468,Bacillus,subtilis,,NBRC 13719,2,4295305,,Complete Genome,43.34,bacillus,0
GCA_012931705.2,HMT-468,Bacillus,subtilis,,168,1,4227167,,Complete Genome,43.49,bacillus,0
GCA_013009385.1,HMT-468,Bacillus,subtilis,,168,1,4316079,,Complete Genome,43.25,bacillus,0
GCA_024917115.1,HMT-468,Bacillus,subtilis,,168,1,4215167,,Complete Genome,43.51,bacillus,0
GCA_029027845.1,HMT-468,Bacillus,subtilis,,NCIB 3610,2,4295123,,Complete Genome,43.34,bacillus,0
GCA_002222615.2,HMT-967,Bacteroides,caccae,,ATCC 43185,1,4570803,,Complete Genome,41.91,bacteroides,0
GCA_002959715.1,HMT-967,Bacteroides,caccae,,ATCC 43185,3,4577788,,Contig,41.9,bacteroides,0
GCA_016726305.1,HMT-967,Bacteroides,caccae,,FDAARGOS_1097,1,4570941,,Complete Genome,41.91,bacteroides,0
GCA_016889745.1,HMT-967,Bacteroides,caccae,,FDAARGOS_1219,1,4570957,,Complete Genome,41.91,bacteroides,0
GCA_020091545.1,HMT-967,Bacteroides,caccae,,BFG-100,1,5022820,,Complete Genome,42.5,bacteroides,0
GCA_024758425.1,HMT-967,Bacteroides,caccae,,BFG-101,1,5022643,,Complete Genome,42.51,bacteroides,0
GCA_024759085.1,HMT-967,Bacteroides,caccae,,BFG-104,1,5023218,,Complete Genome,42.51,bacteroides,0
GCA_024759505.1,HMT-967,Bacteroides,caccae,,BFG-474,3,5340561,,Complete Genome,42.51,bacteroides,0
GCA_024787725.1,HMT-967,Bacteroides,caccae,,BFG-254,3,5195543,,Contig,42.59,bacteroides,0
GCA_025146315.1,HMT-967,Bacteroides,caccae,,ATCC 43185,1,4570799,,Complete Genome,41.9,bacteroides,0
GCA_002998535.1,HMT-630,Bacteroides,heparinolyticus,,F0111,1,3608975,,Complete Genome,47.25,bacteroides,0
GCA_003932775.1,HMT-630,Bacteroides,heparinolyticus,,OH1047_COT-310,202,3533051,,Contig,47.2,bacteroides,0
GCA_004342845.1,HMT-630,Bacteroides,heparinolyticus,,DSM 23917,69,3643328,,Scaffold,47.19,bacteroides,0
GCA_022772185.1,HMT-630,Bacteroides,heparinolyticus,,SUG503,56,3403240,,Contig,47.1,bacteroides,0
GCA_023425005.1,HMT-630,Bacteroides,heparinolyticus,,OH_SBB_74,187,2997541,,Contig,47.62,bacteroides,0
GCA_023436275.1,HMT-630,Bacteroides,heparinolyticus,,OH_CDB_24,61,3413047,,Contig,47.24,bacteroides,0
GCA_900683665.1,HMT-630,Bacteroides,heparinolyticus,,3012STDY7078512,7,3685643,,Contig,47.21,bacteroides,0
GCA_945829905.1,HMT-630,Bacteroides,heparinolyticus,,SRR5240741_bin.24_metaWRAP_v1.3_MAG,82,3515734,yes,Contig,47.22,bacteroides,0
GCA_945869495.1,HMT-630,Bacteroides,heparinolyticus,,ERR1855539_bin.12_metaWRAP_v1.3_MAG,81,3373383,yes,Contig,47.37,bacteroides,0
GCA_945917645.1,HMT-630,Bacteroides,heparinolyticus,,SRR15057927_bin.23_metaWRAP_v1.3_MAG,71,3425605,yes,Contig,47.16,bacteroides,0
GCA_001314995.1,HMT-968,Bacteroides,ovatus,,ATCC 8483,1,6472489,,Complete Genome,41.88,bacteroides,0
GCA_009734165.1,HMT-968,Bacteroides,ovatus,,FDAARGOS_733,1,6571392,,Complete Genome,41.98,bacteroides,0
GCA_016894185.1,HMT-968,Bacteroides,ovatus,,FDAARGOS_1235,1,6425267,,Chromosome,41.91,bacteroides,0
GCA_020149745.1,HMT-968,Bacteroides,ovatus,,FDAARGOS_1516,1,6434576,,Chromosome,41.88,bacteroides,0
GCA_024758285.1,HMT-968,Bacteroides,ovatus,,BFG-464,1,6835259,,Chromosome,42.2,bacteroides,0
GCA_024758985.1,HMT-968,Bacteroides,ovatus,,BFG-465,1,6838003,,Chromosome,42.2,bacteroides,0
GCA_025146775.1,HMT-968,Bacteroides,ovatus,,ATCC 8483,1,6472384,,Complete Genome,41.88,bacteroides,0
GCA_900095495.1,HMT-968,Bacteroides,ovatus,,V975,1,6475296,,Complete Genome,41.88,bacteroides,0
GCA_918258265.1,HMT-968,Bacteroides,ovatus,,VPIC145,1,7082243,,Complete Genome,41.61,bacteroides,0
GCA_918292745.1,HMT-968,Bacteroides,ovatus,,VPI435,2,6262417,,Contig,41.67,bacteroides,0
GCA_000428105.1,HMT-787,Bacteroides,pyogenes,,DSM 20611,73,3427038,,Scaffold,45.76,bacteroides,0
GCA_000511735.1,HMT-787,Bacteroides,pyogenes,,JCM 6292,112,3405221,,Contig,45.73,bacteroides,0
GCA_000511755.1,HMT-787,Bacteroides,pyogenes,,JCM 6294,107,3404843,,Contig,45.73,bacteroides,0
GCA_000511775.1,HMT-787,Bacteroides,pyogenes,,JCM 10003,95,3379354,,Contig,46.22,bacteroides,0
GCA_008121405.1,HMT-787,Bacteroides,pyogenes,,KG-29,115,3371970,,Contig,45.98,bacteroides,0
GCA_014196225.1,HMT-787,Bacteroides,pyogenes,,DSM 19673,43,3394239,,Scaffold,46.26,bacteroides,0
GCA_018206015.1,HMT-787,Bacteroides,pyogenes,,DD22,132,3347679,,Contig,46.09,bacteroides,0
GCA_018206295.1,HMT-787,Bacteroides,pyogenes,,DD33,132,3347772,,Contig,46.09,bacteroides,0
GCA_021532155.1,HMT-787,Bacteroides,pyogenes,,ET44,132,3309443,,Contig,45.78,bacteroides,0
GCA_900445575.1,HMT-787,Bacteroides,pyogenes,,NCTC11853,4,3495913,,Contig,46.19,bacteroides,0
GCA_000154525.1,HMT-969,Bacteroides,stercoris,,ATCC 43183,17,4009829,,Scaffold,45.83,bacteroides,0
GCA_000413395.1,HMT-969,Bacteroides,stercoris,,CC31F,10,4102660,,Scaffold,46.91,bacteroides,0
GCA_003464965.1,HMT-969,Bacteroides,stercoris,,AF12-7,45,4015577,,Scaffold,46.12,bacteroides,0
GCA_019734215.1,HMT-969,Bacteroides,stercoris,,K11,59,3906938,,Scaffold,46.09,bacteroides,0
GCA_020091485.1,HMT-969,Bacteroides,stercoris,,BFG-121,1,3883826,,Complete Genome,45.84,bacteroides,0
GCA_024792395.1,HMT-969,Bacteroides,stercoris,,BFG-382,3,4148508,,Contig,45.68,bacteroides,0
GCA_024793125.1,HMT-969,Bacteroides,stercoris,,BFG-407,6,4162344,,Contig,46.0,bacteroides,0
GCA_025147325.1,HMT-969,Bacteroides,stercoris,,ATCC 43183,1,4007931,,Complete Genome,45.86,bacteroides,0
GCA_027686445.1,HMT-969,Bacteroides,stercoris,,AF102-42,47,3900626,,Scaffold,46.0,bacteroides,0
GCA_028399565.1,HMT-969,Bacteroides,stercoris,,1001283st1_H1_1001283B150304_161114,61,3928105,,Scaffold,45.87,bacteroides,0
GCA_001314975.1,HMT-970,Bacteroides,thetaiotaomicron,,7330,1,6487685,,Complete Genome,42.69,bacteroides,0
GCA_014131755.1,HMT-970,Bacteroides,thetaiotaomicron,,DSM 2079,2,6304193,,Complete Genome,42.88,bacteroides,0
GCA_018291825.1,HMT-970,Bacteroides,thetaiotaomicron,,CL06T03C18,1,5830764,,Complete Genome,42.8,bacteroides,0
GCA_020091305.1,HMT-970,Bacteroides,thetaiotaomicron,,BFG-55,1,6337561,,Complete Genome,42.84,bacteroides,0
GCA_024758405.1,HMT-970,Bacteroides,thetaiotaomicron,,BFG-129,1,6282330,,Complete Genome,42.77,bacteroides,0
GCA_024758865.1,HMT-970,Bacteroides,thetaiotaomicron,,BFG-169,1,6057350,,Complete Genome,42.94,bacteroides,0
GCA_024758905.1,HMT-970,Bacteroides,thetaiotaomicron,,BFG-109,1,5957022,,Complete Genome,43.07,bacteroides,0
GCA_024759265.1,HMT-970,Bacteroides,thetaiotaomicron,,BFG-498,2,6107487,,Complete Genome,42.76,bacteroides,0
GCA_024787025.1,HMT-970,Bacteroides,thetaiotaomicron,,BFG-146,2,6111721,,Contig,42.93,bacteroides,0
GCA_024789025.1,HMT-970,Bacteroides,thetaiotaomicron,,BFG-350,2,6712364,,Contig,43.13,bacteroides,0
GCA_004328515.1,HMT-971,Bacteroides,uniformis,,A1C1,1,4502190,,Complete Genome,46.04,bacteroides,0
GCA_014287575.1,HMT-971,Bacteroides,uniformis,,NSJ-21,2,4129429,,Contig,46.32,bacteroides,0
GCA_015679285.1,HMT-971,Bacteroides,uniformis,,HF-162,1,4384378,,Complete Genome,46.24,bacteroides,0
GCA_016117815.1,HMT-971,Bacteroides,uniformis,,FDAARGOS_901,1,4728573,,Chromosome,46.48,bacteroides,0
GCA_017309675.2,HMT-971,Bacteroides,uniformis,,KGMB07931,1,4240638,,Complete Genome,46.26,bacteroides,0
GCA_018292165.1,HMT-971,Bacteroides,uniformis,,CL03T12C37,2,4920161,,Complete Genome,46.2,bacteroides,0
GCA_020550085.1,HMT-971,Bacteroides,uniformis,,KGMB10229,1,4248411,,Complete Genome,46.26,bacteroides,0
GCA_022834995.1,HMT-971,Bacteroides,uniformis,,CE91-St12,2,4839343,,Contig,46.35,bacteroides,0
GCA_024788785.1,HMT-971,Bacteroides,uniformis,,BFG-213,2,4735906,,Contig,46.33,bacteroides,0
GCA_025147485.1,HMT-971,Bacteroides,uniformis,,ATCC 8492,1,4629452,,Complete Genome,46.55,bacteroides,0
GCA_006546965.1,HMT-972,Bacteroides,xylanisolvens,,H207,3,6547285,,Complete Genome,41.82,bacteroides,0
GCA_018279805.1,HMT-972,Bacteroides,xylanisolvens,,APCS1/XY,3,6470801,,Complete Genome,42.24,bacteroides,0
GCA_018289035.1,HMT-972,Bacteroides,xylanisolvens,,CL11T00C41,4,6827031,,Complete Genome,42.04,bacteroides,0
GCA_018289135.1,HMT-972,Bacteroides,xylanisolvens,,CL11T00C03,4,6558523,,Complete Genome,42.08,bacteroides,0
GCA_018492835.1,HMT-972,Bacteroides,xylanisolvens,,CL03T12C04,3,5895426,,Contig,42.16,bacteroides,0
GCA_024758345.1,HMT-972,Bacteroides,xylanisolvens,,BFG-514,1,6481087,,Complete Genome,41.85,bacteroides,0
GCA_024759125.1,HMT-972,Bacteroides,xylanisolvens,,BFG-319,1,6778845,,Complete Genome,42.18,bacteroides,0
GCA_024759865.1,HMT-972,Bacteroides,xylanisolvens,,BFG-566,4,6717551,,Complete Genome,42.24,bacteroides,0
GCA_024793755.1,HMT-972,Bacteroides,xylanisolvens,,BFG-193,2,6245945,,Contig,41.95,bacteroides,0
GCA_029369765.1,HMT-972,Bacteroides,xylanisolvens,,AY11-1,1,6530506,,Complete Genome,42.12,bacteroides,0
GCA_002998435.1,HMT-465,Bacteroides,zoogleoformans,,ATCC 33285,1,3361794,,Complete Genome,47.46,bacteroides,0
GCA_007830715.1,HMT-465,Bacteroides,zoogleoformans,,ATCC 33285,65,3258213,,Scaffold,47.44,bacteroides,0
GCA_938041125.1,HMT-465,Bacteroides,zoogleoformans,,ERR589356_bin.51_CONCOCT_v1.1_MAG,92,3180430,yes,Contig,47.37,bacteroides,0
GCA_000385435.1,HMT-001,Bartonella,schoenbuchensis,,m07a,5,1680471,,Scaffold,37.77,bartonella,0
GCA_002022685.1,HMT-001,Bartonella,schoenbuchensis,,R1,2,1728487,,Chromosome,37.85,bartonella,0
GCA_014138465.1,HMT-001,Bartonella,schoenbuchensis,,DSM 21431,33,1565755,,Scaffold,37.54,bartonella,0
GCA_902810545.1,HMT-001,Bartonella,schoenbuchensis,,CCUG 50783,98,1576519,,Scaffold,37.38,bartonella,0
GCA_000260715.1,HMT-895,Bifidobacterium,animalis,,ATCC 25527,1,1932693,,Complete Genome,60.47,bifidobacterium,0
GCA_000471945.1,HMT-895,Bifidobacterium,animalis,,ATCC 27673,1,1963012,,Complete Genome,60.63,bifidobacterium,0
GCA_000741485.1,HMT-895,Bifidobacterium,animalis,,LMG 10508,13,1915007,,Contig,60.47,bifidobacterium,0
GCA_000816205.1,HMT-895,Bifidobacterium,animalis,,KLDS2.0603,1,1946899,,Complete Genome,60.48,bifidobacterium,0
GCA_000818055.1,HMT-895,Bifidobacterium,animalis,,BF052,1,1938624,,Complete Genome,60.48,bifidobacterium,0
GCA_001688645.2,HMT-895,Bifidobacterium,animalis,,YL2,1,2027369,,Complete Genome,60.21,bifidobacterium,0
GCA_015377505.1,HMT-895,Bifidobacterium,animalis,,TK-J6A,1,1944283,,Complete Genome,60.49,bifidobacterium,0
GCA_023375105.1,HMT-895,Bifidobacterium,animalis,,BLa80,1,1935434,,Complete Genome,60.49,bifidobacterium,0
GCA_023704215.1,HMT-895,Bifidobacterium,animalis,,HY8002,1,1944140,,Complete Genome,60.49,bifidobacterium,0
GCA_902387355.1,HMT-895,Bifidobacterium,animalis,,MGYG-HGUT-02459,1,1958651,,Complete Genome,60.49,bifidobacterium,0
GCA_000158015.1,HMT-889,Bifidobacterium,breve,,DSM 20213,103,2331386,,Scaffold,58.49,bifidobacterium,0
GCA_000771305.1,HMT-889,Bifidobacterium,breve,,DSM 20213,29,2257131,,Contig,58.87,bifidobacterium,0
GCA_001025175.1,HMT-889,Bifidobacterium,breve,,JCM 1192,1,2269415,,Complete Genome,58.89,bifidobacterium,0
GCA_002838445.1,HMT-889,Bifidobacterium,breve,,DRBB27,1,2435083,,Complete Genome,58.89,bifidobacterium,0
GCA_002838665.1,HMT-889,Bifidobacterium,breve,,NRBB27,1,2289838,,Complete Genome,58.59,bifidobacterium,0
GCA_002838685.1,HMT-889,Bifidobacterium,breve,,NRBB49,1,2289791,,Complete Genome,58.59,bifidobacterium,0
GCA_013267755.1,HMT-889,Bifidobacterium,breve,,JTL,1,2289549,,Complete Genome,58.53,bifidobacterium,0
GCA_024665435.1,HMT-889,Bifidobacterium,breve,,BIF195,2,2336700,,Complete Genome,58.71,bifidobacterium,0
GCA_900637145.1,HMT-889,Bifidobacterium,breve,,NCTC11815,1,2275664,,Complete Genome,58.89,bifidobacterium,0
GCA_000024445.1,HMT-588,Bifidobacterium,dentium,,Bd1,1,2636367,,Complete Genome,58.54,bifidobacterium,0
GCA_000172135.1,HMT-588,Bifidobacterium,dentium,,ATCC 27678,2,2642081,,Contig,58.52,bifidobacterium,0
GCA_000771725.1,HMT-588,Bifidobacterium,dentium,,DSM 20436,32,2614783,,Contig,58.5,bifidobacterium,0
GCA_001042595.1,HMT-588,Bifidobacterium,dentium,,JCM 1195,1,2635669,,Complete Genome,58.54,bifidobacterium,0
GCA_015703885.1,HMT-588,Bifidobacterium,dentium,,181B,10,2523858,,Contig,58.45,bifidobacterium,0
GCA_017743195.1,HMT-588,Bifidobacterium,dentium,,N8,1,2535489,,Complete Genome,58.52,bifidobacterium,0
GCA_017743215.1,HMT-588,Bifidobacterium,dentium,,E7,1,2552511,,Complete Genome,58.29,bifidobacterium,0
GCA_900105745.1,HMT-588,Bifidobacterium,dentium,,DSM 20436,2,2668067,,Contig,58.55,bifidobacterium,0
GCA_900637175.1,HMT-588,Bifidobacterium,dentium,,NCTC11816,1,2635828,,Complete Genome,58.54,bifidobacterium,0
GCA_902374185.1,HMT-588,Bifidobacterium,dentium,,MGYG-HGUT-01354,2,2642081,,Contig,58.52,bifidobacterium,0
GCA_000196555.1,HMT-862,Bifidobacterium,longum,,JCM 1217,1,2385164,,Complete Genome,60.33,bifidobacterium,0
GCA_000741245.1,HMT-862,Bifidobacterium,longum,,LMG 13197,8,2384703,,Contig,60.33,bifidobacterium,0
GCA_017132775.1,HMT-862,Bifidobacterium,longum,,KCTC 3128,1,2403825,,Complete Genome,60.33,bifidobacterium,0
GCA_020353915.1,HMT-862,Bifidobacterium,longum,,NBRC 114494,3,2534372,,Complete Genome,60.11,bifidobacterium,0
GCA_023242235.1,HMT-862,Bifidobacterium,longum,,W13,1,2335916,,Complete Genome,60.04,bifidobacterium,0
GCA_030450025.1,HMT-862,Bifidobacterium,longum,,XZM1,1,2528511,,Complete Genome,60.12,bifidobacterium,0
GCA_900104835.1,HMT-862,Bifidobacterium,longum,,DSM 20219,6,2449019,,Contig,60.25,bifidobacterium,0
GCA_900637335.1,HMT-862,Bifidobacterium,longum,,NCTC11818,1,2385160,,Complete Genome,60.33,bifidobacterium,0
GCA_000741405.1,HMT-891,Bifidobacterium,scardovii,,LMG 21589,34,3141793,,Contig,64.64,bifidobacterium,0
GCA_000770985.1,HMT-891,Bifidobacterium,scardovii,,DSM 13734,136,3146618,,Contig,64.66,bifidobacterium,0
GCA_001005065.1,HMT-891,Bifidobacterium,scardovii,,DSM 13734,57,3143954,,Contig,64.64,bifidobacterium,0
GCA_001042635.1,HMT-891,Bifidobacterium,scardovii,,JCM 12489,1,3158347,,Complete Genome,64.63,bifidobacterium,0
GCA_001059475.1,HMT-891,Bifidobacterium,scardovii,,981_BLON,150,3121288,,Contig,64.76,bifidobacterium,0
GCA_018380915.1,HMT-891,Bifidobacterium,scardovii,,L2_039_000G1_dasL2_039_000G1_concoct_54,101,3001014,yes,Contig,64.81,bifidobacterium,0
GCA_905371925.1,HMT-891,Bifidobacterium,scardovii,,SRR9217392-mag-bin.14,119,3023256,yes,Contig,64.84,bifidobacterium,0
GCA_000426405.1,HMT-890,Bifidobacterium,subtile,,DSM 20096,32,2765266,,Contig,60.93,bifidobacterium,0
GCA_000741775.1,HMT-890,Bifidobacterium,subtile,,LMG 11597,27,2790088,,Contig,60.92,bifidobacterium,0
GCA_000771185.1,HMT-890,Bifidobacterium,subtile,,DSM 20096,75,2761997,,Contig,60.93,bifidobacterium,0
GCA_014898195.1,HMT-890,Bifidobacterium,subtile,,KCTC 3272,1,2822354,,Complete Genome,60.97,bifidobacterium,0
GCA_022641135.1,HMT-890,Bifidobacterium,subtile,,UW_MP_BIF14_1,50,2186116,,Contig,61.15,bifidobacterium,0
GCA_000306945.1,HMT-828,Bordetella,pertussis,,18323,1,4043846,,Complete Genome,67.69,bordetella,0
GCA_001509915.1,HMT-828,Bordetella,pertussis,,I979,1,4082551,,Complete Genome,67.71,bordetella,0
GCA_001598655.1,HMT-828,Bordetella,pertussis,,NBRC 13691,193,5115418,,Contig,68.26,bordetella,0
GCA_001985445.1,HMT-828,Bordetella,pertussis,,H784,1,4106396,,Complete Genome,67.71,bordetella,0
GCA_001988495.1,HMT-828,Bordetella,pertussis,,J300,1,4105330,,Complete Genome,67.71,bordetella,0
GCA_004635725.1,HMT-828,Bordetella,pertussis,,J693,1,4105318,,Complete Genome,67.71,bordetella,0
GCA_004635905.1,HMT-828,Bordetella,pertussis,,J603,1,4112699,,Complete Genome,67.7,bordetella,0
GCA_900445725.1,HMT-828,Bordetella,pertussis,,NCTC452,2,5173845,,Contig,68.24,bordetella,0
GCA_900445785.1,HMT-828,Bordetella,pertussis,,NCTC5952,2,4775492,,Contig,68.1,bordetella,0
GCA_000379145.1,HMT-597,Bradyrhizobium,elkanii,,USDA 76,2,9484767,,Scaffold,63.73,bradyrhizobium,0
GCA_006539665.1,HMT-597,Bradyrhizobium,elkanii,,NBRC 14791,289,9260234,,Contig,63.75,bradyrhizobium,0
GCA_012871055.1,HMT-597,Bradyrhizobium,elkanii,,USDA 61,2,9649995,,Complete Genome,63.69,bradyrhizobium,0
GCA_015291305.1,HMT-597,Bradyrhizobium,elkanii,,CCBAU 21365,1,9482549,,Complete Genome,63.74,bradyrhizobium,0
GCA_023278185.1,HMT-597,Bradyrhizobium,elkanii,,USDA 76,2,9518205,,Complete Genome,63.71,bradyrhizobium,0
GCA_030583585.1,HMT-597,Bradyrhizobium,elkanii,,K07G-Be,2,9809455,,Complete Genome,63.63,bradyrhizobium,0
GCA_030584725.1,HMT-597,Bradyrhizobium,elkanii,,K03I-Be,1,9249796,,Complete Genome,63.86,bradyrhizobium,0
GCA_030584765.1,HMT-597,Bradyrhizobium,elkanii,,S07J-Be,1,9563136,,Complete Genome,63.7,bradyrhizobium,0
GCA_030585185.1,HMT-597,Bradyrhizobium,elkanii,,K03D-Be,3,9982772,,Complete Genome,63.65,bradyrhizobium,0
GCA_030585205.1,HMT-597,Bradyrhizobium,elkanii,,S05J-Be,2,9644547,,Complete Genome,63.68,bradyrhizobium,0
GCA_016907735.1,HMT-340,Brevibacterium,paucivorans,,DSM 13657,1,2410104,,Contig,58.32,brevibacterium,0
GCA_022346365.1,HMT-340,Brevibacterium,paucivorans,,ACRRH,22,2466009,,Contig,58.42,brevibacterium,0
GCA_946220875.1,HMT-340,Brevibacterium,paucivorans,,KIZcLlzh1D_bin.1.MAG,163,2354452,yes,Contig,58.21,brevibacterium,0
GCA_946221605.1,HMT-340,Brevibacterium,paucivorans,,jyXc63ftR2_bin.7.MAG,28,2374123,yes,Contig,58.3,brevibacterium,0
GCA_002205555.1,HMT-590,Brevundimonas,diminuta,,BZC3,1,3385620,,Chromosome,67.38,brevundimonas,0
GCA_004102925.1,HMT-590,Brevundimonas,diminuta,,ATCC(B) 19146,1,3551819,,Complete Genome,67.43,brevundimonas,0
GCA_016127655.1,HMT-590,Brevundimonas,diminuta,,FDAARGOS_1026,1,3549082,,Complete Genome,67.43,brevundimonas,0
GCA_024129415.1,HMT-590,Brevundimonas,diminuta,,S 4446-13,8,3281946,,Contig,66.91,brevundimonas,0
GCA_024129445.1,HMT-590,Brevundimonas,diminuta,,S 4446-7,12,3281034,,Contig,66.91,brevundimonas,0
GCA_027158175.1,HMT-590,Brevundimonas,diminuta,,R79,14,3359331,,Contig,67.26,brevundimonas,0
GCA_900445915.1,HMT-590,Brevundimonas,diminuta,,NCTC11164,12,3408470,,Contig,67.38,brevundimonas,0
GCA_900445995.1,HMT-590,Brevundimonas,diminuta,,NCTC8545,2,3438815,,Contig,67.26,brevundimonas,0
GCA_901421975.1,HMT-590,Brevundimonas,diminuta,,NCTC9239,1,3383349,,Complete Genome,67.35,brevundimonas,0
GCA_000525935.1,HMT-241,Brochothrix,thermosphacta,,FSL F6-1036,67,2529115,,Contig,36.35,brochothrix,0
GCA_000620985.1,HMT-241,Brochothrix,thermosphacta,,DSM 20171,29,2503118,,Scaffold,36.38,brochothrix,0
GCA_001703515.1,HMT-241,Brochothrix,thermosphacta,,TMW 2.1564,2,2578375,,Complete Genome,36.39,brochothrix,0
GCA_001703535.1,HMT-241,Brochothrix,thermosphacta,,TMW 2.1572,2,2614544,,Complete Genome,36.51,brochothrix,0
GCA_001715655.1,HMT-241,Brochothrix,thermosphacta,,DSM 20171,41,2494302,,Scaffold,36.39,brochothrix,0
GCA_001715725.1,HMT-241,Brochothrix,thermosphacta,,Bth-7810,22,2471990,,Contig,36.4,brochothrix,0
GCA_002381265.1,HMT-241,Brochothrix,thermosphacta,,BI,1,2647794,,Complete Genome,36.44,brochothrix,0
GCA_002442515.1,HMT-241,Brochothrix,thermosphacta,,BII,1,2603084,,Complete Genome,36.47,brochothrix,0
GCA_030503795.1,HMT-241,Brochothrix,thermosphacta,,DH-B18,1,2558019,,Complete Genome,36.53,brochothrix,0
GCA_900332045.1,HMT-241,Brochothrix,thermosphacta,,CD 337,1,2594377,,Complete Genome,36.46,brochothrix,0
GCA_000413315.1,HMT-192,Brooklawnia,sp. HMT-192,,F0372,2,2711056,,Scaffold,61.47,brooklawnia,0
GCA_938041425.1,HMT-192,Brooklawnia,sp. HMT-192,,ERR589597_bin.67_CONCOCT_v1.1_MAG,675,2612327,yes,Contig,61.56,brooklawnia,0
GCA_000017405.1,HMT-544,Brucella,anthropi,,ATCC 49188,6,5205777,,Complete Genome,56.13,brucella,0
GCA_002252535.1,HMT-544,Brucella,anthropi,,LUP21,65,5582813,,Contig,56.35,brucella,0
GCA_009017375.1,HMT-544,Brucella,anthropi,,T16R-87,2,4736879,,Complete Genome,55.96,brucella,0
GCA_015326295.1,HMT-544,Brucella,anthropi,,PBO,3,4858647,,Complete Genome,56.11,brucella,0
GCA_017792125.1,HMT-544,Brucella,anthropi,,EEELCW01,2,4714242,,Complete Genome,55.99,brucella,0
GCA_024799785.1,HMT-544,Brucella,anthropi,,CGMCC 1.17299,5,5233853,,Complete Genome,55.99,brucella,0
GCA_025908475.1,HMT-544,Brucella,anthropi,,MAB-22,4,4827192,,Complete Genome,56.33,brucella,0
GCA_030518775.1,HMT-544,Brucella,anthropi,,MWF001,2,5111417,,Complete Genome,56.44,brucella,0
GCA_900454235.1,HMT-544,Brucella,anthropi,,NCTC12168,5,5239764,,Contig,56.12,brucella,0
GCA_000177375.1,HMT-603,Bulleidia,extructa,,W1219,16,1419583,,Contig,36.28,bulleidia,0
GCA_905373065.1,HMT-603,Bulleidia,extructa,,SRR9217449-mag-bin.2,94,1266912,yes,Contig,36.38,bulleidia,0
GCA_938029445.1,HMT-603,Bulleidia,extructa,,ERR589371_bin.95_CONCOCT_v1.1_MAG,289,1157370,yes,Contig,36.43,bulleidia,0
GCA_000292915.1,HMT-571,Burkholderia,cepacia,,GG4,2,6467321,,Complete Genome,66.68,burkholderia,0
GCA_000473485.1,HMT-571,Burkholderia,cepacia,,ATCC 25416,4,8612710,,Scaffold,66.6,burkholderia,0
GCA_001411495.1,HMT-571,Burkholderia,cepacia,,UCB 717,4,8605945,,Complete Genome,66.61,burkholderia,0
GCA_001528845.1,HMT-571,Burkholderia,cepacia,,NBRC 14074,110,8486058,,Contig,66.67,burkholderia,0
GCA_001718835.1,HMT-571,Burkholderia,cepacia,,MSMB1184WGS,3,8003631,,Complete Genome,66.39,burkholderia,0
GCA_003294055.1,HMT-571,Burkholderia,cepacia,,BE51,182,8933938,,Contig,66.37,burkholderia,0
GCA_003546465.1,HMT-571,Burkholderia,cepacia,,ATCC 25416,4,8567011,,Complete Genome,66.61,burkholderia,0
GCA_006094315.1,HMT-571,Burkholderia,cepacia,,ATCC 25416,5,8574389,,Complete Genome,66.59,burkholderia,0
GCA_024600575.1,HMT-571,Burkholderia,cepacia,,N3009-2YT,3,8425983,,Complete Genome,66.64,burkholderia,0
GCA_900446175.1,HMT-571,Burkholderia,cepacia,,NCTC10743,13,8554913,,Contig,66.6,burkholderia,0
GCA_000281175.1,HMT-994,Caldilinea,aerophila,,DSM 14535,1,5144873,,Complete Genome,58.77,caldilinea,0
GCA_000017725.2,HMT-433,Campylobacter,concisus,,13826,3,2099413,,Complete Genome,39.27,campylobacter,0
GCA_000238755.1,HMT-433,Campylobacter,concisus,,10_1_50,13,1895632,,Scaffold,39.73,campylobacter,0
GCA_000259315.1,HMT-433,Campylobacter,concisus,,UNSWCD,86,1778912,,Contig,39.79,campylobacter,0
GCA_000466645.1,HMT-433,Campylobacter,concisus,,UNSW3,61,1907025,,Contig,39.59,campylobacter,0
GCA_000466665.1,HMT-433,Campylobacter,concisus,,UNSW1,72,1937132,,Contig,39.51,campylobacter,0
GCA_000466685.1,HMT-433,Campylobacter,concisus,,UNSWCS,177,2108730,,Contig,39.25,campylobacter,0
GCA_000466705.1,HMT-433,Campylobacter,concisus,,ATCC 51561,69,1995701,,Contig,39.64,campylobacter,0
GCA_002165815.1,HMT-433,Campylobacter,concisus,,CCUG 19995,44,2105146,,Contig,39.38,campylobacter,0
GCA_002165825.1,HMT-433,Campylobacter,concisus,,Lasto127.99,44,2027572,,Contig,39.39,campylobacter,0
GCA_002912505.1,HMT-433,Campylobacter,concisus,,AAUH-2HCtra,97,2003790,,Contig,39.42,campylobacter,0
GCA_002912595.1,HMT-433,Campylobacter,concisus,,AAUH-47UCil,73,1945076,,Contig,39.78,campylobacter,0
GCA_002912605.1,HMT-433,Campylobacter,concisus,,AAUH-48UCil-a,61,1971116,,Contig,39.7,campylobacter,0
GCA_002912675.1,HMT-433,Campylobacter,concisus,,AAUH-47UCil-a,93,1923545,,Contig,39.8,campylobacter,0
GCA_002912705.1,HMT-433,Campylobacter,concisus,,AAUH-10HCdes,56,1895385,,Contig,39.57,campylobacter,0
GCA_002912735.1,HMT-433,Campylobacter,concisus,,AAUH-10HCdes3,66,1910929,,Contig,39.59,campylobacter,0
GCA_002912805.1,HMT-433,Campylobacter,concisus,,AAUH-10HCdes4,98,1900837,,Contig,39.64,campylobacter,0
GCA_002913195.1,HMT-433,Campylobacter,concisus,,AAUH-15UCpp,56,1911784,,Contig,39.67,campylobacter,0
GCA_002913245.1,HMT-433,Campylobacter,concisus,,AAUH-35UCil2-a,53,1931293,,Contig,39.52,campylobacter,0
GCA_002913265.1,HMT-433,Campylobacter,concisus,,AAUH-35UCil3-a,45,1927468,,Contig,39.52,campylobacter,0
GCA_002913305.1,HMT-433,Campylobacter,concisus,,AAUH-3UCce2,57,1935991,,Contig,39.53,campylobacter,0
GCA_002913325.1,HMT-433,Campylobacter,concisus,,AAUH-35UCpp,47,1938662,,Contig,39.48,campylobacter,0
GCA_002913385.1,HMT-433,Campylobacter,concisus,,AAUH-43UCf,69,1866885,,Contig,39.58,campylobacter,0
GCA_002913465.1,HMT-433,Campylobacter,concisus,,AAUH-8UCo,52,1784370,,Contig,39.51,campylobacter,0
GCA_002913525.1,HMT-433,Campylobacter,concisus,,AAUH-11UCsig-a,46,2003321,,Contig,39.49,campylobacter,0
GCA_002913545.1,HMT-433,Campylobacter,concisus,,AAUH-9UCpp,133,1887759,,Contig,39.49,campylobacter,0
GCA_002913635.1,HMT-433,Campylobacter,concisus,,AAUH-43UCce-a,206,2036019,,Contig,39.92,campylobacter,0
GCA_002913665.1,HMT-433,Campylobacter,concisus,,AAUH-15UCdp-a,203,2073774,,Contig,39.48,campylobacter,0
GCA_002913765.1,HMT-433,Campylobacter,concisus,,AAUH-10UCil-a,29,2034805,,Contig,39.44,campylobacter,0
GCA_002913785.1,HMT-433,Campylobacter,concisus,,AAUH-22UCpp-a,51,2046564,,Contig,39.54,campylobacter,0
GCA_002913895.1,HMT-433,Campylobacter,concisus,,AAUH-48UCdp-a,212,1928844,,Contig,39.76,campylobacter,0
GCA_002914045.1,HMT-433,Campylobacter,concisus,,AAUH-25Df,57,1819775,,Contig,39.78,campylobacter,0
GCA_002914085.1,HMT-433,Campylobacter,concisus,,AAUH-9UCdp,54,1766858,,Contig,39.68,campylobacter,0
GCA_002914325.1,HMT-433,Campylobacter,concisus,,AAUH-16UCdp5,58,2045531,,Contig,39.48,campylobacter,0
GCA_002914345.1,HMT-433,Campylobacter,concisus,,AAUH-10UCf2,55,2004369,,Contig,39.58,campylobacter,0
GCA_003048375.1,HMT-433,Campylobacter,concisus,,P2CDO4,2,2095236,,Complete Genome,39.23,campylobacter,0
GCA_003048445.1,HMT-433,Campylobacter,concisus,,P26UCO-S1,41,2076862,,Contig,39.36,campylobacter,0
GCA_003048605.1,HMT-433,Campylobacter,concisus,,H11O-S2,18,1948821,,Contig,39.66,campylobacter,0
GCA_003048615.2,HMT-433,Campylobacter,concisus,,H16O-S1,1,1987364,,Complete Genome,39.28,campylobacter,0
GCA_003048645.1,HMT-433,Campylobacter,concisus,,P16UCO-S2,11,1979247,,Contig,39.59,campylobacter,0
GCA_003048675.2,HMT-433,Campylobacter,concisus,,P1CDO2,1,2031332,,Complete Genome,39.42,campylobacter,0
GCA_003048685.2,HMT-433,Campylobacter,concisus,,P1CDO3,1,2051359,,Complete Genome,39.44,campylobacter,0
GCA_003048705.1,HMT-433,Campylobacter,concisus,,H29O-S1,47,1998791,,Contig,39.37,campylobacter,0
GCA_003048765.1,HMT-433,Campylobacter,concisus,,P27CDO-S1,29,1997063,,Scaffold,39.31,campylobacter,0
GCA_003048815.1,HMT-433,Campylobacter,concisus,,H9O-S1,19,2085913,,Contig,39.22,campylobacter,0
GCA_003048835.2,HMT-433,Campylobacter,concisus,,P13UCO-S1,2,2002415,,Complete Genome,39.39,campylobacter,0
GCA_003048845.1,HMT-433,Campylobacter,concisus,,P16UCO-S1,24,1923266,,Contig,39.45,campylobacter,0
GCA_003048875.2,HMT-433,Campylobacter,concisus,,P11CDO-S1,2,2028838,,Complete Genome,39.47,campylobacter,0
GCA_003048895.1,HMT-433,Campylobacter,concisus,,P7UCO-S2,26,1971692,,Contig,39.69,campylobacter,0
GCA_003048985.1,HMT-433,Campylobacter,concisus,,H20O-S1,26,2001690,,Contig,39.36,campylobacter,0
GCA_003049025.1,HMT-433,Campylobacter,concisus,,H11O-S1,26,1980595,,Scaffold,39.4,campylobacter,0
GCA_003049045.1,HMT-433,Campylobacter,concisus,,H7O-S1,17,1942077,,Contig,39.25,campylobacter,0
GCA_003049065.1,HMT-433,Campylobacter,concisus,,H3O1,22,1938159,,Contig,39.71,campylobacter,0
GCA_003116505.1,HMT-433,Campylobacter,concisus,,H19O-S1,31,2008280,,Scaffold,39.54,campylobacter,0
GCA_015163675.1,HMT-433,Campylobacter,concisus,,D2833,3,1985565,,Contig,39.69,campylobacter,0
GCA_015229935.1,HMT-433,Campylobacter,concisus,,H36O-S1,35,2032298,,Contig,39.5,campylobacter,0
GCA_015229965.1,HMT-433,Campylobacter,concisus,,H33O-S1,54,2081174,,Contig,39.43,campylobacter,0
GCA_015230015.1,HMT-433,Campylobacter,concisus,,H32O-S2,39,2013281,,Contig,39.61,campylobacter,0
GCA_015230035.1,HMT-433,Campylobacter,concisus,,H32O-S1,29,1978079,,Contig,39.31,campylobacter,0
GCA_015230075.1,HMT-433,Campylobacter,concisus,,H31O-S1,27,1906383,,Contig,39.34,campylobacter,0
GCA_015679945.1,HMT-433,Campylobacter,concisus,,P15UCO-S2,3,1946644,,Complete Genome,39.46,campylobacter,0
GCA_015680025.1,HMT-433,Campylobacter,concisus,,H9O-S2,2,2028901,,Complete Genome,39.68,campylobacter,0
GCA_901874975.1,HMT-433,Campylobacter,concisus,,Campylobacter_concisus_BgEED07,31,1990492,,Contig,39.6,campylobacter,0
GCA_902374575.1,HMT-433,Campylobacter,concisus,,MGYG-HGUT-01392,13,1895632,,Scaffold,39.73,campylobacter,0
GCA_902460455.1,HMT-433,Campylobacter,concisus,,2010-112708,47,2133743,,Scaffold,44.61,campylobacter,0
GCA_902460465.1,HMT-433,Campylobacter,concisus,,2009-75775,52,2145119,,Scaffold,40.89,campylobacter,0
GCA_902460505.1,HMT-433,Campylobacter,concisus,,2010-112100-O,12,2030392,,Scaffold,40.1,campylobacter,0
GCA_902460535.1,HMT-433,Campylobacter,concisus,,2010-112825,15,1913489,,Scaffold,40.4,campylobacter,0
GCA_902460615.1,HMT-433,Campylobacter,concisus,,2010-31374,19,1953836,,Scaffold,41.16,campylobacter,0
GCA_902460635.1,HMT-433,Campylobacter,concisus,,2010-16206,14,1997691,,Scaffold,40.37,campylobacter,0
GCA_902460675.1,HMT-433,Campylobacter,concisus,,2010-131105,7,2051300,,Scaffold,39.98,campylobacter,0
GCA_902460695.1,HMT-433,Campylobacter,concisus,,2010-33561,16,2128539,,Scaffold,40.53,campylobacter,0
GCA_902460715.1,HMT-433,Campylobacter,concisus,,2010-113332-O,7,2069805,,Scaffold,40.53,campylobacter,0
GCA_902460725.1,HMT-433,Campylobacter,concisus,,2010-113862-O,18,1951669,,Scaffold,41.02,campylobacter,0
GCA_902460745.1,HMT-433,Campylobacter,concisus,,2010-36743,13,2104638,,Scaffold,40.73,campylobacter,0
GCA_902460755.1,HMT-433,Campylobacter,concisus,,2013-42088,19,2051445,,Scaffold,41.27,campylobacter,0
GCA_902460815.1,HMT-433,Campylobacter,concisus,,B124_Slimy-small,11,2090450,,Scaffold,39.93,campylobacter,0
GCA_902460825.1,HMT-433,Campylobacter,concisus,,B124_Slimy-large,143,2288052,,Scaffold,42.68,campylobacter,0
GCA_902460915.1,HMT-433,Campylobacter,concisus,,B38_Tiny-mucoid,5,2048069,,Scaffold,40.15,campylobacter,0
GCA_000466745.1,HMT-575,Campylobacter,concisus,,ATCC 51562,21,1841750,,Contig,37.69,campylobacter,0
GCA_001298465.1,HMT-575,Campylobacter,concisus,,ATCC 33237,1,1840041,,Complete Genome,37.62,campylobacter,0
GCA_002165785.1,HMT-575,Campylobacter,concisus,,Lasto28.99,30,1937734,,Contig,37.73,campylobacter,0
GCA_002165895.1,HMT-575,Campylobacter,concisus,,Lasto205.94,39,1891545,,Contig,37.63,campylobacter,0
GCA_002912895.1,HMT-575,Campylobacter,concisus,,AAUH-2010376221,84,1851742,,Contig,37.66,campylobacter,0
GCA_002912995.1,HMT-575,Campylobacter,concisus,,AAUH-12CDti4-a,54,1816514,,Contig,37.61,campylobacter,0
GCA_002913065.1,HMT-575,Campylobacter,concisus,,AAUH-12CDti5-a,37,1821668,,Contig,37.6,campylobacter,0
GCA_002913085.1,HMT-575,Campylobacter,concisus,,AAUH-12CDdes2,55,1784251,,Contig,37.56,campylobacter,0
GCA_002913095.1,HMT-575,Campylobacter,concisus,,AAUH-16UCo-a,60,1862131,,Contig,37.7,campylobacter,0
GCA_002913145.1,HMT-575,Campylobacter,concisus,,AAUH-12CDsig,42,1905355,,Contig,37.36,campylobacter,0
GCA_002913155.1,HMT-575,Campylobacter,concisus,,AAUH-11UCdes-a,62,1744650,,Contig,37.3,campylobacter,0
GCA_002913715.1,HMT-575,Campylobacter,concisus,,AAUH-12CDti2-a,11,1811622,,Contig,37.56,campylobacter,0
GCA_002914065.1,HMT-575,Campylobacter,concisus,,AAUH-12CDtra2-a,41,1820583,,Contig,37.61,campylobacter,0
GCA_002914105.1,HMT-575,Campylobacter,concisus,,AAUH-12CDdes4,38,1857163,,Contig,37.47,campylobacter,0
GCA_002914115.1,HMT-575,Campylobacter,concisus,,AAUH-12CDce,44,1870178,,Contig,37.48,campylobacter,0
GCA_002914145.1,HMT-575,Campylobacter,concisus,,AAUH-16UCf3,66,1884438,,Contig,37.67,campylobacter,0
GCA_002914355.1,HMT-575,Campylobacter,concisus,,AAUH-12CDdes3,73,1800093,,Contig,37.6,campylobacter,0
GCA_003048575.1,HMT-575,Campylobacter,concisus,,H10O-S1,13,1835588,,Contig,37.63,campylobacter,0
GCA_003048595.2,HMT-575,Campylobacter,concisus,,P26UCO-S2,2,1897765,,Complete Genome,37.74,campylobacter,0
GCA_003048695.2,HMT-575,Campylobacter,concisus,,P10CDO-S2,1,1932636,,Complete Genome,37.39,campylobacter,0
GCA_003048755.1,HMT-575,Campylobacter,concisus,,H12O-S1,11,1920100,,Contig,37.52,campylobacter,0
GCA_003048775.2,HMT-575,Campylobacter,concisus,,P27CDO-S2,2,1834912,,Complete Genome,37.6,campylobacter,0
GCA_003048965.1,HMT-575,Campylobacter,concisus,,H26O-S1,6,1838331,,Contig,37.56,campylobacter,0
GCA_003048995.1,HMT-575,Campylobacter,concisus,,H15O-S1,14,1836235,,Contig,37.64,campylobacter,0
GCA_015229985.1,HMT-575,Campylobacter,concisus,,H34O-S1,14,1803340,,Contig,37.59,campylobacter,0
GCA_015679965.1,HMT-575,Campylobacter,concisus,,H1O1,1,1861371,,Complete Genome,37.68,campylobacter,0
GCA_015679985.1,HMT-575,Campylobacter,concisus,,P3UCO1,1,1800519,,Complete Genome,37.69,campylobacter,0
GCA_015680005.1,HMT-575,Campylobacter,concisus,,P3UCB1,1,1831655,,Complete Genome,37.61,campylobacter,0
GCA_902387015.1,HMT-575,Campylobacter,concisus,,MGYG-HGUT-02430,39,1891545,,Contig,37.63,campylobacter,0
GCA_902387035.1,HMT-575,Campylobacter,concisus,,MGYG-HGUT-02435,66,1884438,,Contig,37.67,campylobacter,0
GCA_902387055.1,HMT-575,Campylobacter,concisus,,MGYG-HGUT-02428,30,1937734,,Contig,37.73,campylobacter,0
GCA_902460415.1,HMT-575,Campylobacter,concisus,,2010-112100-F,20,1898749,,Scaffold,39.4,campylobacter,0
GCA_902460445.1,HMT-575,Campylobacter,concisus,,2009-42653,13,2012410,,Scaffold,38.72,campylobacter,0
GCA_902460475.1,HMT-575,Campylobacter,concisus,,2009-173039,17,1903393,,Scaffold,39.1,campylobacter,0
GCA_902460845.1,HMT-575,Campylobacter,concisus,,2012-164712,16,2032479,,Scaffold,38.74,campylobacter,0
GCA_000017465.2,HMT-580,Campylobacter,curvus,,525.92,1,1971270,,Complete Genome,44.54,campylobacter,0
GCA_000287855.1,HMT-580,Campylobacter,curvus,,FOBRC14,19,2142354,,Contig,44.09,campylobacter,0
GCA_000376325.1,HMT-580,Campylobacter,curvus,,DSM 6644,8,1954904,,Contig,44.27,campylobacter,0
GCA_012978875.1,HMT-580,Campylobacter,curvus,,ATCC 35224,24,1950242,,Contig,44.28,campylobacter,0
GCA_012978895.1,HMT-580,Campylobacter,curvus,,370.96,35,2023950,,Contig,43.88,campylobacter,0
GCA_012978915.1,HMT-580,Campylobacter,curvus,,SS167074,28,1962220,,Contig,44.47,campylobacter,0
GCA_012978935.1,HMT-580,Campylobacter,curvus,,SS177624,28,1933223,,Contig,44.56,campylobacter,0
GCA_012978955.1,HMT-580,Campylobacter,curvus,,SS119296,27,1928073,,Contig,44.49,campylobacter,0
GCA_012978975.1,HMT-580,Campylobacter,curvus,,SS174371,39,2009544,,Contig,44.22,campylobacter,0
GCA_012978995.1,HMT-580,Campylobacter,curvus,,17503,31,2018414,,Contig,44.29,campylobacter,0
GCA_012979015.1,HMT-580,Campylobacter,curvus,,13570,32,1903081,,Contig,44.57,campylobacter,0
GCA_012979035.1,HMT-580,Campylobacter,curvus,,13153,23,1947544,,Contig,44.49,campylobacter,0
GCA_012979055.1,HMT-580,Campylobacter,curvus,,15500,31,2026710,,Contig,44.31,campylobacter,0
GCA_013372125.1,HMT-580,Campylobacter,curvus,,ATCC 35224,1,1974918,,Complete Genome,44.26,campylobacter,0
GCA_017170235.1,HMT-580,Campylobacter,curvus,,2017609248,21,2028928,,Contig,44.28,campylobacter,0
GCA_020736225.1,HMT-580,Campylobacter,curvus,,FDAARGOS_1547,1,1974909,,Complete Genome,44.26,campylobacter,0
GCA_902381815.1,HMT-580,Campylobacter,curvus,,MGYG-HGUT-01706,1,1971264,,Complete Genome,44.54,campylobacter,0
GCA_000175875.1,HMT-623,Campylobacter,gracilis,,RM3268,33,2255573,,Contig,46.62,campylobacter,0
GCA_001190745.1,HMT-623,Campylobacter,gracilis,,ATCC 33236,1,2281652,,Complete Genome,46.56,campylobacter,0
GCA_020736185.1,HMT-623,Campylobacter,gracilis,,FDAARGOS_1548,1,2281730,,Complete Genome,46.56,campylobacter,0
GCA_900446335.1,HMT-623,Campylobacter,gracilis,,NCTC12738,2,2268496,,Contig,46.56,campylobacter,0
GCA_000174175.1,HMT-748,Campylobacter,rectus,,RM3267,89,2513107,,Contig,44.85,campylobacter,0
GCA_003859865.1,HMT-748,Campylobacter,rectus,,OH2158,91,2491340,,Contig,44.93,campylobacter,0
GCA_004803795.1,HMT-748,Campylobacter,rectus,,ATCC 33238,1,2571679,,Complete Genome,44.72,campylobacter,0
GCA_020736205.1,HMT-748,Campylobacter,rectus,,FDAARGOS_1549,1,2571801,,Complete Genome,44.72,campylobacter,0
GCA_029984535.1,HMT-748,Campylobacter,rectus,,bin-139,209,2104853,yes,Contig,45.84,campylobacter,0
GCA_905373485.1,HMT-748,Campylobacter,rectus,,SRR9217473-mag-bin.5,263,2020017,yes,Contig,45.91,campylobacter,0
GCA_000175655.1,HMT-763,Campylobacter,showae,,RM3277,33,2072007,,Contig,45.69,campylobacter,0
GCA_000313615.1,HMT-763,Campylobacter,showae,,CSUNSWCD,23,2125173,,Contig,45.13,campylobacter,0
GCA_000344295.2,HMT-763,Campylobacter,showae,,CC57C,273,2187351,,Contig,45.36,campylobacter,0
GCA_004803815.1,HMT-763,Campylobacter,showae,,ATCC 51146,1,2097887,,Complete Genome,45.66,campylobacter,0
GCA_900573925.1,HMT-763,Campylobacter,showae,,B32_SW,2,2308370,,Contig,44.43,campylobacter,0
GCA_900573945.1,HMT-763,Campylobacter,showae,,B91_SCBr,4,2138501,,Scaffold,46.36,campylobacter,0
GCA_900573955.1,HMT-763,Campylobacter,showae,,B91_TPP,6,2149118,,Scaffold,46.31,campylobacter,0
GCA_900573975.1,HMT-763,Campylobacter,showae,,129_VTPPs,2,2240249,,Scaffold,45.26,campylobacter,0
GCA_900573985.1,HMT-763,Campylobacter,showae,,CAM,3,2502981,,Contig,44.4,campylobacter,0
GCA_900573995.1,HMT-763,Campylobacter,showae,,129_MSG,4,2243050,,Contig,44.91,campylobacter,0
GCA_900699785.1,HMT-763,Campylobacter,showae,,B91_SC,1,2160580,,Complete Genome,46.0,campylobacter,0
GCA_937924935.1,HMT-763,Campylobacter,showae,,ERR589686_bin.50_CONCOCT_v1.1_MAG,251,2229356,yes,Contig,44.74,campylobacter,0
GCA_002220735.1,HMT-776,Campylobacter,sputorum,,CCUG 20703,1,1757292,,Complete Genome,29.72,campylobacter,0
GCA_002220755.1,HMT-776,Campylobacter,sputorum,,LMG 17589,1,1725016,,Complete Genome,29.63,campylobacter,0
GCA_002220775.1,HMT-776,Campylobacter,sputorum,,RM8705,1,1681311,,Complete Genome,29.26,campylobacter,0
GCA_002220795.1,HMT-776,Campylobacter,sputorum,,RM3237,1,1752258,,Complete Genome,29.71,campylobacter,0
GCA_008245005.1,HMT-776,Campylobacter,sputorum,,LMG 7795,1,1753386,,Complete Genome,29.71,campylobacter,0
GCA_008802035.1,HMT-776,Campylobacter,sputorum,,CCUG 9728,26,1728151,,Contig,29.68,campylobacter,0
GCA_020828775.1,HMT-776,Campylobacter,sputorum,,YZU0716,31,1705795,,Contig,29.58,campylobacter,0
GCA_020828825.1,HMT-776,Campylobacter,sputorum,,YZU0717,30,1704821,,Contig,29.56,campylobacter,0
GCA_900446595.1,HMT-776,Campylobacter,sputorum,,NCTC12474,2,1767425,,Contig,29.71,campylobacter,0
GCA_900460785.1,HMT-776,Campylobacter,sputorum,,NCTC12475,2,1767942,,Contig,29.71,campylobacter,0
GCA_000374605.1,HMT-842,Campylobacter,ureolyticus,,DSM 20703,35,1740590,,Scaffold,28.94,campylobacter,0
GCA_001190755.1,HMT-842,Campylobacter,ureolyticus,,RIGS 9880,1,1641887,,Complete Genome,29.23,campylobacter,0
GCA_012273175.1,HMT-842,Campylobacter,ureolyticus,,FDAARGOS_673,1,1559279,,Chromosome,29.25,campylobacter,0
GCA_013372225.1,HMT-842,Campylobacter,ureolyticus,,LMG 6451,1,1820334,,Complete Genome,28.99,campylobacter,0
GCA_016766895.1,HMT-842,Campylobacter,ureolyticus,,FDAARGOS_1102,1,1826798,,Chromosome,29.07,campylobacter,0
GCA_022835215.1,HMT-842,Campylobacter,ureolyticus,,CE91-St25,2,1863330,,Contig,29.02,campylobacter,0
GCA_027277265.1,HMT-842,Campylobacter,ureolyticus,,URMC_793,13,1561454,,Contig,29.08,campylobacter,0
GCA_027277305.1,HMT-842,Campylobacter,ureolyticus,,URMC_789,9,1621745,,Contig,29.24,campylobacter,0
GCA_900446685.1,HMT-842,Campylobacter,ureolyticus,,NCTC12015,4,1589092,,Contig,29.31,campylobacter,0
GCA_900460885.1,HMT-842,Campylobacter,ureolyticus,,NCTC10941,2,1833655,,Contig,28.98,campylobacter,0
GCA_000318275.2,HMT-332,Capnocytophaga,bilenii,,F0381,103,2656035,,Scaffold,38.47,capnocytophaga,0
GCA_017565765.1,HMT-332,Capnocytophaga,bilenii,,Marseille-Q4570,20,2730939,,Scaffold,38.49,capnocytophaga,0
GCA_938036855.1,HMT-332,Capnocytophaga,bilenii,,ERR589615_bin.13_CONCOCT_v1.1_MAG,223,2405320,yes,Contig,39.22,capnocytophaga,0
GCA_000318295.1,HMT-326,Capnocytophaga,periodontitidis,,F0382,127,3218123,,Scaffold,38.56,capnocytophaga,0
GCA_002209445.1,HMT-326,Capnocytophaga,periodontitidis,,ChDC OS43,1,3412686,,Complete Genome,38.24,capnocytophaga,0
GCA_016126015.1,HMT-326,Capnocytophaga,periodontitidis,,p1a2,56,3236447,,Contig,38.64,capnocytophaga,0
GCA_016126035.1,HMT-326,Capnocytophaga,periodontitidis,,51621,53,3136201,,Contig,38.55,capnocytophaga,0
GCA_016806945.1,HMT-326,Capnocytophaga,periodontitidis,,AHN 8751,58,3255290,,Contig,38.41,capnocytophaga,0
GCA_016806965.1,HMT-326,Capnocytophaga,periodontitidis,,AHN 9798,56,3223016,,Contig,38.48,capnocytophaga,0
GCA_016806985.1,HMT-326,Capnocytophaga,periodontitidis,,AHN 9528,99,3200929,,Contig,38.41,capnocytophaga,0
GCA_016806995.1,HMT-326,Capnocytophaga,periodontitidis,,AHN 8471 = CCUG 51856 = NCTC 13374,53,3073616,,Contig,38.21,capnocytophaga,0
GCA_016807025.1,HMT-326,Capnocytophaga,periodontitidis,,AHN9576,55,3221018,,Contig,38.48,capnocytophaga,0
GCA_938045645.1,HMT-326,Capnocytophaga,periodontitidis,,ERR589615_bin.45_CONCOCT_v1.1_MAG,189,3228607,yes,Contig,38.61,capnocytophaga,0
GCA_000174755.1,HMT-337,Capnocytophaga,gingivalis,,ATCC 33624,37,2667138,,Contig,40.49,capnocytophaga,0
GCA_002302415.1,HMT-337,Capnocytophaga,gingivalis,,H1496,1,2838633,,Complete Genome,40.09,capnocytophaga,0
GCA_905372655.1,HMT-337,Capnocytophaga,gingivalis,,SRR9217415-mag-bin.1,162,2556787,yes,Contig,40.24,capnocytophaga,0
GCA_937891745.1,HMT-337,Capnocytophaga,gingivalis,,SRR1952462_bin.7_CONCOCT_v1.1_MAG,61,2553925,yes,Contig,40.42,capnocytophaga,0
GCA_947096245.1,HMT-337,Capnocytophaga,gingivalis,,SRR8786267_bin.8_metaWRAP_v1.3_MAG,196,2041923,yes,Contig,40.79,capnocytophaga,0
GCA_000293175.1,HMT-325,Capnocytophaga,granulosa,,CM59,75,2785060,,Contig,41.33,capnocytophaga,0
GCA_000411115.1,HMT-325,Capnocytophaga,granulosa,,ATCC 51502,20,2746278,,Scaffold,41.6,capnocytophaga,0
GCA_900106575.1,HMT-325,Capnocytophaga,granulosa,,DSM 11449,44,2723453,,Scaffold,41.52,capnocytophaga,0
GCA_900446675.1,HMT-325,Capnocytophaga,granulosa,,NCTC12948,3,2843797,,Contig,41.53,capnocytophaga,0
GCA_905372915.1,HMT-325,Capnocytophaga,granulosa,,SRR9217433-mag-bin.7,87,2588185,yes,Contig,41.64,capnocytophaga,0
GCA_937936225.1,HMT-325,Capnocytophaga,granulosa,,SRR8114096_bin.65_CONCOCT_v1.1_MAG,114,2596221,yes,Contig,41.63,capnocytophaga,0
GCA_001553545.1,HMT-627,Capnocytophaga,haemolytica,,CCUG 32990,1,2688484,,Complete Genome,44.23,capnocytophaga,0
GCA_900115315.1,HMT-627,Capnocytophaga,haemolytica,,DSM 11385,39,2655673,,Contig,44.25,capnocytophaga,0
GCA_900187255.1,HMT-627,Capnocytophaga,haemolytica,,NCTC12947,1,2688499,,Complete Genome,44.23,capnocytophaga,0
GCA_000213295.2,HMT-329,Capnocytophaga,leadbetteri,,F0087,141,2536778,,Scaffold,41.94,capnocytophaga,0
GCA_002302615.1,HMT-329,Capnocytophaga,leadbetteri,,H6253,1,2504023,,Complete Genome,40.21,capnocytophaga,0
GCA_003054025.1,HMT-329,Capnocytophaga,leadbetteri,,DSM 22902,40,2636893,,Scaffold,39.8,capnocytophaga,0
GCA_009730375.1,HMT-329,Capnocytophaga,leadbetteri,,FDAARGOS_737,1,2652717,,Complete Genome,40.07,capnocytophaga,0
GCA_013333705.2,HMT-329,Capnocytophaga,leadbetteri,,P-B-M_MAG_00008,133,2251100,yes,Contig,40.41,capnocytophaga,0
GCA_905372535.1,HMT-329,Capnocytophaga,leadbetteri,,SRR9217414-mag-bin.5,157,2591175,yes,Contig,40.1,capnocytophaga,0
GCA_915066995.1,HMT-329,Capnocytophaga,leadbetteri,,SRR1045093_bin.1_metaWRAP_v1.1_MAG,184,2377738,yes,Contig,40.37,capnocytophaga,0
GCA_938018165.1,HMT-329,Capnocytophaga,leadbetteri,,ERR589515_bin.6_CONCOCT_v1.1_MAG,57,2648041,yes,Contig,39.83,capnocytophaga,0
GCA_947097315.1,HMT-329,Capnocytophaga,leadbetteri,,SRR8786264_bin.13_metaWRAP_v1.3_MAG,169,2371942,yes,Contig,40.19,capnocytophaga,0
GCA_000023285.1,HMT-700,Capnocytophaga,ochracea,,DSM 7271,1,2612925,,Complete Genome,39.59,capnocytophaga,0
GCA_000183985.1,HMT-700,Capnocytophaga,ochracea,,F0287,9,2663545,,Scaffold,40.1,capnocytophaga,0
GCA_000271925.1,HMT-700,Capnocytophaga,ochracea,,F0487,62,2590781,,Contig,39.45,capnocytophaga,0
GCA_000277585.1,HMT-700,Capnocytophaga,ochracea,,Holt 25,42,2653757,,Contig,39.5,capnocytophaga,0
GCA_000277665.1,HMT-700,Capnocytophaga,ochracea,,F0486,38,2545989,,Contig,39.59,capnocytophaga,0
GCA_000318255.2,HMT-700,Capnocytophaga,ochracea,,F0488,76,2634285,,Scaffold,39.51,capnocytophaga,0
GCA_000318315.2,HMT-700,Capnocytophaga,ochracea,,F0483,63,2739607,,Scaffold,39.43,capnocytophaga,0
GCA_000411575.1,HMT-700,Capnocytophaga,ochracea,,F0502,8,2788212,,Scaffold,39.53,capnocytophaga,0
GCA_001057035.1,HMT-700,Capnocytophaga,ochracea,,490_CAPN,72,2516120,,Scaffold,39.68,capnocytophaga,0
GCA_001278825.1,HMT-700,Capnocytophaga,ochracea,,F0383,1,2614527,,Complete Genome,39.68,capnocytophaga,0
GCA_002998835.1,HMT-700,Capnocytophaga,ochracea,,F0512,2,2682541,,Complete Genome,39.47,capnocytophaga,0
GCA_013394735.1,HMT-700,Capnocytophaga,ochracea,,W10638,1,2837214,,Complete Genome,39.26,capnocytophaga,0
GCA_013394785.1,HMT-700,Capnocytophaga,ochracea,,W10654,2,2584129,,Contig,39.58,capnocytophaga,0
GCA_019930725.1,HMT-700,Capnocytophaga,ochracea,,FDAARGOS_1468,1,2615469,,Complete Genome,39.59,capnocytophaga,0
GCA_020736165.1,HMT-700,Capnocytophaga,ochracea,,FDAARGOS_1550,1,2713235,,Complete Genome,39.43,capnocytophaga,0
GCA_026013785.1,HMT-700,Capnocytophaga,ochracea,,KCOM 2191,1,2672569,,Complete Genome,39.7,capnocytophaga,0
GCA_026013805.1,HMT-700,Capnocytophaga,ochracea,,KCOM 26681,1,2779391,,Complete Genome,39.27,capnocytophaga,0
GCA_026013825.1,HMT-700,Capnocytophaga,ochracea,,KCOM 28121,1,2807434,,Complete Genome,39.3,capnocytophaga,0
GCA_900446705.1,HMT-700,Capnocytophaga,ochracea,,NCTC11546,44,2946791,,Contig,39.27,capnocytophaga,0
GCA_900460915.1,HMT-700,Capnocytophaga,ochracea,,NCTC11545,12,2809526,,Contig,39.28,capnocytophaga,0
GCA_900618145.1,HMT-700,Capnocytophaga,ochracea,,NCTC11458,2,2694690,,Contig,39.41,capnocytophaga,0
GCA_902482725.1,HMT-700,Capnocytophaga,ochracea,,MGYG-HGUT-03119,112,2451559,,Contig,39.65,capnocytophaga,0
GCA_905371985.1,HMT-700,Capnocytophaga,ochracea,,SRR9217392-mag-bin.8,149,2549426,yes,Contig,39.49,capnocytophaga,0
GCA_937926985.1,HMT-700,Capnocytophaga,ochracea,,ERR589597_bin.12_CONCOCT_v1.1_MAG,165,2429053,yes,Contig,39.63,capnocytophaga,0
GCA_000192225.1,HMT-338,Capnocytophaga,sp. HMT-338,,F0234,29,2548422,,Scaffold,38.4,capnocytophaga,0
GCA_905371935.1,HMT-338,Capnocytophaga,sp. HMT-338,,SRR9217392-mag-bin.11,265,1632811,yes,Contig,37.6,capnocytophaga,0
GCA_963525585.1,HMT-470,Capnocytophaga,sp. HMT-470,,ERR9968993_bin.15_MetaWRAP_v1.3_MAG,89,2301859,yes,Contig,0.0,capnocytophaga,0
GCA_035282585.1,HMT-471,Capnocytophaga,sp. HMT-471,,CCUG 13096,100,2953506,,Contig,0.0,capnocytophaga,0
GCA_938029845.1,HMT-471,Capnocytophaga,sp. HMT-471,,ERR589600_bin.49_CONCOCT_v1.1_MAG,190,3000345,yes,Contig,0.0,capnocytophaga,0
GCA_000466425.1,HMT-863,Capnocytophaga,sp. HMT-863,,F0517,103,2724306,,Scaffold,41.81,capnocytophaga,0
GCA_002999135.1,HMT-878,Capnocytophaga,sp. HMT-878,,F0545,2,2990835,,Complete Genome,37.95,capnocytophaga,0
GCA_000173675.1,HMT-775,Capnocytophaga,sputigena,,Capno,65,2997845,,Contig,38.43,capnocytophaga,0
GCA_002302395.1,HMT-775,Capnocytophaga,sputigena,,KC1668,1,3074746,,Complete Genome,38.53,capnocytophaga,0
GCA_002302495.1,HMT-775,Capnocytophaga,sputigena,,D1179,1,2855148,,Complete Genome,38.78,capnocytophaga,0
GCA_002302595.1,HMT-775,Capnocytophaga,sputigena,,H4486,1,3098616,,Complete Genome,38.65,capnocytophaga,0
GCA_002312885.1,HMT-775,Capnocytophaga,sputigena,,H6490,2,2963948,,Contig,38.62,capnocytophaga,0
GCA_900446695.1,HMT-775,Capnocytophaga,sputigena,,NCTC11653,11,3053418,,Contig,38.47,capnocytophaga,0
GCA_900638125.1,HMT-775,Capnocytophaga,sputigena,,NCTC11097,1,2933908,,Complete Genome,38.73,capnocytophaga,0
GCA_905373265.1,HMT-775,Capnocytophaga,sputigena,,SRR9217453-mag-bin.1,89,2955558,yes,Contig,38.52,capnocytophaga,0
GCA_937881025.1,HMT-775,Capnocytophaga,sputigena,,SRR2240920_bin.30_CONCOCT_v1.1_MAG,84,2757173,yes,Contig,38.63,capnocytophaga,0
GCA_000160655.1,HMT-633,Cardiobacterium,hominis,,ATCC 15826,26,2642494,,Scaffold,60.3,cardiobacterium,0
GCA_001057485.1,HMT-633,Cardiobacterium,hominis,,598_FBAL,178,2561486,,Scaffold,59.47,cardiobacterium,0
GCA_001057555.1,HMT-633,Cardiobacterium,hominis,,612_ETAR,192,2541982,,Scaffold,59.5,cardiobacterium,0
GCA_001063785.1,HMT-633,Cardiobacterium,hominis,,599_SSED,151,2565097,,Scaffold,59.46,cardiobacterium,0
GCA_900079085.1,HMT-633,Cardiobacterium,hominis,,CHUV0807,88,2646022,,Contig,59.01,cardiobacterium,0
GCA_900637305.1,HMT-633,Cardiobacterium,hominis,,NCTC10426,1,2670755,,Complete Genome,59.23,cardiobacterium,0
GCA_905372965.1,HMT-633,Cardiobacterium,hominis,,SRR9217435-mag-bin.6,219,2340265,yes,Contig,59.29,cardiobacterium,0
GCA_937919565.1,HMT-633,Cardiobacterium,hominis,,SRR2240840_bin.17_CONCOCT_v1.1_MAG,239,2581702,yes,Contig,59.42,cardiobacterium,0
GCA_000239355.1,HMT-540,Cardiobacterium,valvarum,,F0432,98,2553535,,Scaffold,58.33,cardiobacterium,0
GCA_900460955.1,HMT-540,Cardiobacterium,valvarum,,NCTC13294,2,2755518,,Contig,57.98,cardiobacterium,0
GCA_902388165.1,HMT-540,Cardiobacterium,valvarum,,MGYG-HGUT-02541,198,2547857,,Contig,58.24,cardiobacterium,0
GCA_016651435.1,HMT-428,Catonella,massiliensis,,Marseille-Q4567,3,3122925,,Contig,38.76,catonella,0
GCA_000160035.2,HMT-165,Catonella,morbi,,ATCC 51271,8,3479204,,Scaffold,37.17,catonella,0
GCA_001570825.1,HMT-374,Cellulosimicrobium,funkei,,NBRC 104118,116,4370484,,Contig,74.55,cellulosimicrobium,0
GCA_004114655.2,HMT-374,Cellulosimicrobium,funkei,,JCM 15619,22,4379053,,Contig,74.54,cellulosimicrobium,0
GCA_004519295.1,HMT-374,Cellulosimicrobium,funkei,,JCM 14302,19,4377803,,Contig,74.54,cellulosimicrobium,0
GCA_013127315.1,HMT-374,Cellulosimicrobium,funkei,,72-3,1,4220771,,Complete Genome,74.62,cellulosimicrobium,0
GCA_015327065.1,HMT-374,Cellulosimicrobium,funkei,,JZ28,1,4378193,,Complete Genome,74.69,cellulosimicrobium,0
GCA_018128265.1,HMT-374,Cellulosimicrobium,funkei,,ORNL-0100,2,4411608,,Complete Genome,74.43,cellulosimicrobium,0
GCA_900155925.1,HMT-374,Cellulosimicrobium,funkei,,3bp,14,4317712,,Contig,74.73,cellulosimicrobium,0
GCA_000213975.1,HMT-726,Centipeda,periodontii,,DSM 2778,10,2761262,,Scaffold,56.71,centipeda,0
GCA_905372315.1,HMT-726,Centipeda,periodontii,,SRR9217414-mag-bin.16,173,2403355,yes,Contig,56.55,centipeda,0
GCA_000007205.1,HMT-733,Chlamydia,pneumoniae,,TW-183,1,1225935,,Complete Genome,40.58,chlamydia,0
GCA_000008745.1,HMT-733,Chlamydia,pneumoniae,,CWL029,1,1230230,,Complete Genome,40.58,chlamydia,0
GCA_000011165.1,HMT-733,Chlamydia,pneumoniae,,J138,1,1226565,,Complete Genome,40.58,chlamydia,0
GCA_000024145.1,HMT-733,Chlamydia,pneumoniae,,LPCoLN,2,1248550,,Complete Genome,40.5,chlamydia,0
GCA_000091085.2,HMT-733,Chlamydia,pneumoniae,,AR39,2,1229853,,Complete Genome,40.58,chlamydia,0
GCA_001007025.1,HMT-733,Chlamydia,pneumoniae,,Wien1,1,1228125,,Complete Genome,40.58,chlamydia,0
GCA_001007045.1,HMT-733,Chlamydia,pneumoniae,,K7,1,1228523,,Complete Genome,40.58,chlamydia,0
GCA_001007065.1,HMT-733,Chlamydia,pneumoniae,,CWL011,1,1228579,,Complete Genome,40.58,chlamydia,0
GCA_001007085.1,HMT-733,Chlamydia,pneumoniae,,Wien3,1,1228576,,Complete Genome,40.58,chlamydia,0
GCA_001007145.1,HMT-733,Chlamydia,pneumoniae,,PB2,1,1228126,,Complete Genome,40.58,chlamydia,0
GCA_000020465.1,HMT-984,Chlorobium,limicola,,DSM 245,1,2763181,,Complete Genome,51.32,chlorobium,0
GCA_001747495.1,HMT-422,Cloacibacterium,normanense,,NRS-1,82,2727353,,Contig,33.04,cloacibacterium,0
GCA_003860565.1,HMT-422,Cloacibacterium,normanense,,NRS-1,1,2759562,,Complete Genome,33.06,cloacibacterium,0
GCA_900104195.1,HMT-422,Cloacibacterium,normanense,,DSM 15886,43,2736266,,Scaffold,33.06,cloacibacterium,0
GCA_000466585.1,HMT-876,Clostridiales [F3 G1],bacterium HMT-876,,F0540,57,4767532,,Scaffold,32.98,clostridiales [f3 g1],0
GCA_000241525.2,HMT-858,Comamonas,testosteroni,,ATCC 11996,63,5410155,,Contig,61.48,comamonas,0
GCA_000739375.1,HMT-858,Comamonas,testosteroni,,TK102,1,6062703,,Complete Genome,61.87,comamonas,0
GCA_000740035.1,HMT-858,Comamonas,testosteroni,,NBRC 14951,65,5406468,,Contig,61.49,comamonas,0
GCA_014076415.1,HMT-858,Comamonas,testosteroni,,T5-67,2,5947116,,Complete Genome,61.1,comamonas,0
GCA_014076475.1,HMT-858,Comamonas,testosteroni,,R5-28,2,5975089,,Complete Genome,61.53,comamonas,0
GCA_024496285.1,HMT-858,Comamonas,testosteroni,,C11,7,6159340,,Complete Genome,60.93,comamonas,0
GCA_029026905.1,HMT-858,Comamonas,testosteroni,,X13,1,5894614,,Complete Genome,61.57,comamonas,0
GCA_900461225.1,HMT-858,Comamonas,testosteroni,,NCTC10698,7,5523746,,Contig,61.41,comamonas,0
GCA_903797675.1,HMT-858,Comamonas,testosteroni,,4,73,5425203,,Scaffold,61.49,comamonas,0
GCA_000146485.1,HMT-019,Corynebacterium,accolens,,ATCC 49726,35,2465636,,Scaffold,61.2,corynebacterium,0
GCA_000159115.1,HMT-019,Corynebacterium,accolens,,ATCC 49725,38,2437186,,Scaffold,60.06,corynebacterium,0
GCA_000477875.1,HMT-019,Corynebacterium,accolens,,KPL2004,6,2575948,,Scaffold,59.42,corynebacterium,0
GCA_000477895.1,HMT-019,Corynebacterium,accolens,,KPL1998,4,2568130,,Scaffold,59.34,corynebacterium,0
GCA_000477915.1,HMT-019,Corynebacterium,accolens,,KPL1996,3,2576022,,Scaffold,59.32,corynebacterium,0
GCA_000477975.1,HMT-019,Corynebacterium,accolens,,KPL1986,1,2568149,,Scaffold,59.4,corynebacterium,0
GCA_000478095.1,HMT-019,Corynebacterium,accolens,,KPL1824,2,2638979,,Scaffold,59.44,corynebacterium,0
GCA_000478135.1,HMT-019,Corynebacterium,accolens,,KPL1818,6,2588539,,Scaffold,59.52,corynebacterium,0
GCA_017850055.1,HMT-019,Corynebacterium,accolens,,BBMGS-S02-097,161,2278072,,Contig,59.39,corynebacterium,0
GCA_022014535.1,HMT-019,Corynebacterium,accolens,,C781,36,2437042,,Contig,59.55,corynebacterium,0
GCA_022014555.1,HMT-019,Corynebacterium,accolens,,C787,61,2511955,,Contig,59.36,corynebacterium,0
GCA_022014575.1,HMT-019,Corynebacterium,accolens,,C779,33,2490552,,Contig,59.49,corynebacterium,0
GCA_023520795.1,HMT-019,Corynebacterium,accolens,,DSM 44278,1,2465625,,Complete Genome,59.56,corynebacterium,0
GCA_025144305.1,HMT-019,Corynebacterium,accolens,,p3-SID1129,36,2510621,,Contig,59.44,corynebacterium,0
GCA_030175915.1,HMT-019,Corynebacterium,accolens,,KPL4065,43,2476050,,Contig,59.48,corynebacterium,0
GCA_030175955.1,HMT-019,Corynebacterium,accolens,,KPL3674,24,2458679,,Contig,59.45,corynebacterium,0
GCA_030175965.1,HMT-019,Corynebacterium,accolens,,KPL3647,28,2490467,,Contig,59.44,corynebacterium,0
GCA_030176015.1,HMT-019,Corynebacterium,accolens,,KPL2660,46,2518536,,Contig,59.44,corynebacterium,0
GCA_030176175.1,HMT-019,Corynebacterium,accolens,,KPL2859,38,2423448,,Contig,59.45,corynebacterium,0
GCA_030176255.1,HMT-019,Corynebacterium,accolens,,KPL4075,28,2476830,,Contig,59.45,corynebacterium,0
GCA_030176335.1,HMT-019,Corynebacterium,accolens,,KPL3926,48,2538983,,Contig,59.42,corynebacterium,0
GCA_030176375.1,HMT-019,Corynebacterium,accolens,,KPL3921,33,2437262,,Contig,59.62,corynebacterium,0
GCA_030176455.1,HMT-019,Corynebacterium,accolens,,KPL3970,37,2484787,,Contig,59.44,corynebacterium,0
GCA_030176475.1,HMT-019,Corynebacterium,accolens,,KPL3703,64,2450873,,Contig,59.6,corynebacterium,0
GCA_030176515.1,HMT-019,Corynebacterium,accolens,,KPL3802,34,2583058,,Contig,59.35,corynebacterium,0
GCA_030176555.1,HMT-019,Corynebacterium,accolens,,KPL3774,30,2490377,,Contig,59.43,corynebacterium,0
GCA_030176575.1,HMT-019,Corynebacterium,accolens,,KPL3832,37,2377419,,Contig,59.62,corynebacterium,0
GCA_030176695.1,HMT-019,Corynebacterium,accolens,,KPL4034,56,2456752,,Contig,59.46,corynebacterium,0
GCA_030176755.1,HMT-019,Corynebacterium,accolens,,KPL2617,34,2560709,,Contig,59.43,corynebacterium,0
GCA_030176785.1,HMT-019,Corynebacterium,accolens,,KPL2783,47,2483845,,Contig,59.47,corynebacterium,0
GCA_030176875.1,HMT-019,Corynebacterium,accolens,,KPL2641,44,2498624,,Contig,59.43,corynebacterium,0
GCA_030176885.1,HMT-019,Corynebacterium,accolens,,KPL2618,30,2442367,,Contig,59.56,corynebacterium,0
GCA_030176905.1,HMT-019,Corynebacterium,accolens,,KPL2652,43,2492158,,Contig,59.48,corynebacterium,0
GCA_030227185.1,HMT-019,Corynebacterium,accolens,,MSK077,52,2463636,,Contig,59.52,corynebacterium,0
GCA_030227275.1,HMT-019,Corynebacterium,accolens,,MSK075,28,2510014,,Scaffold,59.38,corynebacterium,0
GCA_030228865.1,HMT-019,Corynebacterium,accolens,,MSK079,64,2526505,,Scaffold,59.39,corynebacterium,0
GCA_030228895.1,HMT-019,Corynebacterium,accolens,,MSK076,44,2462267,,Contig,59.52,corynebacterium,0
GCA_030228965.1,HMT-019,Corynebacterium,accolens,,MSK091,44,2484696,,Contig,59.44,corynebacterium,0
GCA_030229025.1,HMT-019,Corynebacterium,accolens,,MSK121,39,2506669,,Scaffold,59.51,corynebacterium,0
GCA_030229065.1,HMT-019,Corynebacterium,accolens,,MSK161,29,2482201,,Scaffold,59.51,corynebacterium,0
GCA_030229285.1,HMT-019,Corynebacterium,accolens,,MSK270,26,2509738,,Scaffold,59.49,corynebacterium,0
GCA_030229605.1,HMT-019,Corynebacterium,accolens,,MSK125,89,2539945,,Scaffold,59.5,corynebacterium,0
GCA_030229625.1,HMT-019,Corynebacterium,accolens,,MSK099,91,2544134,,Scaffold,59.49,corynebacterium,0
GCA_030229685.1,HMT-019,Corynebacterium,accolens,,MSK109,60,2406417,,Scaffold,59.57,corynebacterium,0
GCA_030229805.1,HMT-019,Corynebacterium,accolens,,MSK273,40,2479472,,Scaffold,59.56,corynebacterium,0
GCA_030232145.1,HMT-019,Corynebacterium,accolens,,MSK070,27,2451769,,Scaffold,59.47,corynebacterium,0
GCA_030232755.1,HMT-019,Corynebacterium,accolens,,MSK096,41,2485091,,Scaffold,59.44,corynebacterium,0
GCA_030515895.1,HMT-019,Corynebacterium,accolens,,CA9,1,2552066,,Complete Genome,59.43,corynebacterium,0
GCA_030515925.1,HMT-019,Corynebacterium,accolens,,CA8,1,2539699,,Chromosome,59.44,corynebacterium,0
GCA_030516055.1,HMT-019,Corynebacterium,accolens,,CA6,1,2479006,,Complete Genome,59.57,corynebacterium,0
GCA_030516125.1,HMT-019,Corynebacterium,accolens,,CA5,1,2393717,,Chromosome,59.63,corynebacterium,0
GCA_030516155.1,HMT-019,Corynebacterium,accolens,,CA4,1,2501729,,Chromosome,59.56,corynebacterium,0
GCA_030516175.1,HMT-019,Corynebacterium,accolens,,CA3,1,2548138,,Chromosome,59.59,corynebacterium,0
GCA_030516195.1,HMT-019,Corynebacterium,accolens,,CA2,1,2552612,,Chromosome,59.55,corynebacterium,0
GCA_030516215.1,HMT-019,Corynebacterium,accolens,,CA1,1,2552168,,Chromosome,59.56,corynebacterium,0
GCA_900637825.1,HMT-019,Corynebacterium,accolens,,NCTC934,1,2373440,,Complete Genome,59.63,corynebacterium,0
GCA_937919105.1,HMT-019,Corynebacterium,accolens,,SRR2077399_bin.34_CONCOCT_v1.1_MAG,279,2192490,yes,Contig,59.57,corynebacterium,0
GCA_943912715.1,HMT-019,Corynebacterium,accolens,,MyiHyXazvK_bin.1.MAG,163,2234268,yes,Contig,59.58,corynebacterium,0
GCA_000403725.2,HMT-030,Corynebacterium,afermentans,,GD7,14,2259786,,Scaffold,65.35,corynebacterium,0
GCA_001639025.1,HMT-030,Corynebacterium,afermentans,,LCDC880199,24,2345615,,Contig,64.85,corynebacterium,0
GCA_003989555.1,HMT-030,Corynebacterium,afermentans,,HSID17239,31,2317331,,Contig,64.88,corynebacterium,0
GCA_022346305.1,HMT-030,Corynebacterium,afermentans,,ACRQQ,44,2306864,,Contig,64.9,corynebacterium,0
GCA_022346315.1,HMT-030,Corynebacterium,afermentans,,ACRPV,69,2406062,,Contig,64.55,corynebacterium,0
GCA_028527885.1,HMT-030,Corynebacterium,afermentans,,SCPM-O-B-9437 (R12),57,2335091,,Contig,64.88,corynebacterium,0
GCA_028609825.1,HMT-030,Corynebacterium,afermentans,,DSM 45751,1,2279521,,Complete Genome,64.93,corynebacterium,0
GCA_030408355.1,HMT-030,Corynebacterium,afermentans,,DSM 44280,1,2375453,,Complete Genome,64.73,corynebacterium,0
GCA_900156035.1,HMT-030,Corynebacterium,afermentans,,DSM 44280,45,2326687,,Contig,64.85,corynebacterium,0
GCA_902377555.1,HMT-030,Corynebacterium,afermentans,,MGYG-HGUT-01701,50,2240769,,Contig,65.06,corynebacterium,0
GCA_943912545.1,HMT-030,Corynebacterium,afermentans,,Bqd3KCLXfU_bin.6.MAG,69,2282264,yes,Contig,64.87,corynebacterium,0
GCA_000173655.1,HMT-031,Corynebacterium,amycolatum,,SK46,48,2513912,,Contig,58.58,corynebacterium,0
GCA_000411235.1,HMT-047,Corynebacterium,jeikeium,,HFH0082,1,2493224,,Scaffold,59.21,corynebacterium,0
GCA_000755185.1,HMT-031,Corynebacterium,amycolatum,,ATCC 6931,1,2471920,,Complete Genome,58.63,corynebacterium,0
GCA_001058525.1,HMT-031,Corynebacterium,amycolatum,,805_CJEI,49,2516436,,Contig,58.61,corynebacterium,0
GCA_001722255.1,HMT-047,Corynebacterium,jeikeium,,ICIS 53,41,2460257,,Contig,58.98,corynebacterium,0
GCA_001807045.1,HMT-031,Corynebacterium,amycolatum,,HMSC11H10,20,2433278,,Scaffold,58.71,corynebacterium,0
GCA_001807075.1,HMT-047,Corynebacterium,jeikeium,,HMSC14B06,55,2562236,,Scaffold,60.07,corynebacterium,0
GCA_001807105.1,HMT-047,Corynebacterium,jeikeium,,HMSC14H10,48,2490969,,Scaffold,58.89,corynebacterium,0
GCA_001809065.1,HMT-047,Corynebacterium,jeikeium,,HMSC055G02,45,2410671,,Scaffold,58.9,corynebacterium,0
GCA_001809225.1,HMT-047,Corynebacterium,jeikeium,,HMSC077G07,37,2430573,,Scaffold,58.84,corynebacterium,0
GCA_001809455.1,HMT-031,Corynebacterium,amycolatum,,HMSC074C11,23,2456959,,Scaffold,58.74,corynebacterium,0
GCA_001809695.1,HMT-031,Corynebacterium,amycolatum,,HMSC063A05,24,2444943,,Scaffold,58.66,corynebacterium,0
GCA_001809925.1,HMT-047,Corynebacterium,jeikeium,,HMSC064H12,44,2458128,,Scaffold,58.9,corynebacterium,0
GCA_001810195.1,HMT-047,Corynebacterium,jeikeium,,HMSC077G01,59,2461778,,Scaffold,58.84,corynebacterium,0
GCA_001810555.1,HMT-047,Corynebacterium,jeikeium,,HMSC063G05,37,2409263,,Scaffold,58.93,corynebacterium,0
GCA_001810585.1,HMT-047,Corynebacterium,jeikeium,,HMSC077C02,52,2436086,,Scaffold,59.01,corynebacterium,0
GCA_001811205.1,HMT-047,Corynebacterium,jeikeium,,HMSC063F04,35,2425142,,Scaffold,58.85,corynebacterium,0
GCA_001811805.1,HMT-047,Corynebacterium,jeikeium,,HMSC064E08,16,2436100,,Scaffold,58.95,corynebacterium,0
GCA_001812505.1,HMT-031,Corynebacterium,amycolatum,,HMSC064E10,10,2460166,,Scaffold,58.83,corynebacterium,0
GCA_001812845.1,HMT-047,Corynebacterium,jeikeium,,HMSC065H09,36,2493204,,Scaffold,58.96,corynebacterium,0
GCA_001814235.1,HMT-047,Corynebacterium,jeikeium,,HMSC070B05,46,2417058,,Scaffold,58.98,corynebacterium,0
GCA_001815745.1,HMT-047,Corynebacterium,jeikeium,,HMSC064E07,40,2450517,,Scaffold,58.97,corynebacterium,0
GCA_001837705.1,HMT-047,Corynebacterium,jeikeium,,HMSC072B08,43,2489149,,Scaffold,58.97,corynebacterium,0
GCA_001837775.1,HMT-031,Corynebacterium,amycolatum,,HMSC073H12,19,2473368,,Scaffold,58.72,corynebacterium,0
GCA_001838205.1,HMT-047,Corynebacterium,jeikeium,,HMSC072B09,64,2484283,,Scaffold,58.87,corynebacterium,0
GCA_001838215.1,HMT-047,Corynebacterium,jeikeium,,HMSC061H03,47,2482958,,Scaffold,58.8,corynebacterium,0
GCA_001838285.1,HMT-031,Corynebacterium,amycolatum,,HMSC074C03,73,2540944,,Scaffold,58.77,corynebacterium,0
GCA_001838295.1,HMT-031,Corynebacterium,amycolatum,,HMSC074C04,15,2442160,,Scaffold,58.79,corynebacterium,0
GCA_001838325.1,HMT-031,Corynebacterium,amycolatum,,HMSC074C05,25,2409687,,Scaffold,58.9,corynebacterium,0
GCA_001975925.1,HMT-047,Corynebacterium,jeikeium,,ICIS 9,181,2587830,,Contig,58.65,corynebacterium,0
GCA_002847785.1,HMT-047,Corynebacterium,jeikeium,,UMB0042,16,2481374,,Scaffold,58.96,corynebacterium,0
GCA_002861405.1,HMT-047,Corynebacterium,jeikeium,,UMB0338,39,2465364,,Scaffold,58.9,corynebacterium,0
GCA_008368695.1,HMT-047,Corynebacterium,jeikeium,,ICIS 5,115,2474151,,Contig,58.85,corynebacterium,0
GCA_008726175.1,HMT-047,Corynebacterium,jeikeium,,UMB9256,65,2565104,,Contig,58.8,corynebacterium,0
GCA_008726215.1,HMT-047,Corynebacterium,jeikeium,,UMB9184,61,2494409,,Contig,58.87,corynebacterium,0
GCA_008726455.1,HMT-047,Corynebacterium,jeikeium,,UMB7760,65,2422276,,Contig,58.85,corynebacterium,0
GCA_008726645.1,HMT-031,Corynebacterium,amycolatum,,UMB1310,54,2492575,,Contig,58.76,corynebacterium,0
GCA_008726785.1,HMT-031,Corynebacterium,amycolatum,,UMB1182,41,2425544,,Contig,58.73,corynebacterium,0
GCA_014335065.1,HMT-031,Corynebacterium,amycolatum,,LK27,60,2587291,,Contig,58.66,corynebacterium,0
GCA_014335175.1,HMT-031,Corynebacterium,amycolatum,,LK23,10,2451386,,Contig,58.68,corynebacterium,0
GCA_014335185.1,HMT-031,Corynebacterium,amycolatum,,LK24,9,2414890,,Contig,58.74,corynebacterium,0
GCA_016026415.1,HMT-031,Corynebacterium,amycolatum,,FDAARGOS_938,1,2802624,,Complete Genome,58.63,corynebacterium,0
GCA_016127615.1,HMT-031,Corynebacterium,amycolatum,,FDAARGOS_991,1,2828947,,Complete Genome,58.64,corynebacterium,0
GCA_016728725.1,HMT-031,Corynebacterium,amycolatum,,FDAARGOS_1108,1,2476115,,Complete Genome,58.62,corynebacterium,0
GCA_016728745.1,HMT-031,Corynebacterium,amycolatum,,FDAARGOS_1107,1,2706528,,Complete Genome,58.74,corynebacterium,0
GCA_016889425.1,HMT-031,Corynebacterium,amycolatum,,FDAARGOS_1189,1,2474943,,Complete Genome,58.64,corynebacterium,0
GCA_018919345.1,HMT-031,Corynebacterium,amycolatum,,UMB1310-1E,30,2493542,,Contig,58.76,corynebacterium,0
GCA_020161895.1,HMT-047,Corynebacterium,jeikeium,,ICIS 99,41,2532503,,Contig,58.96,corynebacterium,0
GCA_022346225.1,HMT-031,Corynebacterium,amycolatum,,ACRPX,36,2451943,,Contig,58.74,corynebacterium,0
GCA_022346265.1,HMT-047,Corynebacterium,jeikeium,,ACRPW,32,2426195,,Contig,58.98,corynebacterium,0
GCA_024539755.1,HMT-031,Corynebacterium,amycolatum,,VH6958,92,2589448,,Scaffold,58.86,corynebacterium,0
GCA_024539775.1,HMT-031,Corynebacterium,amycolatum,,VH4147_3,142,2639734,,Contig,58.84,corynebacterium,0
GCA_024539835.1,HMT-031,Corynebacterium,amycolatum,,VH4147_1,142,2663586,,Scaffold,58.74,corynebacterium,0
GCA_024539855.1,HMT-031,Corynebacterium,amycolatum,,VH2077,133,2640866,,Contig,58.66,corynebacterium,0
GCA_024539915.1,HMT-031,Corynebacterium,amycolatum,,VH1773,103,2641344,,Contig,58.89,corynebacterium,0
GCA_024539935.1,HMT-031,Corynebacterium,amycolatum,,VH2225,130,2632447,,Contig,58.67,corynebacterium,0
GCA_025145255.1,HMT-031,Corynebacterium,amycolatum,,p3-SID879,6,2496688,,Contig,58.74,corynebacterium,0
GCA_029338415.1,HMT-031,Corynebacterium,amycolatum,,SB-1,1,2474928,,Complete Genome,58.64,corynebacterium,0
GCA_029984765.1,HMT-031,Corynebacterium,amycolatum,,bin-100,110,2811939,yes,Contig,56.01,corynebacterium,0
GCA_030216785.1,HMT-031,Corynebacterium,amycolatum,,UMB6494,164,2533841,,Contig,58.6,corynebacterium,0
GCA_030217265.1,HMT-031,Corynebacterium,amycolatum,,UMB3106,136,2658637,,Contig,58.56,corynebacterium,0
GCA_030218005.1,HMT-031,Corynebacterium,amycolatum,,UMB1063,42,2544380,,Contig,58.77,corynebacterium,0
GCA_030232325.1,HMT-031,Corynebacterium,amycolatum,,MSK038,23,2520567,,Scaffold,58.55,corynebacterium,0
GCA_900461385.1,HMT-031,Corynebacterium,amycolatum,,NCTC7243,6,2638280,,Contig,58.78,corynebacterium,0
GCA_902489385.1,HMT-031,Corynebacterium,amycolatum,,MGYG-HGUT-03811,220,2349574,,Contig,58.62,corynebacterium,0
GCA_946220795.1,HMT-031,Corynebacterium,amycolatum,,KWDhT5f8NI_bin.7.MAG,101,2617116,yes,Contig,58.49,corynebacterium,0
GCA_947255095.1,HMT-031,Corynebacterium,amycolatum,,SRR17635736_bin.6_metaWRAP_v1.3_MAG,40,2463088,yes,Contig,58.63,corynebacterium,0
GCA_958437735.1,HMT-031,Corynebacterium,amycolatum,,ERR10960901_bin.11_MetaWRAP_v1.3_MAG,210,2141629,yes,Contig,58.72,corynebacterium,0
GCA_025144565.1,HMT-033,Corynebacterium,appendicis,,p3-SID973,54,2211941,,Contig,64.26,corynebacterium,0
GCA_030229545.1,HMT-033,Corynebacterium,appendicis,,MSK095,55,2155492,,Scaffold,64.42,corynebacterium,0
GCA_030408415.1,HMT-033,Corynebacterium,appendicis,,CIP 107643,1,2284440,,Complete Genome,64.2,corynebacterium,0
GCA_900156665.1,HMT-033,Corynebacterium,appendicis,,DSM 44531,32,2248056,,Contig,64.31,corynebacterium,0
GCA_943914275.1,HMT-033,Corynebacterium,appendicis,,JVunxdyFQ0_bin.2.MAG,94,2186552,yes,Contig,64.49,corynebacterium,0
GCA_000022905.1,HMT-034,Corynebacterium,aurimucosum,,DSM 44827; ATCC 700975,2,2819226,,Complete Genome,60.56,corynebacterium,0
GCA_000174695.1,HMT-034,Corynebacterium,aurimucosum,,ATCC 700975,101,2730325,,Contig,60.74,corynebacterium,0
GCA_001807205.1,HMT-034,Corynebacterium,aurimucosum,,HMSC05D03,43,2642799,,Scaffold,60.64,corynebacterium,0
GCA_001811145.1,HMT-034,Corynebacterium,aurimucosum,,HMSC062A03,66,2606195,,Scaffold,60.61,corynebacterium,0
GCA_001813175.1,HMT-034,Corynebacterium,aurimucosum,,HMSC069E04,90,2642255,,Scaffold,60.65,corynebacterium,0
GCA_001813925.1,HMT-034,Corynebacterium,aurimucosum,,HMSC072D12,45,2566381,,Scaffold,60.76,corynebacterium,0
GCA_001814945.1,HMT-034,Corynebacterium,aurimucosum,,HMSC066C02,54,2631066,,Scaffold,60.66,corynebacterium,0
GCA_007786375.1,HMT-034,Corynebacterium,aurimucosum,,14-2523,111,2632856,,Contig,60.55,corynebacterium,0
GCA_016728685.1,HMT-034,Corynebacterium,aurimucosum,,FDAARGOS_1110,2,2829463,,Complete Genome,60.54,corynebacterium,0
GCA_016728705.1,HMT-034,Corynebacterium,aurimucosum,,FDAARGOS_1109,2,2737787,,Complete Genome,60.3,corynebacterium,0
GCA_018919245.1,HMT-034,Corynebacterium,aurimucosum,,UMB8492-1R,44,2683029,,Contig,60.47,corynebacterium,0
GCA_024138775.1,HMT-034,Corynebacterium,aurimucosum,,DSM 44532,1,2683765,,Chromosome,60.54,corynebacterium,0
GCA_030408555.1,HMT-034,Corynebacterium,aurimucosum,,DSM 44532,2,2740104,,Complete Genome,60.3,corynebacterium,0
GCA_001809405.1,HMT-445,Corynebacterium,hesseae,,HMSC055A01,82,2818382,,Scaffold,61.01,corynebacterium,0
GCA_001810085.1,HMT-445,Corynebacterium,hesseae,,HMSC072A02,92,2753344,,Scaffold,60.93,corynebacterium,0
GCA_001810695.1,HMT-445,Corynebacterium,hesseae,,HMSC065D07,58,2658959,,Scaffold,61.04,corynebacterium,0
GCA_001811565.1,HMT-445,Corynebacterium,hesseae,,HMSC078A10,53,2761821,,Scaffold,60.9,corynebacterium,0
GCA_001813425.1,HMT-445,Corynebacterium,hesseae,,HMSC056E09,59,2672238,,Scaffold,61.0,corynebacterium,0
GCA_001814525.1,HMT-445,Corynebacterium,hesseae,,HMSC078C09,72,2669014,,Scaffold,61.09,corynebacterium,0
GCA_002861385.2,HMT-445,Corynebacterium,hesseae,,UMB0043,22,2645301,,Scaffold,60.96,corynebacterium,0
GCA_007097445.1,HMT-445,Corynebacterium,hesseae,,2218,52,2737922,,Contig,60.88,corynebacterium,0
GCA_007097455.1,HMT-445,Corynebacterium,hesseae,,2271,41,2657049,,Contig,61.02,corynebacterium,0
GCA_007097675.1,HMT-445,Corynebacterium,hesseae,,2226,58,2742396,,Contig,61.06,corynebacterium,0
GCA_007109275.1,HMT-445,Corynebacterium,hesseae,,2299,94,2720157,,Contig,61.08,corynebacterium,0
GCA_007672555.1,HMT-445,Corynebacterium,hesseae,,DE0417,33,2668890,,Scaffold,61.12,corynebacterium,0
GCA_007672735.1,HMT-445,Corynebacterium,hesseae,,DE0407,63,2675843,,Scaffold,61.09,corynebacterium,0
GCA_007678885.1,HMT-445,Corynebacterium,hesseae,,DE0142,74,2679379,,Scaffold,61.02,corynebacterium,0
GCA_009707975.1,HMT-445,Corynebacterium,hesseae,,85,55,2669544,,Contig,61.08,corynebacterium,0
GCA_009707995.1,HMT-445,Corynebacterium,hesseae,,13,61,2637059,,Contig,61.07,corynebacterium,0
GCA_015070505.1,HMT-445,Corynebacterium,hesseae,,HESMS017b,21,2629169,,Contig,61.18,corynebacterium,0
GCA_015070775.1,HMT-445,Corynebacterium,hesseae,,HESN016,17,2613953,,Contig,61.11,corynebacterium,0
GCA_022346165.1,HMT-445,Corynebacterium,hesseae,,ACRQA,52,2688050,,Contig,60.99,corynebacterium,0
GCA_001059615.1,HMT-450,Corynebacterium,aurimucosum,,945_CAUR,138,2807048,,Scaffold,61.09,corynebacterium,0
GCA_001808895.1,HMT-450,Corynebacterium,aurimucosum,,HMSC070E08,79,2725857,,Scaffold,61.09,corynebacterium,0
GCA_001809235.1,HMT-450,Corynebacterium,aurimucosum,,HMSC072A04,97,2804419,,Scaffold,61.13,corynebacterium,0
GCA_001813755.1,HMT-450,Corynebacterium,aurimucosum,,HMSC074H12,76,2810041,,Scaffold,60.99,corynebacterium,0
GCA_001814885.1,HMT-450,Corynebacterium,aurimucosum,,HMSC068G04,67,2793519,,Scaffold,61.04,corynebacterium,0
GCA_001815785.1,HMT-450,Corynebacterium,aurimucosum,,HMSC056F09,99,2758830,,Scaffold,61.18,corynebacterium,0
GCA_001836065.1,HMT-450,Corynebacterium,aurimucosum,,HMSC035E02,91,2767129,,Scaffold,61.14,corynebacterium,0
GCA_002871735.1,HMT-450,Corynebacterium,aurimucosum,,UMB1300,64,2815167,,Scaffold,61.22,corynebacterium,0
GCA_007097425.1,HMT-450,Corynebacterium,aurimucosum,,2274,85,2865662,,Contig,61.06,corynebacterium,0
GCA_007786365.1,HMT-450,Corynebacterium,aurimucosum,,15-4290,95,2875801,,Contig,60.94,corynebacterium,0
GCA_009708045.1,HMT-450,Corynebacterium,aurimucosum,,332,48,2744408,,Contig,61.23,corynebacterium,0
GCA_003932215.1,HMT-208,Corynebacterium,bovis,,F6900,31,2628675,,Contig,73.01,corynebacterium,0
GCA_003932255.1,HMT-208,Corynebacterium,bovis,,Dec-46,43,2673236,,Contig,72.64,corynebacterium,0
GCA_003932295.1,HMT-208,Corynebacterium,bovis,,4826,12,2666089,,Contig,72.82,corynebacterium,0
GCA_003932435.1,HMT-208,Corynebacterium,bovis,,13-1426,38,2670676,,Contig,72.63,corynebacterium,0
GCA_003932475.1,HMT-208,Corynebacterium,bovis,,4828,16,2633176,,Contig,72.96,corynebacterium,0
GCA_014191555.1,HMT-208,Corynebacterium,bovis,,DSM 20582,15,2694851,,Contig,72.87,corynebacterium,0
GCA_016128075.1,HMT-208,Corynebacterium,bovis,,FDAARGOS_1052,2,2652195,,Complete Genome,72.91,corynebacterium,0
GCA_029846575.1,HMT-208,Corynebacterium,bovis,,24956,10,2586948,,Contig,73.04,corynebacterium,0
GCA_030408615.1,HMT-208,Corynebacterium,bovis,,DSM 20582,2,2652582,,Complete Genome,72.91,corynebacterium,0
GCA_002861345.1,HMT-341,Corynebacterium,coyleae,,UMB0989,38,2481760,,Contig,61.44,corynebacterium,0
GCA_002861365.1,HMT-341,Corynebacterium,coyleae,,UMB0147,41,2436985,,Scaffold,61.52,corynebacterium,0
GCA_012030345.1,HMT-341,Corynebacterium,coyleae,,UMB8490,62,2483223,,Contig,61.42,corynebacterium,0
GCA_019048165.1,HMT-341,Corynebacterium,coyleae,,FDAARGOS 1425,1,2510261,,Complete Genome,61.39,corynebacterium,0
GCA_020097655.1,HMT-341,Corynebacterium,coyleae,,FDAARGOS_1492,1,2582814,,Complete Genome,61.19,corynebacterium,0
GCA_030229005.1,HMT-341,Corynebacterium,coyleae,,MSK104,72,2405598,,Scaffold,61.62,corynebacterium,0
GCA_030232305.1,HMT-341,Corynebacterium,coyleae,,MSK033,73,2452523,,Scaffold,61.59,corynebacterium,0
GCA_030232395.1,HMT-341,Corynebacterium,coyleae,,MSK028,73,2404989,,Scaffold,61.62,corynebacterium,0
GCA_030408635.1,HMT-341,Corynebacterium,coyleae,,DSM 44184,1,2508772,,Complete Genome,61.39,corynebacterium,0
GCA_900105505.1,HMT-341,Corynebacterium,coyleae,,DSM 44184,2,2568936,,Contig,61.32,corynebacterium,0
GCA_000241915.1,HMT-591,Corynebacterium,diphtheriae,,INCA 402,1,2449071,,Complete Genome,53.65,corynebacterium,0
GCA_001457455.1,HMT-591,Corynebacterium,diphtheriae,,NCTC11397,1,2463666,,Complete Genome,53.52,corynebacterium,0
GCA_001913265.1,HMT-591,Corynebacterium,diphtheriae,,DSM 44123,28,2371600,,Contig,53.53,corynebacterium,0
GCA_003194045.1,HMT-591,Corynebacterium,diphtheriae,,BQ11,1,2557381,,Complete Genome,53.61,corynebacterium,0
GCA_024968205.1,HMT-591,Corynebacterium,diphtheriae,,1269/21,1,2437577,,Complete Genome,53.49,corynebacterium,0
GCA_024968285.1,HMT-591,Corynebacterium,diphtheriae,,49390/20,1,2451330,,Complete Genome,53.49,corynebacterium,0
GCA_024968525.1,HMT-591,Corynebacterium,diphtheriae,,824/20,1,2442362,,Complete Genome,53.6,corynebacterium,0
GCA_024969465.1,HMT-591,Corynebacterium,diphtheriae,,5521/17,1,2452932,,Complete Genome,53.5,corynebacterium,0
GCA_030408695.1,HMT-591,Corynebacterium,diphtheriae,,DSM 44123,1,2405729,,Complete Genome,53.53,corynebacterium,0
GCA_902809765.1,HMT-591,Corynebacterium,diphtheriae,,NCTC11397,1,2463666,,Complete Genome,53.52,corynebacterium,0
GCA_000318135.1,HMT-595,Corynebacterium,durum,,F0235,20,2809576,,Scaffold,56.85,corynebacterium,0
GCA_013410305.1,HMT-595,Corynebacterium,durum,,DSM 45333,1,2800016,,Contig,57.15,corynebacterium,0
GCA_030408675.1,HMT-595,Corynebacterium,durum,,DSM 45333,1,2786863,,Complete Genome,57.15,corynebacterium,0
GCA_030528005.1,HMT-595,Corynebacterium,durum,,S18M_Sa_12,31,2819628,,Scaffold,57.13,corynebacterium,0
GCA_905370355.1,HMT-595,Corynebacterium,durum,,DRR241310-mag-bin.2,206,2294648,yes,Contig,57.68,corynebacterium,0
GCA_905372145.1,HMT-595,Corynebacterium,durum,,SRR9217399-mag-bin.13,221,2182802,yes,Contig,57.79,corynebacterium,0
GCA_916719845.1,HMT-595,Corynebacterium,durum,,SRR15235668_bin.2_metaWRAP_v1.1_MAG,238,2478936,yes,Contig,57.32,corynebacterium,0
GCA_938030135.1,HMT-595,Corynebacterium,durum,,ERR589646_bin.22_CONCOCT_v1.1_MAG,28,2821757,yes,Contig,57.01,corynebacterium,0
GCA_002273005.1,HMT-207,Corynebacterium,gottingense,,NBT06-6,76,2689254,,Contig,65.14,corynebacterium,0
GCA_002285075.1,HMT-207,Corynebacterium,gottingense,,NML93-0607,20,2571247,,Contig,65.52,corynebacterium,0
GCA_002285085.1,HMT-207,Corynebacterium,gottingense,,NML 150383,22,2527537,,Contig,65.58,corynebacterium,0
GCA_002285115.1,HMT-207,Corynebacterium,gottingense,,NML92-0415,33,2543156,,Contig,65.61,corynebacterium,0
GCA_002285125.1,HMT-207,Corynebacterium,gottingense,,NML99-0020,19,2483065,,Contig,65.63,corynebacterium,0
GCA_002285155.1,HMT-207,Corynebacterium,gottingense,,NML 120412,13,2597765,,Scaffold,65.53,corynebacterium,0
GCA_002285175.1,HMT-207,Corynebacterium,gottingense,,NML00-0156,23,2516585,,Contig,65.65,corynebacterium,0
GCA_003693265.1,HMT-207,Corynebacterium,gottingense,,DSM 103494,164,2623280,,Contig,65.48,corynebacterium,0
GCA_007559235.1,HMT-207,Corynebacterium,gottingense,,LMG 29598,23,2529719,,Contig,65.63,corynebacterium,0
GCA_007786415.1,HMT-207,Corynebacterium,gottingense,,NML180780,30,2584921,,Contig,65.42,corynebacterium,0
GCA_016785885.1,HMT-207,Corynebacterium,gottingense,,PRD07,2,2539775,,Scaffold,65.61,corynebacterium,0
GCA_022346085.1,HMT-207,Corynebacterium,gottingense,,ACRQI,72,2563029,,Contig,65.46,corynebacterium,0
GCA_022346125.1,HMT-207,Corynebacterium,gottingense,,ACRQG,74,2565541,,Contig,65.45,corynebacterium,0
GCA_022346135.1,HMT-207,Corynebacterium,gottingense,,ACRQH,75,2566799,,Contig,65.45,corynebacterium,0
GCA_030408875.1,HMT-207,Corynebacterium,gottingense,,DSM 108986,1,2612809,,Complete Genome,65.36,corynebacterium,0
GCA_030408895.1,HMT-207,Corynebacterium,gottingense,,DSM 108039,1,2596253,,Complete Genome,65.38,corynebacterium,0
GCA_030440305.1,HMT-207,Corynebacterium,gottingense,,DSM 105365,1,2736752,,Complete Genome,64.99,corynebacterium,0
GCA_946902955.1,HMT-207,Corynebacterium,gottingense,,Marseille-P8863,39,2641074,,Contig,65.27,corynebacterium,0
GCA_000006605.1,HMT-047,Corynebacterium,jeikeium,,K411 = NCTC 11915,2,2476822,,Complete Genome,61.35,corynebacterium,0
GCA_000163435.1,HMT-047,Corynebacterium,jeikeium,,ATCC 43734,21,2492821,,Scaffold,62.65,corynebacterium,0
GCA_000738175.1,HMT-047,Corynebacterium,jeikeium,,Cj47444,63,2423808,,Scaffold,62.36,corynebacterium,0
GCA_000738385.1,HMT-047,Corynebacterium,jeikeium,,Cj47445,75,2503067,,Scaffold,61.37,corynebacterium,0
GCA_000738405.1,HMT-047,Corynebacterium,jeikeium,,Cj47447,84,2411939,,Contig,61.48,corynebacterium,0
GCA_001999385.1,HMT-047,Corynebacterium,jeikeium,,ATCC 43734,111,2447019,,Scaffold,61.57,corynebacterium,0
GCA_028609885.1,HMT-047,Corynebacterium,jeikeium,,DSM 7171,1,2524840,,Complete Genome,61.42,corynebacterium,0
GCA_900100745.1,HMT-047,Corynebacterium,jeikeium,,BVI,23,2306230,,Contig,61.6,corynebacterium,0
GCA_900461185.1,HMT-047,Corynebacterium,jeikeium,,NCTC11913,2,2526027,,Contig,61.43,corynebacterium,0
GCA_900461255.1,HMT-047,Corynebacterium,jeikeium,,NCTC11917,2,2500328,,Contig,61.36,corynebacterium,0
GCA_900477975.1,HMT-047,Corynebacterium,jeikeium,,NCTC11914,1,2414649,,Complete Genome,61.75,corynebacterium,0
GCA_000477995.1,HMT-783,Corynebacterium,kefirresidentii,,KPL1860,8,2484887,,Scaffold,58.46,corynebacterium,0
GCA_000478035.1,HMT-783,Corynebacterium,kefirresidentii,,KPL1857,4,2489851,,Scaffold,58.48,corynebacterium,0
GCA_000478055.1,HMT-783,Corynebacterium,kefirresidentii,,KPL1856,6,2465753,,Scaffold,58.68,corynebacterium,0
GCA_000478115.1,HMT-783,Corynebacterium,kefirresidentii,,KPL1821,7,2470873,,Scaffold,58.69,corynebacterium,0
GCA_000478155.1,HMT-783,Corynebacterium,kefirresidentii,,KPL1817,10,2453143,,Scaffold,58.57,corynebacterium,0
GCA_001054195.1,HMT-783,Corynebacterium,kefirresidentii,,1237_CAUR,48,2355597,,Scaffold,58.86,corynebacterium,0
GCA_011525585.1,HMT-783,Corynebacterium,kefirresidentii,,DA10166-2,54,2415387,,Scaffold,58.69,corynebacterium,0
GCA_016599755.1,HMT-783,Corynebacterium,kefirresidentii,,FDAARGOS_1055,2,2523206,,Complete Genome,58.45,corynebacterium,0
GCA_022345765.1,HMT-783,Corynebacterium,kefirresidentii,,CTNIH6,43,2528086,,Contig,58.42,corynebacterium,0
GCA_022345795.1,HMT-783,Corynebacterium,kefirresidentii,,CTNIH27,39,2528625,,Contig,58.42,corynebacterium,0
GCA_022347295.1,HMT-783,Corynebacterium,kefirresidentii,,CTNIH24,40,2457496,,Contig,58.37,corynebacterium,0
GCA_022347325.1,HMT-783,Corynebacterium,kefirresidentii,,CTNIH2,40,2454916,,Contig,58.37,corynebacterium,0
GCA_023147335.1,HMT-783,Corynebacterium,kefirresidentii,,EYE_437,19,2561832,,Scaffold,58.69,corynebacterium,0
GCA_023147545.1,HMT-783,Corynebacterium,kefirresidentii,,EYE_346,12,2414960,,Contig,58.56,corynebacterium,0
GCA_025151445.1,HMT-783,Corynebacterium,kefirresidentii,,p3-SID1570,19,2417892,,Contig,58.65,corynebacterium,0
GCA_030228925.1,HMT-783,Corynebacterium,kefirresidentii,,MSK194,19,2438596,,Contig,58.51,corynebacterium,0
GCA_030229315.1,HMT-783,Corynebacterium,kefirresidentii,,MSK163,24,2445630,,Scaffold,58.52,corynebacterium,0
GCA_030229765.1,HMT-783,Corynebacterium,kefirresidentii,,MSK185,31,2426866,,Scaffold,58.65,corynebacterium,0
GCA_030232125.1,HMT-783,Corynebacterium,kefirresidentii,,MSK071,81,2509550,,Scaffold,58.51,corynebacterium,0
GCA_030486785.1,HMT-783,Corynebacterium,kefirresidentii,,P5_C4,35,2509220,,Contig,58.31,corynebacterium,0
GCA_030486845.1,HMT-783,Corynebacterium,kefirresidentii,,P7_F1,14,2409602,,Contig,58.54,corynebacterium,0
GCA_030486885.1,HMT-783,Corynebacterium,kefirresidentii,,P7_C1,104,2402275,,Contig,58.52,corynebacterium,0
GCA_030515875.1,HMT-783,Corynebacterium,kefirresidentii,,CT,1,2482927,,Chromosome,58.51,corynebacterium,0
GCA_902482735.1,HMT-783,Corynebacterium,kefirresidentii,,MGYG-HGUT-03125,56,2294743,,Contig,58.81,corynebacterium,0
GCA_936925515.1,HMT-783,Corynebacterium,kefirresidentii,,SRR2005651_bin.20_CONCOCT_v1.1_MAG,35,2401179,yes,Contig,58.59,corynebacterium,0
GCA_946221565.1,HMT-783,Corynebacterium,kefirresidentii,,WQArXgqSXM_bin.4.MAG,24,2337165,yes,Contig,58.73,corynebacterium,0
GCA_000023145.1,HMT-049,Corynebacterium,kroppenstedtii,,DSM 44385,1,2446804,,Complete Genome,57.46,corynebacterium,0
GCA_000971845.1,HMT-049,Corynebacterium,kroppenstedtii,,ITA105,33,2574614,,Contig,56.84,corynebacterium,0
GCA_000971855.1,HMT-049,Corynebacterium,kroppenstedtii,,ITA205,14,2514376,,Contig,56.87,corynebacterium,0
GCA_001552955.1,HMT-049,Corynebacterium,kroppenstedtii,,DNF00591,9,2535741,,Scaffold,56.84,corynebacterium,0
GCA_002871755.1,HMT-049,Corynebacterium,kroppenstedtii,,UMB0869,22,2516257,,Scaffold,56.86,corynebacterium,0
GCA_016889365.1,HMT-049,Corynebacterium,kroppenstedtii,,FDAARGOS_1192,1,2446807,,Complete Genome,57.46,corynebacterium,0
GCA_016889405.1,HMT-049,Corynebacterium,kroppenstedtii,,FDAARGOS_1194,1,2511877,,Complete Genome,57.1,corynebacterium,0
GCA_000738165.1,HMT-454,Corynebacterium,macclintockiae,,Cj19409,44,2356729,,Scaffold,61.81,corynebacterium,0
GCA_000738185.1,HMT-454,Corynebacterium,macclintockiae,,Cj14566,49,2331521,,Scaffold,61.91,corynebacterium,0
GCA_000738195.1,HMT-454,Corynebacterium,macclintockiae,,Cj16348,49,2332166,,Scaffold,61.73,corynebacterium,0
GCA_000738245.1,HMT-454,Corynebacterium,macclintockiae,,Cj30184,263,2411235,,Scaffold,61.87,corynebacterium,0
GCA_000738255.1,HMT-454,Corynebacterium,macclintockiae,,Cj21382,80,2269861,,Scaffold,61.94,corynebacterium,0
GCA_000738265.1,HMT-454,Corynebacterium,macclintockiae,,Cj37130,30,2302511,,Scaffold,61.94,corynebacterium,0
GCA_000738305.1,HMT-454,Corynebacterium,macclintockiae,,Cj38002,36,2305843,,Scaffold,62.04,corynebacterium,0
GCA_000738325.1,HMT-454,Corynebacterium,macclintockiae,,Cj47446,65,2376707,,Scaffold,61.66,corynebacterium,0
GCA_000738335.1,HMT-454,Corynebacterium,macclintockiae,,Cj47453,41,2385811,,Scaffold,61.61,corynebacterium,0
GCA_001809885.1,HMT-454,Corynebacterium,macclintockiae,,HMSC058E07,67,2223736,,Scaffold,62.05,corynebacterium,0
GCA_003688935.1,HMT-050,Corynebacterium,macginleyi,,CCUG 32361,56,2419073,,Contig,57.07,corynebacterium,0
GCA_003688955.1,HMT-050,Corynebacterium,macginleyi,,NML 120205,40,2349818,,Contig,57.21,corynebacterium,0
GCA_016628325.1,HMT-050,Corynebacterium,macginleyi,,14T168,45,2434378,,Contig,57.14,corynebacterium,0
GCA_016628425.2,HMT-050,Corynebacterium,macginleyi,,12T220,2,2497421,,Contig,57.07,corynebacterium,0
GCA_016628525.2,HMT-050,Corynebacterium,macginleyi,,180208,1,2481998,,Complete Genome,57.0,corynebacterium,0
GCA_016628585.1,HMT-050,Corynebacterium,macginleyi,,180216,47,2390797,,Contig,57.15,corynebacterium,0
GCA_016628615.2,HMT-050,Corynebacterium,macginleyi,,180126,2,2405258,,Contig,57.08,corynebacterium,0
GCA_016628735.2,HMT-050,Corynebacterium,macginleyi,,160811,1,2431961,,Complete Genome,57.03,corynebacterium,0
GCA_016628845.1,HMT-050,Corynebacterium,macginleyi,,150801,42,2436459,,Contig,57.14,corynebacterium,0
GCA_016889465.1,HMT-050,Corynebacterium,macginleyi,,FDAARGOS_1195,1,2493537,,Complete Genome,56.98,corynebacterium,0
GCA_000420605.1,HMT-333,Corynebacterium,massiliense,,DSM 45435,26,2183019,,Scaffold,65.0,corynebacterium,0
GCA_028609805.1,HMT-333,Corynebacterium,massiliense,,DSM 45435,1,2237865,,Complete Genome,64.8,corynebacterium,0
GCA_943912895.1,HMT-333,Corynebacterium,massiliense,,pnuwtxEkki_bin.1.MAG,22,2195980,yes,Contig,65.06,corynebacterium,0
GCA_000375365.1,HMT-328,Corynebacterium,mastitidis,,DSM 44356,39,2370005,,Contig,69.0,corynebacterium,0
GCA_002835695.1,HMT-328,Corynebacterium,mastitidis,,16-1433,65,2264319,,Contig,69.04,corynebacterium,0
GCA_022538035.1,HMT-328,Corynebacterium,mastitidis,,RC,42,2153054,,Contig,69.05,corynebacterium,0
GCA_030227215.1,HMT-328,Corynebacterium,mastitidis,,MSK081,19,2368744,,Scaffold,68.71,corynebacterium,0
GCA_947055995.1,HMT-328,Corynebacterium,mastitidis,,SRR12358615_bin.13_metawrap_v1.3_MAG,235,1870788,yes,Contig,69.03,corynebacterium,0
GCA_000158635.1,HMT-666,Corynebacterium,matruchotii,,ATCC 33806,10,2992255,,Scaffold,57.34,corynebacterium,0
GCA_000175375.1,HMT-666,Corynebacterium,matruchotii,,ATCC 14266,8,2855988,,Contig,57.09,corynebacterium,0
GCA_008868665.1,HMT-666,Corynebacterium,matruchotii,,ATCC 14265,50,2850841,,Contig,57.1,corynebacterium,0
GCA_011612265.2,HMT-666,Corynebacterium,matruchotii,,ATCC 14266,1,2866540,,Complete Genome,57.08,corynebacterium,0
GCA_900447555.1,HMT-666,Corynebacterium,matruchotii,,NCTC10254,36,2854659,,Contig,57.05,corynebacterium,0
GCA_900638255.1,HMT-666,Corynebacterium,matruchotii,,NCTC10206,1,2878842,,Complete Genome,57.17,corynebacterium,0
GCA_905372825.1,HMT-666,Corynebacterium,matruchotii,,SRR9217428-mag-bin.17,57,2925442,yes,Contig,57.11,corynebacterium,0
GCA_915066165.1,HMT-666,Corynebacterium,matruchotii,,SRR1045097_bin.4_metaWRAP_v1.1_MAG,49,2843031,yes,Contig,57.19,corynebacterium,0
GCA_927911805.1,HMT-666,Corynebacterium,matruchotii,,ERR3827335_bin.1_metaWRAP_v1.1_MAG,140,2802994,yes,Contig,57.3,corynebacterium,0
GCA_938010395.1,HMT-666,Corynebacterium,matruchotii,,ERR589472_bin.16_CONCOCT_v1.1_MAG,30,2878501,yes,Contig,57.13,corynebacterium,0
GCA_946222405.1,HMT-666,Corynebacterium,matruchotii,,27CQ6gwMHQ_bin.1.MAG,221,2537573,yes,Contig,57.56,corynebacterium,0
GCA_000805675.1,HMT-053,Corynebacterium,minutissimum,,ATCC 23348,38,2663401,,Contig,59.96,corynebacterium,0
GCA_001552395.1,HMT-053,Corynebacterium,minutissimum,,NBRC 15361,42,2663455,,Contig,59.95,corynebacterium,0
GCA_016027615.1,HMT-053,Corynebacterium,minutissimum,,FDAARGOS_894,1,2695961,,Complete Genome,59.9,corynebacterium,0
GCA_016126915.1,HMT-053,Corynebacterium,minutissimum,,FDAARGOS_992,1,2696014,,Complete Genome,59.9,corynebacterium,0
GCA_016889765.1,HMT-053,Corynebacterium,minutissimum,,FDAARGOS_1196,1,2725312,,Complete Genome,59.95,corynebacterium,0
GCA_016889985.1,HMT-053,Corynebacterium,minutissimum,,FDAARGOS_1242,2,2774993,,Complete Genome,59.87,corynebacterium,0
GCA_022345885.1,HMT-053,Corynebacterium,minutissimum,,ACRQO,36,2588109,,Contig,59.99,corynebacterium,0
GCA_900447475.1,HMT-053,Corynebacterium,minutissimum,,NCTC10289,2,2736326,,Contig,59.95,corynebacterium,0
GCA_900478045.1,HMT-053,Corynebacterium,minutissimum,,NCTC10288,1,2695970,,Complete Genome,59.9,corynebacterium,0
GCA_900637065.1,HMT-053,Corynebacterium,minutissimum,,NCTC10285,1,2696013,,Complete Genome,59.9,corynebacterium,0
GCA_000747315.1,HMT-835,Corynebacterium,mucifaciens,,IMMIB RIV-2301,2,2328278,,Complete Genome,65.01,corynebacterium,0
GCA_012396315.1,HMT-835,Corynebacterium,mucifaciens,,ATCC 700355,25,2185664,,Contig,65.47,corynebacterium,0
GCA_025144085.1,HMT-835,Corynebacterium,mucifaciens,,p3-SID1220,30,2067591,,Contig,65.61,corynebacterium,0
GCA_030486605.1,HMT-835,Corynebacterium,mucifaciens,,P14_F4,29,2114939,,Contig,65.48,corynebacterium,0
GCA_030486815.1,HMT-835,Corynebacterium,mucifaciens,,P4_C2,16,2037780,,Contig,65.63,corynebacterium,0
GCA_936914865.1,HMT-835,Corynebacterium,mucifaciens,,SRR1950741_bin.19_CONCOCT_v1.1_MAG,66,2160475,yes,Contig,65.49,corynebacterium,0
GCA_946221375.1,HMT-835,Corynebacterium,mucifaciens,,ftJtv3UNaR_bin.1.MAG,84,2118906,yes,Scaffold,65.45,corynebacterium,0
GCA_000296405.1,HMT-832,Corynebacterium,otitidis,,ATCC 51513,6,2118285,,Scaffold,71.76,corynebacterium,0
GCA_000297795.2,HMT-832,Corynebacterium,otitidis,,ATCC 51513,32,2154859,,Scaffold,72.42,corynebacterium,0
GCA_000988215.1,HMT-832,Corynebacterium,otitidis,,TD1,148,2144430,,Contig,71.28,corynebacterium,0
GCA_936919755.1,HMT-832,Corynebacterium,otitidis,,SRR3184092_bin.37_CONCOCT_v1.1_MAG,225,2128438,yes,Contig,71.34,corynebacterium,0
GCA_943912515.1,HMT-832,Corynebacterium,otitidis,,ykKrFY3FWv_bin.4.MAG,35,2138777,yes,Contig,71.48,corynebacterium,0
GCA_022346345.1,HMT-054,Corynebacterium,pilbarense,,ACRPU,48,2359061,,Contig,64.94,corynebacterium,0
GCA_026930265.1,HMT-054,Corynebacterium,pilbarense,,CCUG 57942,161,2436250,,Contig,64.17,corynebacterium,0
GCA_000375525.1,HMT-059,Corynebacterium,propinquum,,DSM 44285,22,2458635,,Contig,56.44,corynebacterium,0
GCA_001052555.1,HMT-059,Corynebacterium,propinquum,,1274_CJEI,68,2466773,,Contig,56.52,corynebacterium,0
GCA_001053555.1,HMT-059,Corynebacterium,propinquum,,143_CAUR,82,2521392,,Contig,56.46,corynebacterium,0
GCA_001054395.1,HMT-059,Corynebacterium,propinquum,,149_CJEI,67,2553120,,Contig,56.43,corynebacterium,0
GCA_003989165.1,HMT-059,Corynebacterium,propinquum,,HSID18036,245,2702312,,Contig,56.73,corynebacterium,0
GCA_003989475.1,HMT-059,Corynebacterium,propinquum,,HSID18035,78,2548974,,Contig,56.48,corynebacterium,0
GCA_007671985.1,HMT-059,Corynebacterium,propinquum,,DE0547,220,2628464,,Scaffold,56.2,corynebacterium,0
GCA_007672025.1,HMT-059,Corynebacterium,propinquum,,DE0530,58,2582419,,Scaffold,56.47,corynebacterium,0
GCA_016728625.1,HMT-059,Corynebacterium,propinquum,,FDAARGOS_1113,1,2461302,,Complete Genome,56.43,corynebacterium,0
GCA_016728665.1,HMT-059,Corynebacterium,propinquum,,FDAARGOS_1112,1,2480127,,Complete Genome,56.43,corynebacterium,0
GCA_022345925.1,HMT-059,Corynebacterium,propinquum,,ACRQS,33,2525869,,Contig,56.47,corynebacterium,0
GCA_023509315.1,HMT-059,Corynebacterium,propinquum,,PC1113,1,2514362,,Complete Genome,56.62,corynebacterium,0
GCA_025147045.1,HMT-059,Corynebacterium,propinquum,,p3-SID581,50,2509082,,Contig,56.36,corynebacterium,0
GCA_030175865.1,HMT-059,Corynebacterium,propinquum,,KPL4040,48,2535081,,Contig,56.41,corynebacterium,0
GCA_030175975.1,HMT-059,Corynebacterium,propinquum,,KPL3675,41,2512839,,Contig,56.46,corynebacterium,0
GCA_030176025.1,HMT-059,Corynebacterium,propinquum,,KPL2811,51,2543444,,Contig,56.39,corynebacterium,0
GCA_030176055.1,HMT-059,Corynebacterium,propinquum,,KPL2785,51,2462070,,Contig,56.48,corynebacterium,0
GCA_030176075.1,HMT-059,Corynebacterium,propinquum,,KPL3672,35,2443153,,Contig,56.48,corynebacterium,0
GCA_030176195.1,HMT-059,Corynebacterium,propinquum,,KPL2804,39,2486847,,Contig,56.53,corynebacterium,0
GCA_030176315.1,HMT-059,Corynebacterium,propinquum,,KPL3967,45,2510206,,Contig,56.44,corynebacterium,0
GCA_030176415.1,HMT-059,Corynebacterium,propinquum,,KPL3953,30,2507113,,Contig,56.47,corynebacterium,0
GCA_030176435.1,HMT-059,Corynebacterium,propinquum,,KPL3889,36,2540168,,Contig,56.46,corynebacterium,0
GCA_030176765.1,HMT-059,Corynebacterium,propinquum,,KPL2657,22,2455295,,Contig,56.49,corynebacterium,0
GCA_030176835.1,HMT-059,Corynebacterium,propinquum,,KPL2755,33,2526072,,Contig,56.42,corynebacterium,0
GCA_030176855.1,HMT-059,Corynebacterium,propinquum,,KPL2654,34,2539341,,Contig,56.5,corynebacterium,0
GCA_030228935.1,HMT-059,Corynebacterium,propinquum,,MSK124,34,2442739,,Scaffold,56.52,corynebacterium,0
GCA_030229105.1,HMT-059,Corynebacterium,propinquum,,MSK146,30,2429658,,Scaffold,56.51,corynebacterium,0
GCA_030229925.1,HMT-059,Corynebacterium,propinquum,,MSK290,25,2444083,,Contig,56.46,corynebacterium,0
GCA_030515635.1,HMT-059,Corynebacterium,propinquum,,CP11,1,2487883,,Complete Genome,56.62,corynebacterium,0
GCA_030515675.1,HMT-059,Corynebacterium,propinquum,,CP9,1,2538112,,Chromosome,56.56,corynebacterium,0
GCA_030515695.1,HMT-059,Corynebacterium,propinquum,,CP8,1,2525881,,Chromosome,56.56,corynebacterium,0
GCA_030515715.1,HMT-059,Corynebacterium,propinquum,,CP7,1,2538849,,Chromosome,56.56,corynebacterium,0
GCA_030515735.1,HMT-059,Corynebacterium,propinquum,,CP6,1,2539107,,Complete Genome,56.56,corynebacterium,0
GCA_030515755.1,HMT-059,Corynebacterium,propinquum,,CP5,1,2526008,,Chromosome,56.55,corynebacterium,0
GCA_030515775.1,HMT-059,Corynebacterium,propinquum,,CP4,1,2530919,,Chromosome,56.58,corynebacterium,0
GCA_030515795.1,HMT-059,Corynebacterium,propinquum,,CP3,1,2504442,,Chromosome,56.58,corynebacterium,0
GCA_030515815.1,HMT-059,Corynebacterium,propinquum,,CP2,1,2531501,,Chromosome,56.57,corynebacterium,0
GCA_030515835.1,HMT-059,Corynebacterium,propinquum,,CP1,1,2592346,,Chromosome,56.47,corynebacterium,0
GCA_902362995.1,HMT-059,Corynebacterium,propinquum,,MGYG-HGUT-00081,18,2504704,,Scaffold,56.56,corynebacterium,0
GCA_000466825.2,HMT-060,Corynebacterium,pseudodiphtheriticum,,90104,48,2328061,,Contig,55.31,corynebacterium,0
GCA_000477935.1,HMT-060,Corynebacterium,pseudodiphtheriticum,,KPL1995,1,2313371,,Scaffold,55.35,corynebacterium,0
GCA_000477955.1,HMT-060,Corynebacterium,pseudodiphtheriticum,,KPL1989,3,2317860,,Scaffold,55.35,corynebacterium,0
GCA_000688415.1,HMT-060,Corynebacterium,pseudodiphtheriticum,,DSM 44287,13,2261008,,Contig,55.29,corynebacterium,0
GCA_001665955.1,HMT-060,Corynebacterium,pseudodiphtheriticum,,EPI-003-04-2554_SCH2473622,85,2366960,,Contig,55.35,corynebacterium,0
GCA_003989225.1,HMT-060,Corynebacterium,pseudodiphtheriticum,,HSID17576,28,2305392,,Contig,55.34,corynebacterium,0
GCA_003989245.1,HMT-060,Corynebacterium,pseudodiphtheriticum,,HSID17564,66,2320839,,Contig,55.43,corynebacterium,0
GCA_003989305.1,HMT-060,Corynebacterium,pseudodiphtheriticum,,HSID17260,54,2328440,,Contig,55.43,corynebacterium,0
GCA_003989375.1,HMT-060,Corynebacterium,pseudodiphtheriticum,,HSID17241,39,2314806,,Contig,55.37,corynebacterium,0
GCA_003989495.1,HMT-060,Corynebacterium,pseudodiphtheriticum,,HSID17575,29,2351912,,Contig,55.35,corynebacterium,0
GCA_022345865.1,HMT-060,Corynebacterium,pseudodiphtheriticum,,ACRQT,23,2322325,,Contig,55.16,corynebacterium,0
GCA_023509255.1,HMT-060,Corynebacterium,pseudodiphtheriticum,,CD1121,1,2374277,,Complete Genome,55.38,corynebacterium,0
GCA_023509275.1,HMT-060,Corynebacterium,pseudodiphtheriticum,,PC1145,1,2402479,,Complete Genome,55.27,corynebacterium,0
GCA_023509295.1,HMT-060,Corynebacterium,pseudodiphtheriticum,,PC1130,1,2362766,,Complete Genome,55.3,corynebacterium,0
GCA_025146235.1,HMT-060,Corynebacterium,pseudodiphtheriticum,,p3-SID764,26,2300099,,Contig,55.3,corynebacterium,0
GCA_025146355.1,HMT-060,Corynebacterium,pseudodiphtheriticum,,p3-SID763,29,2303143,,Contig,55.29,corynebacterium,0
GCA_028527665.1,HMT-060,Corynebacterium,pseudodiphtheriticum,,SCPM-O-B-9665 (Don 6),30,2288602,,Contig,55.42,corynebacterium,0
GCA_028527685.1,HMT-060,Corynebacterium,pseudodiphtheriticum,,SCPM-O-B-9664 (Don 5),30,2289230,,Contig,55.42,corynebacterium,0
GCA_028527725.1,HMT-060,Corynebacterium,pseudodiphtheriticum,,SCPM-O-B-9663 (Don 4),13,2338775,,Contig,55.2,corynebacterium,0
GCA_028527745.1,HMT-060,Corynebacterium,pseudodiphtheriticum,,SCPM-O-B-9662 (Don 2),31,2336943,,Contig,55.41,corynebacterium,0
GCA_028527805.1,HMT-060,Corynebacterium,pseudodiphtheriticum,,SCPM-O-B-9433 (R11),18,2315239,,Contig,55.33,corynebacterium,0
GCA_028527825.1,HMT-060,Corynebacterium,pseudodiphtheriticum,,SCPM-O-B-9432 (R9),33,2270638,,Contig,55.47,corynebacterium,0
GCA_028527845.1,HMT-060,Corynebacterium,pseudodiphtheriticum,,SCPM-O-B-9431 (R7),19,2314591,,Contig,55.33,corynebacterium,0
GCA_030175855.1,HMT-060,Corynebacterium,pseudodiphtheriticum,,KPL4066,23,2321312,,Contig,55.2,corynebacterium,0
GCA_030176095.1,HMT-060,Corynebacterium,pseudodiphtheriticum,,KPL2915,40,2303459,,Contig,55.23,corynebacterium,0
GCA_030176115.1,HMT-060,Corynebacterium,pseudodiphtheriticum,,KPL2795,23,2277387,,Contig,55.36,corynebacterium,0
GCA_030176135.1,HMT-060,Corynebacterium,pseudodiphtheriticum,,KPL2865,29,2292906,,Contig,55.37,corynebacterium,0
GCA_030176155.1,HMT-060,Corynebacterium,pseudodiphtheriticum,,KPL2640,31,2386815,,Contig,55.19,corynebacterium,0
GCA_030176215.1,HMT-060,Corynebacterium,pseudodiphtheriticum,,KPL2834,30,2347199,,Contig,55.25,corynebacterium,0
GCA_030176235.1,HMT-060,Corynebacterium,pseudodiphtheriticum,,KPL3772,42,2361786,,Contig,55.28,corynebacterium,0
GCA_030176275.1,HMT-060,Corynebacterium,pseudodiphtheriticum,,KPL4041,24,2333586,,Contig,55.24,corynebacterium,0
GCA_030176295.1,HMT-060,Corynebacterium,pseudodiphtheriticum,,KPL4025,19,2257563,,Contig,55.35,corynebacterium,0
GCA_030176355.1,HMT-060,Corynebacterium,pseudodiphtheriticum,,KPL3833,37,2285471,,Contig,55.21,corynebacterium,0
GCA_030176395.1,HMT-060,Corynebacterium,pseudodiphtheriticum,,KPL3966,17,2388561,,Contig,55.27,corynebacterium,0
GCA_030176535.1,HMT-060,Corynebacterium,pseudodiphtheriticum,,KPL3702,24,2278091,,Contig,55.45,corynebacterium,0
GCA_030176595.1,HMT-060,Corynebacterium,pseudodiphtheriticum,,KPL3770,34,2277291,,Contig,55.28,corynebacterium,0
GCA_030176615.1,HMT-060,Corynebacterium,pseudodiphtheriticum,,KPL3671,29,2264130,,Contig,55.31,corynebacterium,0
GCA_030176635.1,HMT-060,Corynebacterium,pseudodiphtheriticum,,KPL2667,24,2294966,,Contig,55.22,corynebacterium,0
GCA_030176655.1,HMT-060,Corynebacterium,pseudodiphtheriticum,,KPL4010,31,2281882,,Contig,55.24,corynebacterium,0
GCA_030176675.1,HMT-060,Corynebacterium,pseudodiphtheriticum,,KPL2826,20,2294246,,Contig,55.27,corynebacterium,0
GCA_030176715.1,HMT-060,Corynebacterium,pseudodiphtheriticum,,KPL2733,30,2294956,,Contig,55.25,corynebacterium,0
GCA_030176735.1,HMT-060,Corynebacterium,pseudodiphtheriticum,,KPL2621,28,2316762,,Contig,55.16,corynebacterium,0
GCA_030176795.1,HMT-060,Corynebacterium,pseudodiphtheriticum,,KPL2773,33,2295525,,Contig,55.26,corynebacterium,0
GCA_030227205.1,HMT-060,Corynebacterium,pseudodiphtheriticum,,MSK127,11,2384363,,Scaffold,55.24,corynebacterium,0
GCA_030227325.1,HMT-060,Corynebacterium,pseudodiphtheriticum,,MSK080,37,2255576,,Scaffold,55.35,corynebacterium,0
GCA_030228805.1,HMT-060,Corynebacterium,pseudodiphtheriticum,,MSK283,24,2334058,,Scaffold,55.3,corynebacterium,0
GCA_030229035.1,HMT-060,Corynebacterium,pseudodiphtheriticum,,MSK305,27,2297976,,Scaffold,55.41,corynebacterium,0
GCA_030229145.1,HMT-060,Corynebacterium,pseudodiphtheriticum,,MSK300,22,2425046,,Scaffold,55.29,corynebacterium,0
GCA_030229165.1,HMT-060,Corynebacterium,pseudodiphtheriticum,,MSK223,14,2343960,,Scaffold,55.23,corynebacterium,0
GCA_030229185.1,HMT-060,Corynebacterium,pseudodiphtheriticum,,MSK238,23,2346921,,Scaffold,55.34,corynebacterium,0
GCA_030229195.1,HMT-060,Corynebacterium,pseudodiphtheriticum,,MSK172,28,2405178,,Scaffold,55.36,corynebacterium,0
GCA_030229305.1,HMT-060,Corynebacterium,pseudodiphtheriticum,,MSK092,32,2278645,,Scaffold,55.24,corynebacterium,0
GCA_030229415.1,HMT-060,Corynebacterium,pseudodiphtheriticum,,MSK168,29,2348004,,Scaffold,55.34,corynebacterium,0
GCA_030229425.1,HMT-060,Corynebacterium,pseudodiphtheriticum,,MSK188,16,2447609,,Scaffold,55.25,corynebacterium,0
GCA_030229485.1,HMT-060,Corynebacterium,pseudodiphtheriticum,,MSK141,20,2343838,,Scaffold,55.35,corynebacterium,0
GCA_030229515.1,HMT-060,Corynebacterium,pseudodiphtheriticum,,MSK184,18,2390091,,Scaffold,55.27,corynebacterium,0
GCA_030229665.1,HMT-060,Corynebacterium,pseudodiphtheriticum,,MSK110,29,2331903,,Scaffold,55.31,corynebacterium,0
GCA_030229785.1,HMT-060,Corynebacterium,pseudodiphtheriticum,,MSK202,13,2308373,,Scaffold,55.33,corynebacterium,0
GCA_030229835.1,HMT-060,Corynebacterium,pseudodiphtheriticum,,MSK198,20,2373608,,Scaffold,55.29,corynebacterium,0
GCA_030232045.1,HMT-060,Corynebacterium,pseudodiphtheriticum,,MSK311,10,2307781,,Scaffold,55.33,corynebacterium,0
GCA_030232565.1,HMT-060,Corynebacterium,pseudodiphtheriticum,,MSK037,33,2272229,,Scaffold,55.24,corynebacterium,0
GCA_030232605.1,HMT-060,Corynebacterium,pseudodiphtheriticum,,MSK314,21,2344324,,Scaffold,55.35,corynebacterium,0
GCA_030232685.1,HMT-060,Corynebacterium,pseudodiphtheriticum,,MSK164,14,2364133,,Scaffold,55.31,corynebacterium,0
GCA_030232785.1,HMT-060,Corynebacterium,pseudodiphtheriticum,,MSK118,13,2307282,,Scaffold,55.36,corynebacterium,0
GCA_030232845.1,HMT-060,Corynebacterium,pseudodiphtheriticum,,MSK166,29,2360727,,Scaffold,55.29,corynebacterium,0
GCA_030515655.1,HMT-060,Corynebacterium,pseudodiphtheriticum,,CP10,1,2304546,,Chromosome,55.29,corynebacterium,0
GCA_030515855.1,HMT-060,Corynebacterium,pseudodiphtheriticum,,CPD,1,2304556,,Complete Genome,55.29,corynebacterium,0
GCA_937875745.1,HMT-060,Corynebacterium,pseudodiphtheriticum,,SRR2077399_bin.31_CONCOCT_v1.1_MAG,51,2235438,yes,Contig,55.28,corynebacterium,0
GCA_001579275.1,HMT-062,Corynebacterium,simulans,,1B08,66,2653230,,Contig,59.23,corynebacterium,0
GCA_001586215.1,HMT-062,Corynebacterium,simulans,,PES1,1,2737971,,Complete Genome,59.01,corynebacterium,0
GCA_001586235.1,HMT-062,Corynebacterium,simulans,,Wattiau,1,2598702,,Complete Genome,59.26,corynebacterium,0
GCA_001807315.1,HMT-062,Corynebacterium,simulans,,HMSC06D04,43,2672576,,Scaffold,59.04,corynebacterium,0
GCA_001807365.1,HMT-062,Corynebacterium,simulans,,HMSC06G04,40,2627043,,Scaffold,59.1,corynebacterium,0
GCA_001807495.1,HMT-062,Corynebacterium,simulans,,HMSC08C04,41,2657712,,Scaffold,59.13,corynebacterium,0
GCA_002351405.1,HMT-062,Corynebacterium,simulans,,AH4003,39,2637705,,Scaffold,59.23,corynebacterium,0
GCA_022345825.1,HMT-062,Corynebacterium,simulans,,ACRQU,33,2639000,,Contig,59.21,corynebacterium,0
GCA_023148335.1,HMT-062,Corynebacterium,simulans,,EYE_769,23,2564029,,Scaffold,59.1,corynebacterium,0
GCA_030217125.1,HMT-062,Corynebacterium,simulans,,UMB3162,43,2646359,,Contig,59.22,corynebacterium,0
GCA_000833575.1,HMT-063,Corynebacterium,singulare,,IBS B52218,1,2830519,,Complete Genome,60.12,corynebacterium,0
GCA_001807225.1,HMT-063,Corynebacterium,singulare,,HMSC05E07,85,2797062,,Scaffold,59.98,corynebacterium,0
GCA_007666555.1,HMT-063,Corynebacterium,singulare,,DE0529,95,2888281,,Scaffold,59.93,corynebacterium,0
GCA_022346285.1,HMT-063,Corynebacterium,singulare,,ACRQV,54,2775595,,Contig,60.14,corynebacterium,0
GCA_024586525.1,HMT-063,Corynebacterium,singulare,,BF-R-2,37,2804100,,Scaffold,60.17,corynebacterium,0
GCA_000159135.1,HMT-072,Corynebacterium,striatum,,ATCC 6940,85,2828991,,Scaffold,60.9,corynebacterium,0
GCA_001053405.1,HMT-072,Corynebacterium,striatum,,1327_CAUR,94,2914153,,Scaffold,59.2,corynebacterium,0
GCA_001053435.1,HMT-072,Corynebacterium,striatum,,1329_CAUR,94,2905202,,Scaffold,59.21,corynebacterium,0
GCA_001055405.1,HMT-072,Corynebacterium,striatum,,587_CAUR,184,2784991,,Contig,59.43,corynebacterium,0
GCA_001058455.1,HMT-072,Corynebacterium,striatum,,797_CAUR,114,2743259,,Scaffold,59.39,corynebacterium,0
GCA_001059665.1,HMT-072,Corynebacterium,striatum,,962_CAUR,141,2834694,,Scaffold,59.35,corynebacterium,0
GCA_001059955.1,HMT-072,Corynebacterium,striatum,,963_CAUR,151,2830184,,Contig,59.34,corynebacterium,0
GCA_001076975.1,HMT-072,Corynebacterium,striatum,,542_CAUR,91,2829078,,Scaffold,59.32,corynebacterium,0
GCA_001807215.1,HMT-072,Corynebacterium,striatum,,HMSC05D08,85,2812770,,Scaffold,59.27,corynebacterium,0
GCA_001807295.1,HMT-072,Corynebacterium,striatum,,HMSC06C06,74,2652216,,Scaffold,59.41,corynebacterium,0
GCA_002156805.1,HMT-072,Corynebacterium,striatum,,KC-Na-01,3,2797692,,Complete Genome,59.05,corynebacterium,0
GCA_002775055.1,HMT-072,Corynebacterium,striatum,,2230,37,2898882,,Contig,59.4,corynebacterium,0
GCA_002775105.1,HMT-072,Corynebacterium,striatum,,2247,24,2875402,,Contig,59.36,corynebacterium,0
GCA_002803965.1,HMT-072,Corynebacterium,striatum,,215,1,2993983,,Complete Genome,59.2,corynebacterium,0
GCA_002804085.1,HMT-072,Corynebacterium,striatum,,216,1,3031488,,Complete Genome,59.02,corynebacterium,0
GCA_002865925.1,HMT-072,Corynebacterium,striatum,,2023,55,2820414,,Contig,59.25,corynebacterium,0
GCA_003202245.1,HMT-072,Corynebacterium,striatum,,2130,76,3052429,,Contig,59.38,corynebacterium,0
GCA_003202295.1,HMT-072,Corynebacterium,striatum,,2296,71,2861961,,Contig,59.37,corynebacterium,0
GCA_003202355.1,HMT-072,Corynebacterium,striatum,,2425,48,2847990,,Scaffold,59.41,corynebacterium,0
GCA_004138065.1,HMT-072,Corynebacterium,striatum,,WP1a,98,2824576,,Scaffold,59.25,corynebacterium,0
GCA_008042215.1,HMT-072,Corynebacterium,striatum,,LK14,36,2714795,,Contig,59.36,corynebacterium,0
GCA_008373895.1,HMT-072,Corynebacterium,striatum,,LK37,100,2824107,,Contig,59.45,corynebacterium,0
GCA_011682935.1,HMT-072,Corynebacterium,striatum,,CSc20,78,2981342,,Scaffold,59.13,corynebacterium,0
GCA_011682945.1,HMT-072,Corynebacterium,striatum,,NSCs20,76,2937252,,Scaffold,59.17,corynebacterium,0
GCA_011682965.1,HMT-072,Corynebacterium,striatum,,CSc27,79,2796099,,Scaffold,59.31,corynebacterium,0
GCA_011682985.1,HMT-072,Corynebacterium,striatum,,NSCs27,70,2788964,,Contig,59.29,corynebacterium,0
GCA_014610855.1,HMT-072,Corynebacterium,striatum,,1954,14,2840792,,Contig,59.27,corynebacterium,0
GCA_014610885.1,HMT-072,Corynebacterium,striatum,,2038,20,2841405,,Contig,59.27,corynebacterium,0
GCA_016403285.1,HMT-072,Corynebacterium,striatum,,FDAARGOS_1054,1,2952500,,Chromosome,59.07,corynebacterium,0
GCA_016728105.1,HMT-072,Corynebacterium,striatum,,FDAARGOS_1115,1,2904831,,Complete Genome,59.35,corynebacterium,0
GCA_016728205.1,HMT-072,Corynebacterium,striatum,,FDAARGOS_1116,1,2665682,,Complete Genome,59.45,corynebacterium,0
GCA_016889445.1,HMT-072,Corynebacterium,striatum,,FDAARGOS_1197,2,3004754,,Complete Genome,59.09,corynebacterium,0
GCA_022345785.1,HMT-072,Corynebacterium,striatum,,ACRQW,44,2735460,,Contig,59.38,corynebacterium,0
GCA_022835015.1,HMT-072,Corynebacterium,striatum,,CE91-St29,2,2766266,,Contig,59.19,corynebacterium,0
GCA_028527755.1,HMT-072,Corynebacterium,striatum,,SCPM-O-B-9438 (R546),99,2801090,,Contig,59.45,corynebacterium,0
GCA_030224605.1,HMT-072,Corynebacterium,striatum,,UMB6355,61,2596233,,Contig,59.41,corynebacterium,0
GCA_030231045.1,HMT-072,Corynebacterium,striatum,,MSK002,140,2934008,,Scaffold,59.15,corynebacterium,0
GCA_030232105.1,HMT-072,Corynebacterium,striatum,,MSK065,156,2977329,,Scaffold,59.31,corynebacterium,0
GCA_030232165.1,HMT-072,Corynebacterium,striatum,,MSK060,165,2913468,,Scaffold,59.29,corynebacterium,0
GCA_030232205.1,HMT-072,Corynebacterium,striatum,,MSK064,136,2893056,,Scaffold,59.18,corynebacterium,0
GCA_030232215.1,HMT-072,Corynebacterium,striatum,,MSK059,86,2636129,,Scaffold,59.33,corynebacterium,0
GCA_030232245.1,HMT-072,Corynebacterium,striatum,,MSK050,83,2686098,,Scaffold,59.44,corynebacterium,0
GCA_030232485.1,HMT-072,Corynebacterium,striatum,,MSK005,154,2818014,,Scaffold,59.32,corynebacterium,0
GCA_030232805.1,HMT-072,Corynebacterium,striatum,,MSK067,144,2837292,,Scaffold,59.26,corynebacterium,0
GCA_030844905.1,HMT-072,Corynebacterium,striatum,,821F,4,2808886,,Scaffold,59.54,corynebacterium,0
GCA_030844935.1,HMT-072,Corynebacterium,striatum,,821A,3,2993035,,Scaffold,59.46,corynebacterium,0
GCA_030844955.1,HMT-072,Corynebacterium,striatum,,640X,2,2868045,,Scaffold,59.26,corynebacterium,0
GCA_030844975.1,HMT-072,Corynebacterium,striatum,,719S,5,2980774,,Scaffold,59.46,corynebacterium,0
GCA_030844995.1,HMT-072,Corynebacterium,striatum,,391E,5,2998855,,Scaffold,59.46,corynebacterium,0
GCA_030845015.1,HMT-072,Corynebacterium,striatum,,824M,4,2933916,,Scaffold,59.53,corynebacterium,0
GCA_030845035.1,HMT-072,Corynebacterium,striatum,,600M,2,2921682,,Scaffold,59.49,corynebacterium,0
GCA_030845055.1,HMT-072,Corynebacterium,striatum,,708C,4,2921848,,Scaffold,59.5,corynebacterium,0
GCA_900447625.1,HMT-072,Corynebacterium,striatum,,NCTC9755,2,2784006,,Contig,59.33,corynebacterium,0
GCA_900447675.1,HMT-072,Corynebacterium,striatum,,NCTC764,3,2924414,,Contig,59.1,corynebacterium,0
GCA_900683645.1,HMT-072,Corynebacterium,striatum,,3012STDY7069329,7,2916518,,Contig,59.27,corynebacterium,0
GCA_902485235.1,HMT-072,Corynebacterium,striatum,,MGYG-HGUT-03375,57,2788808,,Contig,59.31,corynebacterium,0
GCA_947254015.1,HMT-072,Corynebacterium,striatum,,SRR17635770_bin.7_metaWRAP_v1.3_MAG,168,2660032,yes,Contig,59.38,corynebacterium,0
GCA_000156615.2,HMT-077,Corynebacterium,tuberculostearicum,,ATCC 33035,9,2601426,,Scaffold,59.55,corynebacterium,0
GCA_000175635.1,HMT-077,Corynebacterium,tuberculostearicum,,SK141,37,2372261,,Contig,60.01,corynebacterium,0
GCA_013408445.1,HMT-077,Corynebacterium,tuberculostearicum,,DSM 44922,1,2453172,,Contig,59.74,corynebacterium,0
GCA_016613425.1,HMT-077,Corynebacterium,tuberculostearicum,,CIP 102622,64,2488912,,Contig,59.79,corynebacterium,0
GCA_016728365.1,HMT-077,Corynebacterium,tuberculostearicum,,FDAARGOS_1117,1,2451854,,Complete Genome,59.74,corynebacterium,0
GCA_016894265.1,HMT-077,Corynebacterium,tuberculostearicum,,FDAARGOS_1198,1,2433964,,Chromosome,59.83,corynebacterium,0
GCA_022347225.1,HMT-077,Corynebacterium,tuberculostearicum,,CTNIH8,51,2470047,,Contig,59.62,corynebacterium,0
GCA_022347235.1,HMT-077,Corynebacterium,tuberculostearicum,,CTNIH3,60,2426471,,Contig,59.92,corynebacterium,0
GCA_022347335.1,HMT-077,Corynebacterium,tuberculostearicum,,CTNIH1,59,2401840,,Contig,59.99,corynebacterium,0
GCA_022347345.1,HMT-077,Corynebacterium,tuberculostearicum,,ACRPJ,49,2405762,,Contig,59.71,corynebacterium,0
GCA_022347385.1,HMT-077,Corynebacterium,tuberculostearicum,,CTNIH4,59,2435816,,Contig,59.88,corynebacterium,0
GCA_022347395.1,HMT-077,Corynebacterium,tuberculostearicum,,ACRPF,51,2344812,,Contig,59.89,corynebacterium,0
GCA_022347435.1,HMT-077,Corynebacterium,tuberculostearicum,,CTNIH5,71,2530226,,Contig,59.87,corynebacterium,0
GCA_030176495.1,HMT-077,Corynebacterium,tuberculostearicum,,KPL3807,42,2323810,,Contig,59.97,corynebacterium,0
GCA_030450175.1,HMT-077,Corynebacterium,tuberculostearicum,,CTNIH10,1,2448195,,Complete Genome,59.62,corynebacterium,0
GCA_030486705.1,HMT-077,Corynebacterium,tuberculostearicum,,P5_F2,30,2303461,,Contig,59.94,corynebacterium,0
GCA_030503715.1,HMT-077,Corynebacterium,tuberculostearicum,,CTNIH12,2,2387299,,Complete Genome,59.84,corynebacterium,0
GCA_000759055.1,HMT-184,Corynebacterium,tuscaniense,,DNF00037,82,2227780,,Contig,59.57,corynebacterium,0
GCA_002884935.1,HMT-184,Corynebacterium,tuscaniense,,UMB0792,44,2254903,,Scaffold,59.46,corynebacterium,0
GCA_008693065.1,HMT-184,Corynebacterium,tuscaniense,,CCUG 51321T,223,2263530,,Contig,59.41,corynebacterium,0
GCA_946222205.1,HMT-184,Corynebacterium,tuscaniense,,HhTKsAlsX1_bin.61.MAG,293,1906260,yes,Contig,59.33,corynebacterium,0
GCA_947252405.1,HMT-184,Corynebacterium,tuscaniense,,SRR17635632_bin.7_metaWRAP_v1.3_MAG,100,2101137,yes,Contig,59.43,corynebacterium,0
GCA_000069945.1,HMT-853,Corynebacterium,urealyticum,,DSM 7109,1,2369219,,Complete Genome,64.19,corynebacterium,0
GCA_000338095.1,HMT-853,Corynebacterium,urealyticum,,DSM 7111,1,2316065,,Complete Genome,64.24,corynebacterium,0
GCA_008180045.1,HMT-853,Corynebacterium,urealyticum,,VH4549,4,2402972,,Scaffold,64.4,corynebacterium,0
GCA_008180065.1,HMT-853,Corynebacterium,urealyticum,,VH5913,5,2315346,,Scaffold,64.4,corynebacterium,0
GCA_008244525.1,HMT-853,Corynebacterium,urealyticum,,VH3073,9,2303392,,Scaffold,64.46,corynebacterium,0
GCA_016127095.1,HMT-853,Corynebacterium,urealyticum,,FDAARGOS_996,1,2350935,,Complete Genome,64.14,corynebacterium,0
GCA_016127975.1,HMT-853,Corynebacterium,urealyticum,,FDAARGOS_994,1,2384218,,Complete Genome,64.14,corynebacterium,0
GCA_016403265.1,HMT-853,Corynebacterium,urealyticum,,FDAARGOS_995,1,2397283,,Chromosome,64.11,corynebacterium,0
GCA_900187235.1,HMT-853,Corynebacterium,urealyticum,,NCTC12011,1,2377532,,Complete Genome,64.16,corynebacterium,0
GCA_000263215.1,HMT-753,Cronobacter,sakazakii,,ES15,1,4268675,,Complete Genome,57.11,cronobacter,0
GCA_000684935.1,HMT-753,Cronobacter,sakazakii,,NBRC 102416,100,4548307,,Contig,56.72,cronobacter,0
GCA_000982825.1,HMT-753,Cronobacter,sakazakii,,ATCC 29544,4,4663565,,Complete Genome,56.64,cronobacter,0
GCA_003516125.3,HMT-753,Cronobacter,sakazakii,,CS-931,3,4437993,,Complete Genome,56.91,cronobacter,0
GCA_009648895.1,HMT-753,Cronobacter,sakazakii,,CFSAN068773,4,4581781,,Complete Genome,56.73,cronobacter,0
GCA_013425995.1,HMT-753,Cronobacter,sakazakii,,5563_17,1,4315383,,Complete Genome,56.96,cronobacter,0
GCA_018884085.1,HMT-753,Cronobacter,sakazakii,,C767,3,4585350,,Complete Genome,56.67,cronobacter,0
GCA_018884105.1,HMT-753,Cronobacter,sakazakii,,C79,3,4501378,,Complete Genome,56.89,cronobacter,0
GCA_900447395.1,HMT-753,Cronobacter,sakazakii,,NCTC11467,11,4691673,,Contig,56.62,cronobacter,0
GCA_000023845.1,HMT-579,Cryptobacterium,curtum,,DSM 15641,1,1617804,,Complete Genome,50.91,cryptobacterium,0
GCA_905372935.1,HMT-579,Cryptobacterium,curtum,,SRR9217449-mag-bin.18,149,1457245,yes,Contig,50.7,cryptobacterium,0
GCA_937922855.1,HMT-579,Cryptobacterium,curtum,,ERR589647_bin.24_CONCOCT_v1.1_MAG,17,1585518,yes,Contig,50.79,cryptobacterium,0
GCA_001281465.1,HMT-027,Cupriavidus,gilardii,,CR3,2,5578743,,Complete Genome,67.55,cupriavidus,0
GCA_008801915.1,HMT-027,Cupriavidus,gilardii,,CCUG 38401,115,5792089,,Contig,67.36,cupriavidus,0
GCA_013004615.1,HMT-027,Cupriavidus,gilardii,,ATCC 700815,123,5761323,,Contig,67.43,cupriavidus,0
GCA_013347325.1,HMT-027,Cupriavidus,gilardii,,FDAARGOS_639,3,5760010,,Complete Genome,67.45,cupriavidus,0
GCA_023824295.1,HMT-027,Cupriavidus,gilardii,,QJ1,3,5835791,,Complete Genome,67.38,cupriavidus,0
GCA_025309775.1,HMT-027,Cupriavidus,gilardii,,WM02,2,5687891,,Complete Genome,67.52,cupriavidus,0
GCA_025399565.1,HMT-027,Cupriavidus,gilardii,,CY1,19,5544442,,Contig,67.66,cupriavidus,0
GCA_025399595.1,HMT-027,Cupriavidus,gilardii,,CY2,20,5437722,,Contig,67.78,cupriavidus,0
GCA_000008345.1,HMT-530,Cutibacterium,acnes,,KPA171202,1,2560265,,Complete Genome,60.01,cutibacterium,0
GCA_000025765.1,HMT-530,Cutibacterium,acnes,,SK137,1,2495334,,Complete Genome,60.1,cutibacterium,0
GCA_000213155.1,HMT-530,Cutibacterium,acnes,,266,1,2494578,,Complete Genome,60.03,cutibacterium,0
GCA_000217615.1,HMT-530,Cutibacterium,acnes,,6609,1,2560282,,Complete Genome,60.01,cutibacterium,0
GCA_000221085.2,HMT-530,Cutibacterium,acnes,,CC003-HC2,1,2550549,,Contig,60.04,cutibacterium,0
GCA_000231215.1,HMT-530,Cutibacterium,acnes,,ATCC 11828,1,2488626,,Complete Genome,60.04,cutibacterium,0
GCA_000240015.1,HMT-530,Cutibacterium,acnes,,P.acn33,1,2489623,,Complete Genome,60.04,cutibacterium,0
GCA_000240035.1,HMT-530,Cutibacterium,acnes,,P.acn17,1,2522885,,Complete Genome,60.07,cutibacterium,0
GCA_000240055.1,HMT-530,Cutibacterium,acnes,,P.acn31,1,2498766,,Complete Genome,60.03,cutibacterium,0
GCA_000302515.1,HMT-530,Cutibacterium,acnes,,C1,1,2519002,,Complete Genome,60.06,cutibacterium,0
GCA_000376705.1,HMT-530,Cutibacterium,acnes,,HL096PA1,2,2549775,,Complete Genome,60.16,cutibacterium,0
GCA_000472405.1,HMT-530,Cutibacterium,acnes,,DSM 1897,10,2478994,,Contig,60.05,cutibacterium,0
GCA_000477655.1,HMT-530,Cutibacterium,acnes,,KPL2009,4,2491109,,Scaffold,60.13,cutibacterium,0
GCA_000477755.1,HMT-530,Cutibacterium,acnes,,KPL2008,2,2560551,,Contig,60.01,cutibacterium,0
GCA_000477775.1,HMT-530,Cutibacterium,acnes,,KPL2003,2,2493425,,Contig,60.03,cutibacterium,0
GCA_000477835.1,HMT-530,Cutibacterium,acnes,,KPL1849,2,2472171,,Contig,60.04,cutibacterium,0
GCA_000477855.1,HMT-530,Cutibacterium,acnes,,KPL1847,4,2483868,,Contig,60.01,cutibacterium,0
GCA_000709495.1,HMT-530,Cutibacterium,acnes,,hdn-1,1,2494562,,Complete Genome,60.03,cutibacterium,0
GCA_000730485.1,HMT-530,Cutibacterium,acnes,,ATCC 6919,260,2602215,,Contig,60.18,cutibacterium,0
GCA_001281065.1,HMT-530,Cutibacterium,acnes,,KCOM 1861 (= ChDC B594),1,2522438,,Complete Genome,59.99,cutibacterium,0
GCA_001469555.1,HMT-530,Cutibacterium,acnes,,PA_30_2_L1,1,2530708,,Chromosome,60.03,cutibacterium,0
GCA_001469565.1,HMT-530,Cutibacterium,acnes,,PA_15_1_R1,2,2547961,,Complete Genome,60.16,cutibacterium,0
GCA_001469595.1,HMT-530,Cutibacterium,acnes,,PA_21_1_L1,1,2560354,,Complete Genome,60.01,cutibacterium,0
GCA_001469615.1,HMT-530,Cutibacterium,acnes,,PA_15_2_L1,1,2540008,,Complete Genome,60.12,cutibacterium,0
GCA_001469635.1,HMT-530,Cutibacterium,acnes,,PA_12_1_R1,1,2470017,,Chromosome,60.05,cutibacterium,0
GCA_001469655.1,HMT-530,Cutibacterium,acnes,,PA_12_1_L1,1,2491961,,Complete Genome,60.03,cutibacterium,0
GCA_003030305.1,HMT-530,Cutibacterium,acnes,,ATCC 6919,1,2495001,,Complete Genome,60.03,cutibacterium,0
GCA_003226435.1,HMT-530,Cutibacterium,acnes,,Asn12,2,2484878,,Contig,60.03,cutibacterium,0
GCA_003384195.1,HMT-530,Cutibacterium,acnes,,P15-180,6,2537015,,Contig,60.06,cutibacterium,0
GCA_003384225.1,HMT-530,Cutibacterium,acnes,,P15-178,5,2536713,,Contig,60.06,cutibacterium,0
GCA_003384255.1,HMT-530,Cutibacterium,acnes,,M13605,6,2535330,,Contig,60.06,cutibacterium,0
GCA_003384285.1,HMT-530,Cutibacterium,acnes,,P15-186,5,2479017,,Contig,60.05,cutibacterium,0
GCA_003384415.1,HMT-530,Cutibacterium,acnes,,T20574,4,2480333,,Contig,60.06,cutibacterium,0
GCA_003384445.1,HMT-530,Cutibacterium,acnes,,T20670,4,2480132,,Contig,60.06,cutibacterium,0
GCA_003384465.1,HMT-530,Cutibacterium,acnes,,T20736,4,2480243,,Contig,60.06,cutibacterium,0
GCA_003384485.1,HMT-530,Cutibacterium,acnes,,T20758,5,2480536,,Contig,60.06,cutibacterium,0
GCA_003384495.1,HMT-530,Cutibacterium,acnes,,T20816,4,2480225,,Contig,60.06,cutibacterium,0
GCA_003384525.1,HMT-530,Cutibacterium,acnes,,T29350,6,2479249,,Contig,60.06,cutibacterium,0
GCA_003384535.1,HMT-530,Cutibacterium,acnes,,T29362,6,2479242,,Contig,60.07,cutibacterium,0
GCA_003384555.1,HMT-530,Cutibacterium,acnes,,T29420,4,2478671,,Contig,60.06,cutibacterium,0
GCA_003390995.1,HMT-530,Cutibacterium,acnes,,KCOM 1315,1,2560321,,Complete Genome,60.01,cutibacterium,0
GCA_003425775.1,HMT-530,Cutibacterium,acnes,,P15-077,5,2479049,,Contig,60.05,cutibacterium,0
GCA_003425855.1,HMT-530,Cutibacterium,acnes,,P15-071,6,2517904,,Contig,59.68,cutibacterium,0
GCA_003426225.1,HMT-530,Cutibacterium,acnes,,P15-014,5,2546045,,Contig,60.03,cutibacterium,0
GCA_003426255.1,HMT-530,Cutibacterium,acnes,,P15-021,5,2477474,,Contig,60.05,cutibacterium,0
GCA_003426685.1,HMT-530,Cutibacterium,acnes,,P15-165,5,2535498,,Contig,60.07,cutibacterium,0
GCA_003798465.1,HMT-530,Cutibacterium,acnes,,FDAARGOS_577,1,2495332,,Complete Genome,60.1,cutibacterium,0
GCA_003812785.1,HMT-530,Cutibacterium,acnes,,FDAARGOS_503,1,2494539,,Complete Genome,60.03,cutibacterium,0
GCA_004136195.1,HMT-530,Cutibacterium,acnes,,DSM 1897,1,2495002,,Complete Genome,60.03,cutibacterium,0
GCA_004136215.1,HMT-530,Cutibacterium,acnes,,KPA171202,1,2560634,,Complete Genome,60.01,cutibacterium,0
GCA_005773845.1,HMT-530,Cutibacterium,acnes,,T45-374,5,2483928,,Contig,60.04,cutibacterium,0
GCA_005773885.1,HMT-530,Cutibacterium,acnes,,T45-496,5,2484120,,Contig,60.04,cutibacterium,0
GCA_005773905.1,HMT-530,Cutibacterium,acnes,,T29350,6,2479249,,Contig,60.06,cutibacterium,0
GCA_005773925.1,HMT-530,Cutibacterium,acnes,,T28840,6,2483688,,Contig,60.05,cutibacterium,0
GCA_005773965.1,HMT-530,Cutibacterium,acnes,,T28-811,4,2484004,,Contig,60.04,cutibacterium,0
GCA_005774105.1,HMT-530,Cutibacterium,acnes,,P15-207,6,2465382,,Contig,60.17,cutibacterium,0
GCA_005774145.1,HMT-530,Cutibacterium,acnes,,P15-186,5,2479017,,Contig,60.05,cutibacterium,0
GCA_005774205.1,HMT-530,Cutibacterium,acnes,,P15-178,5,2536546,,Contig,60.06,cutibacterium,0
GCA_005774245.1,HMT-530,Cutibacterium,acnes,,P15-165,5,2535403,,Contig,60.07,cutibacterium,0
GCA_005774405.1,HMT-530,Cutibacterium,acnes,,P15-077,5,2478893,,Contig,60.05,cutibacterium,0
GCA_005774425.1,HMT-530,Cutibacterium,acnes,,P15-021,5,2477459,,Contig,60.05,cutibacterium,0
GCA_005774435.1,HMT-530,Cutibacterium,acnes,,P15-014,5,2546045,,Contig,60.03,cutibacterium,0
GCA_005937155.1,HMT-530,Cutibacterium,acnes,,T45496,5,2484758,,Contig,60.04,cutibacterium,0
GCA_005937245.1,HMT-530,Cutibacterium,acnes,,T19558,5,2484307,,Contig,60.04,cutibacterium,0
GCA_005937265.1,HMT-530,Cutibacterium,acnes,,T28811,4,2484004,,Contig,60.04,cutibacterium,0
GCA_005937345.1,HMT-530,Cutibacterium,acnes,,T45801,6,2465584,,Contig,60.17,cutibacterium,0
GCA_005937375.1,HMT-530,Cutibacterium,acnes,,T16975,5,2536713,,Contig,60.06,cutibacterium,0
GCA_005937385.1,HMT-530,Cutibacterium,acnes,,T45864,6,2495791,,Contig,60.24,cutibacterium,0
GCA_005937555.1,HMT-530,Cutibacterium,acnes,,T45374,5,2483928,,Contig,60.04,cutibacterium,0
GCA_005937615.1,HMT-530,Cutibacterium,acnes,,T28840,6,2483851,,Contig,60.05,cutibacterium,0
GCA_005937695.1,HMT-530,Cutibacterium,acnes,,T70038,5,2479017,,Contig,60.05,cutibacterium,0
GCA_006240615.1,HMT-530,Cutibacterium,acnes,,T51788,5,2479049,,Contig,60.05,cutibacterium,0
GCA_006240625.1,HMT-530,Cutibacterium,acnes,,T55800,6,2535399,,Contig,60.06,cutibacterium,0
GCA_006240665.1,HMT-530,Cutibacterium,acnes,,T45321,6,2517904,,Contig,59.68,cutibacterium,0
GCA_006240685.1,HMT-530,Cutibacterium,acnes,,T77719,5,2477474,,Contig,60.05,cutibacterium,0
GCA_006240705.1,HMT-530,Cutibacterium,acnes,,T77864,5,2546045,,Contig,60.03,cutibacterium,0
GCA_006240735.1,HMT-530,Cutibacterium,acnes,,T27324,5,2534886,,Contig,60.06,cutibacterium,0
GCA_006739385.1,HMT-530,Cutibacterium,acnes,,NBRC 107605,1,2494738,,Complete Genome,60.03,cutibacterium,0
GCA_008728435.1,HMT-530,Cutibacterium,acnes,,ATCC 6919,1,2494216,,Complete Genome,60.03,cutibacterium,0
GCA_009177305.1,HMT-530,Cutibacterium,acnes,,TP-CU389,1,2494387,,Complete Genome,60.02,cutibacterium,0
GCA_011399315.1,HMT-530,Cutibacterium,acnes,,SZ1,1,2494525,,Complete Genome,60.03,cutibacterium,0
GCA_011399455.1,HMT-530,Cutibacterium,acnes,,SZ2,1,2504552,,Complete Genome,60.02,cutibacterium,0
GCA_020181495.1,HMT-530,Cutibacterium,acnes,,NBRC 113869,1,2560907,,Complete Genome,60.02,cutibacterium,0
GCA_021010665.2,HMT-530,Cutibacterium,acnes,,EASDk81B,1,2497202,,Complete Genome,60.02,cutibacterium,0
GCA_021010715.2,HMT-530,Cutibacterium,acnes,,EASDk81A,1,2560652,,Complete Genome,60.01,cutibacterium,0
GCA_021496585.1,HMT-530,Cutibacterium,acnes,,HKGB4,1,2452489,,Chromosome,60.13,cutibacterium,0
GCA_021496605.1,HMT-530,Cutibacterium,acnes,,HKGB3,1,2478156,,Chromosome,60.05,cutibacterium,0
GCA_021496625.1,HMT-530,Cutibacterium,acnes,,HKGB2,1,2477993,,Chromosome,60.06,cutibacterium,0
GCA_022846495.1,HMT-530,Cutibacterium,acnes,,TP-CU411,2,2548394,,Complete Genome,60.07,cutibacterium,0
GCA_026967675.1,HMT-530,Cutibacterium,acnes,,CCSM0331,1,2496923,,Complete Genome,60.02,cutibacterium,0
GCA_029338475.1,HMT-530,Cutibacterium,acnes,,YM-1,1,2494935,,Complete Genome,60.03,cutibacterium,0
GCA_029851525.1,HMT-530,Cutibacterium,acnes,,CBS-BPNBT19153,1,2550536,,Complete Genome,60.04,cutibacterium,0
GCA_029851545.1,HMT-530,Cutibacterium,acnes,,CBS-BPNBT19227,1,2594562,,Complete Genome,59.94,cutibacterium,0
GCA_029851565.1,HMT-530,Cutibacterium,acnes,,CBS-BPNBT19223,1,2578943,,Complete Genome,59.94,cutibacterium,0
GCA_029851585.1,HMT-530,Cutibacterium,acnes,,CBS-BPNBT19329,1,2492467,,Complete Genome,60.04,cutibacterium,0
GCA_029851605.1,HMT-530,Cutibacterium,acnes,,CBS-BPNBT19195,1,2560088,,Complete Genome,60.02,cutibacterium,0
GCA_029851625.1,HMT-530,Cutibacterium,acnes,,CBS-BPNBT19269,1,2547251,,Complete Genome,60.09,cutibacterium,0
GCA_030166615.1,HMT-530,Cutibacterium,acnes,,W80,1,2560578,,Complete Genome,60.01,cutibacterium,0
GCA_030166635.1,HMT-530,Cutibacterium,acnes,,W81,1,2560819,,Complete Genome,60.01,cutibacterium,0
GCA_030295305.1,HMT-530,Cutibacterium,acnes,,TP-CU426,2,2526071,,Complete Genome,60.08,cutibacterium,0
GCA_000227295.1,HMT-552,Cutibacterium,avidum,,ATCC 25577,7,2553960,,Scaffold,63.72,cutibacterium,0
GCA_000367205.1,HMT-552,Cutibacterium,avidum,,44067,1,2526138,,Complete Genome,63.48,cutibacterium,0
GCA_000413335.1,HMT-552,Cutibacterium,avidum,,HGH0353,2,2741290,,Scaffold,63.6,cutibacterium,0
GCA_000477675.1,HMT-552,Cutibacterium,avidum,,KPL2005,6,2569252,,Scaffold,63.36,cutibacterium,0
GCA_000477695.1,HMT-552,Cutibacterium,avidum,,KPL1852,4,2527710,,Scaffold,63.39,cutibacterium,0
GCA_000477735.1,HMT-552,Cutibacterium,avidum,,KPL1838,3,2533889,,Scaffold,63.36,cutibacterium,0
GCA_000477795.1,HMT-552,Cutibacterium,avidum,,KPL2000,3,2562188,,Contig,63.35,cutibacterium,0
GCA_001546875.1,HMT-552,Cutibacterium,avidum,,MJR7694,16,2467154,,Scaffold,63.45,cutibacterium,0
GCA_001692965.1,HMT-552,Cutibacterium,avidum,,UCD-PD2,51,2667287,,Contig,63.36,cutibacterium,0
GCA_001714705.1,HMT-552,Cutibacterium,avidum,,DPC 6544,1,2729848,,Complete Genome,63.43,cutibacterium,0
GCA_001866575.1,HMT-552,Cutibacterium,avidum,,T13,15,2463971,,Contig,63.43,cutibacterium,0
GCA_001866585.1,HMT-552,Cutibacterium,avidum,,T15,14,2462788,,Contig,63.43,cutibacterium,0
GCA_001866625.1,HMT-552,Cutibacterium,avidum,,T14,9,2522071,,Contig,63.39,cutibacterium,0
GCA_002578695.1,HMT-552,Cutibacterium,avidum,,CI878,73,2541539,,Contig,63.4,cutibacterium,0
GCA_002578705.1,HMT-552,Cutibacterium,avidum,,CI855,51,2541663,,Contig,63.49,cutibacterium,0
GCA_002578765.1,HMT-552,Cutibacterium,avidum,,CI853,41,2532456,,Contig,63.47,cutibacterium,0
GCA_002578825.1,HMT-552,Cutibacterium,avidum,,CI882,66,2497070,,Contig,63.38,cutibacterium,0
GCA_002578835.1,HMT-552,Cutibacterium,avidum,,CI828,30,2476142,,Contig,63.42,cutibacterium,0
GCA_003426585.1,HMT-552,Cutibacterium,avidum,,P16-029,20,2693320,,Contig,63.31,cutibacterium,0
GCA_005796055.1,HMT-552,Cutibacterium,avidum,,P313,48,2630617,,Scaffold,63.46,cutibacterium,0
GCA_005937655.1,HMT-552,Cutibacterium,avidum,,T19584,15,2667416,,Contig,63.33,cutibacterium,0
GCA_016766735.1,HMT-552,Cutibacterium,avidum,,KGMB02810,1,2609136,,Complete Genome,63.41,cutibacterium,0
GCA_016766755.1,HMT-552,Cutibacterium,avidum,,KGMB09337,1,2812988,,Complete Genome,63.49,cutibacterium,0
GCA_016834535.1,HMT-552,Cutibacterium,avidum,,KCTC 5339,1,2554716,,Complete Genome,63.4,cutibacterium,0
GCA_018370865.1,HMT-552,Cutibacterium,avidum,,L3_105_000G1_dasL3_105_000G1_concoct_85,28,2695360,yes,Contig,63.28,cutibacterium,0
GCA_018375015.1,HMT-552,Cutibacterium,avidum,,L2_040_000G1_dasL2_040_000G1_concoct_81,44,2593286,yes,Contig,63.41,cutibacterium,0
GCA_018375595.1,HMT-552,Cutibacterium,avidum,,L2_047_000G1_dasL2_047_000G1_concoct_98,160,2673190,yes,Contig,63.4,cutibacterium,0
GCA_019704095.1,HMT-552,Cutibacterium,avidum,,TP-CV4,1,2616193,,Complete Genome,63.49,cutibacterium,0
GCA_019704115.1,HMT-552,Cutibacterium,avidum,,TPCV-14,1,2618726,,Complete Genome,63.34,cutibacterium,0
GCA_022346865.1,HMT-552,Cutibacterium,avidum,,ACRSE,20,2563643,,Contig,63.31,cutibacterium,0
GCA_024104815.1,HMT-552,Cutibacterium,avidum,,ESL7,31,2572090,,Contig,63.39,cutibacterium,0
GCA_024104825.1,HMT-552,Cutibacterium,avidum,,ESL12,20,2501297,,Contig,63.43,cutibacterium,0
GCA_024104855.1,HMT-552,Cutibacterium,avidum,,ESL6,20,2506714,,Contig,63.41,cutibacterium,0
GCA_024104875.1,HMT-552,Cutibacterium,avidum,,ESL2,17,2512404,,Contig,63.36,cutibacterium,0
GCA_024104895.1,HMT-552,Cutibacterium,avidum,,HOL5,16,2471868,,Contig,63.39,cutibacterium,0
GCA_024104915.1,HMT-552,Cutibacterium,avidum,,ZH12,29,2595783,,Contig,63.34,cutibacterium,0
GCA_024104925.1,HMT-552,Cutibacterium,avidum,,HOL4,22,2605641,,Contig,63.4,cutibacterium,0
GCA_024104955.1,HMT-552,Cutibacterium,avidum,,ZH9,23,2512250,,Contig,63.49,cutibacterium,0
GCA_024104975.1,HMT-552,Cutibacterium,avidum,,FJD262,39,2576103,,Contig,63.4,cutibacterium,0
GCA_024104995.1,HMT-552,Cutibacterium,avidum,,HS9,37,2686855,,Contig,63.41,cutibacterium,0
GCA_024105015.1,HMT-552,Cutibacterium,avidum,,HS8,26,2628607,,Contig,63.48,cutibacterium,0
GCA_024105025.1,HMT-552,Cutibacterium,avidum,,HS7,42,2691232,,Contig,63.4,cutibacterium,0
GCA_024105055.1,HMT-552,Cutibacterium,avidum,,HS6,19,2643900,,Contig,63.43,cutibacterium,0
GCA_024105075.1,HMT-552,Cutibacterium,avidum,,HS4,49,2728527,,Contig,63.41,cutibacterium,0
GCA_024105095.1,HMT-552,Cutibacterium,avidum,,HS2,22,2580831,,Contig,63.46,cutibacterium,0
GCA_024105125.1,HMT-552,Cutibacterium,avidum,,HS1,26,2646334,,Contig,63.43,cutibacterium,0
GCA_025143865.1,HMT-552,Cutibacterium,avidum,,p3-SID1327,39,2436173,,Contig,63.43,cutibacterium,0
GCA_026461725.1,HMT-552,Cutibacterium,avidum,,FMS4815,42,2461377,,Contig,63.48,cutibacterium,0
GCA_026461745.1,HMT-552,Cutibacterium,avidum,,FMS2275,36,2460213,,Contig,63.47,cutibacterium,0
GCA_027662445.1,HMT-552,Cutibacterium,avidum,,AM09-6,28,2579474,,Scaffold,63.34,cutibacterium,0
GCA_027690995.1,HMT-552,Cutibacterium,avidum,,TF03-1,30,2576590,,Scaffold,63.34,cutibacterium,0
GCA_027697045.1,HMT-552,Cutibacterium,avidum,,CM01-37,26,2578013,,Scaffold,63.34,cutibacterium,0
GCA_030219045.1,HMT-552,Cutibacterium,avidum,,UMB8269,58,2609401,,Contig,63.37,cutibacterium,0
GCA_030219165.1,HMT-552,Cutibacterium,avidum,,UMB9886,65,2625503,,Contig,63.32,cutibacterium,0
GCA_030219185.1,HMT-552,Cutibacterium,avidum,,UMB9891,69,2623717,,Contig,63.32,cutibacterium,0
GCA_030223345.1,HMT-552,Cutibacterium,avidum,,UMB6759,35,2469693,,Contig,63.45,cutibacterium,0
GCA_030296035.1,HMT-552,Cutibacterium,avidum,,TP-CV302,1,2575722,,Complete Genome,63.17,cutibacterium,0
GCA_031158355.1,HMT-552,Cutibacterium,avidum,,OUH_B21_954616,185,2525795,,Contig,63.37,cutibacterium,0
GCA_031158565.1,HMT-552,Cutibacterium,avidum,,OUH_B21_961998,173,2481605,,Contig,63.36,cutibacterium,0
GCA_031158635.1,HMT-552,Cutibacterium,avidum,,OUH_B20_847533,159,2485617,,Contig,63.44,cutibacterium,0
GCA_031158775.1,HMT-552,Cutibacterium,avidum,,EB23_41501,61,2547762,,Contig,63.35,cutibacterium,0
GCA_902375045.1,HMT-552,Cutibacterium,avidum,,MGYG-HGUT-01446,2,2741290,,Scaffold,63.6,cutibacterium,0
GCA_937920795.1,HMT-552,Cutibacterium,avidum,,SRR3546782_bin.26_CONCOCT_v1.1_MAG,29,2618718,yes,Contig,63.41,cutibacterium,0
GCA_947254495.1,HMT-552,Cutibacterium,avidum,,SRR17635498_bin.5_metaWRAP_v1.3_MAG,200,2454944,yes,Contig,63.42,cutibacterium,0
GCA_959023615.1,HMT-552,Cutibacterium,avidum,,ERR10149262_bin.7_MetaWRAP_v1.3_MAG,27,2572699,yes,Contig,63.45,cutibacterium,0
GCA_000464495.1,HMT-114,Cutibacterium,granulosum,,TM11,98,2140355,,Contig,64.16,cutibacterium,0
GCA_000477715.1,HMT-114,Cutibacterium,granulosum,,KPL1844,4,2127845,,Scaffold,64.24,cutibacterium,0
GCA_001700755.2,HMT-114,Cutibacterium,granulosum,,DSM 20700,53,2165334,,Contig,64.2,cutibacterium,0
GCA_030295285.1,HMT-114,Cutibacterium,granulosum,,TP-CG7,2,2179712,,Complete Genome,64.16,cutibacterium,0
GCA_030826365.1,HMT-114,Cutibacterium,granulosum,,RAGGC_41,49,2090058,,Scaffold,64.25,cutibacterium,0
GCA_900186975.1,HMT-114,Cutibacterium,granulosum,,NCTC11865,1,2175244,,Complete Genome,64.19,cutibacterium,0
GCA_902482805.1,HMT-114,Cutibacterium,granulosum,,MGYG-HGUT-03135,16,2072889,,Contig,64.42,cutibacterium,0
GCA_936919845.1,HMT-114,Cutibacterium,granulosum,,SRR3184093_bin.7_CONCOCT_v1.1_MAG,39,2239306,yes,Contig,64.14,cutibacterium,0
GCA_943912955.1,HMT-114,Cutibacterium,granulosum,,in4FWvFvrJ_bin.3.MAG,21,2205195,yes,Contig,64.16,cutibacterium,0
GCA_000144085.1,HMT-193,Cutibacterium,modestum,,HL044PA1,27,2643856,,Scaffold,60.01,cutibacterium,0
GCA_000145075.1,HMT-193,Cutibacterium,modestum,,HL037PA2,43,2614131,,Scaffold,59.94,cutibacterium,0
GCA_000145415.1,HMT-193,Cutibacterium,modestum,,HL037PA3,24,2621672,,Scaffold,59.97,cutibacterium,0
GCA_000204235.2,HMT-193,Cutibacterium,modestum,,P08,22,2623290,,Contig,59.93,cutibacterium,0
GCA_001717565.1,HMT-193,Cutibacterium,modestum,,F0672,2,2649207,,Complete Genome,59.98,cutibacterium,0
GCA_003384615.1,HMT-193,Cutibacterium,modestum,,T33958,5,2641556,,Contig,59.99,cutibacterium,0
GCA_004793845.1,HMT-193,Cutibacterium,modestum,,NM47_B9-13,12,2643072,,Contig,59.98,cutibacterium,0
GCA_008326345.1,HMT-193,Cutibacterium,modestum,,M12,9,2626218,,Contig,59.93,cutibacterium,0
GCA_019704575.1,HMT-193,Cutibacterium,modestum,,KB17-24694,2,2632705,,Complete Genome,59.91,cutibacterium,0
GCA_024172845.1,HMT-193,Cutibacterium,modestum,,28N,29,2631115,,Contig,59.92,cutibacterium,0
GCA_024172855.1,HMT-193,Cutibacterium,modestum,,31N,24,2609057,,Contig,59.89,cutibacterium,0
GCA_024172895.1,HMT-193,Cutibacterium,modestum,,30N,26,2627068,,Contig,59.93,cutibacterium,0
GCA_900604505.1,HMT-193,Cutibacterium,modestum,,Marseille-P5998,12,2619414,,Contig,59.9,cutibacterium,0
GCA_936919775.1,HMT-193,Cutibacterium,modestum,,SRR6145093_bin.10_CONCOCT_v1.1_MAG,198,2879652,yes,Contig,60.03,cutibacterium,0
GCA_943912935.1,HMT-193,Cutibacterium,modestum,,i7kYWQRPAm_bin.6.MAG,16,2532977,yes,Contig,59.99,cutibacterium,0
GCA_000221145.2,HMT-791,Cutibacterium,namnetense,,SK182B-JCVI,50,2430672,,Contig,60.2,cutibacterium,0
GCA_001642025.1,HMT-791,Cutibacterium,namnetense,,NTS 31307302,24,2369714,,Scaffold,60.54,cutibacterium,0
GCA_003384605.1,HMT-791,Cutibacterium,namnetense,,T34998,6,2399850,,Contig,60.6,cutibacterium,0
GCA_030236405.1,HMT-791,Cutibacterium,namnetense,,OGSA_21,13,2374308,,Contig,60.54,cutibacterium,0
GCA_030239395.1,HMT-791,Cutibacterium,namnetense,,OGSA_30,20,2397796,,Contig,60.58,cutibacterium,0
GCA_030239425.1,HMT-791,Cutibacterium,namnetense,,OGSA_28,21,2399123,,Contig,60.57,cutibacterium,0
GCA_900343115.1,HMT-791,Cutibacterium,namnetense,,Marseille-P4323,41,2373264,,Contig,60.51,cutibacterium,0
GCA_946221685.1,HMT-791,Cutibacterium,namnetense,,TwPYMTC7eD_bin.3.MAG,35,2359221,yes,Contig,60.49,cutibacterium,0
GCA_000018665.1,HMT-023,Delftia,acidovorans,,SPH-1,1,6767514,,Complete Genome,66.48,delftia,0
GCA_000214395.1,HMT-023,Delftia,acidovorans,,Cs1-4,1,6685842,,Complete Genome,66.72,delftia,0
GCA_000741825.1,HMT-023,Delftia,acidovorans,,2167,1,6777958,,Scaffold,66.61,delftia,0
GCA_001598795.1,HMT-023,Delftia,acidovorans,,NBRC 14950,91,6630389,,Contig,66.77,delftia,0
GCA_001886655.1,HMT-023,Delftia,acidovorans,,HK171,1,6430384,,Complete Genome,66.89,delftia,0
GCA_013423845.1,HMT-023,Delftia,acidovorans,,B804,1,6661314,,Complete Genome,66.73,delftia,0
GCA_016026535.1,HMT-023,Delftia,acidovorans,,FDAARGOS_939,1,6351170,,Complete Genome,66.92,delftia,0
GCA_016027075.1,HMT-023,Delftia,acidovorans,,FDAARGOS_909,2,6708547,,Complete Genome,66.51,delftia,0
GCA_016027775.1,HMT-023,Delftia,acidovorans,,FDAARGOS_891,4,7150486,,Complete Genome,66.11,delftia,0
GCA_026970895.1,HMT-023,Delftia,acidovorans,,BIM B-1761,1,6670817,,Complete Genome,66.36,delftia,0
GCA_000413375.1,HMT-354,Dermabacter,hominis,,HFH0086,1,2377736,,Scaffold,63.04,dermabacter,0
GCA_000775415.1,HMT-354,Dermabacter,hominis,,1368,26,2510630,,Scaffold,62.79,dermabacter,0
GCA_001570785.1,HMT-354,Dermabacter,hominis,,NBRC 106157,28,2155270,,Contig,63.18,dermabacter,0
GCA_001807345.1,HMT-354,Dermabacter,hominis,,HMSC06F07,24,2251090,,Scaffold,62.98,dermabacter,0
GCA_001807585.1,HMT-354,Dermabacter,hominis,,HMSC08H10,18,2241036,,Scaffold,62.89,dermabacter,0
GCA_002443115.1,HMT-354,Dermabacter,hominis,,32T,1,2398786,,Complete Genome,62.9,dermabacter,0
GCA_002847685.2,HMT-354,Dermabacter,hominis,,UMB0490,1,2302060,,Complete Genome,62.84,dermabacter,0
GCA_020736445.1,HMT-354,Dermabacter,hominis,,FDAARGOS_1555,1,2374337,,Chromosome,62.91,dermabacter,0
GCA_025144805.1,HMT-354,Dermabacter,hominis,,p3-SID955,57,2288037,,Contig,62.96,dermabacter,0
GCA_025145325.1,HMT-354,Dermabacter,hominis,,p3-SID877,64,2174712,,Contig,63.14,dermabacter,0
GCA_025146485.1,HMT-354,Dermabacter,hominis,,p3-SID715,58,2389709,,Contig,62.85,dermabacter,0
GCA_025147145.1,HMT-354,Dermabacter,hominis,,p3-SID57,33,2192419,,Contig,63.16,dermabacter,0
GCA_025149065.1,HMT-354,Dermabacter,hominis,,p3-SID207,33,2223886,,Contig,63.1,dermabacter,0
GCA_025149405.1,HMT-354,Dermabacter,hominis,,p3-SID1823,51,2256365,,Contig,63.06,dermabacter,0
GCA_025149545.1,HMT-354,Dermabacter,hominis,,p3-SID1727,63,2253497,,Contig,63.03,dermabacter,0
GCA_025150875.1,HMT-354,Dermabacter,hominis,,p3-SID1680,53,2255823,,Contig,63.07,dermabacter,0
GCA_025150985.1,HMT-354,Dermabacter,hominis,,p3-SID1646,39,2249324,,Contig,63.08,dermabacter,0
GCA_025151025.1,HMT-354,Dermabacter,hominis,,p3-SID1644,34,2257019,,Contig,63.06,dermabacter,0
GCA_025151115.1,HMT-354,Dermabacter,hominis,,p3-SID1639,33,2247754,,Contig,63.08,dermabacter,0
GCA_030234045.1,HMT-354,Dermabacter,hominis,,UMB6473-AN360BR,46,2424716,,Contig,62.81,dermabacter,0
GCA_902381725.1,HMT-354,Dermabacter,hominis,,MGYG-HGUT-01448,1,2377736,,Chromosome,63.04,dermabacter,0
GCA_946221715.1,HMT-354,Dermabacter,hominis,,7C5DOzIQju_bin.2.MAG,39,2145908,yes,Contig,63.11,dermabacter,0
GCA_947252715.1,HMT-354,Dermabacter,hominis,,SRR17635703_bin.21_metaWRAP_v1.3_MAG,165,2067686,yes,Contig,63.16,dermabacter,0
GCA_002952055.1,HMT-041,Desulfobulbus,oralis,,HOT041/ORNL,1,2774417,,Complete Genome,59.76,desulfobulbus,0
GCA_905373745.1,HMT-041,Desulfobulbus,oralis,,SRR9217490-mag-bin.10,114,2433601,yes,Contig,60.43,desulfobulbus,0
GCA_938038765.1,HMT-041,Desulfobulbus,oralis,,ERR589373_bin.14_CONCOCT_v1.1_MAG,117,2552752,yes,Contig,60.52,desulfobulbus,0
GCA_001553625.1,HMT-703,Desulfomicrobium,orale,,DSM 12838,1,2783374,,Complete Genome,58.93,desulfomicrobium,0
GCA_000145315.2,HMT-605,Desulfovibrio,fairfieldensis,,3_1_syn3,3,3663932,,Contig,60.77,desulfovibrio,0
GCA_000224635.1,HMT-605,Desulfovibrio,fairfieldensis,,6_1_46AFAA,20,3847181,,Scaffold,61.27,desulfovibrio,0
GCA_001553605.1,HMT-605,Desulfovibrio,fairfieldensis,,CCUG 45958,1,3699310,,Complete Genome,60.9,desulfovibrio,0
GCA_022834915.1,HMT-605,Desulfovibrio,fairfieldensis,,CE91-St38,2,3458893,,Contig,61.26,desulfovibrio,0
GCA_022835475.1,HMT-605,Desulfovibrio,fairfieldensis,,CE91-St39,28,3483796,,Contig,61.21,desulfovibrio,0
GCA_023404035.1,HMT-605,Desulfovibrio,fairfieldensis,,OH_HFB_15,167,3018945,,Contig,62.03,desulfovibrio,0
GCA_023448035.1,HMT-605,Desulfovibrio,fairfieldensis,,OH_HBlB_57,87,3354667,,Contig,61.48,desulfovibrio,0
GCA_023452175.1,HMT-605,Desulfovibrio,fairfieldensis,,OH_HDB_106,113,3390474,,Contig,61.62,desulfovibrio,0
GCA_902373605.1,HMT-605,Desulfovibrio,fairfieldensis,,MGYG-HGUT-01295,3,3663932,,Contig,60.77,desulfovibrio,0
GCA_959023915.1,HMT-605,Desulfovibrio,fairfieldensis,,SRR13494478_bin.17_MetaWRAP_v1.3_MAG,78,3464004,yes,Contig,61.02,desulfovibrio,0
GCA_000160055.1,HMT-118,Dialister,invisus,,DSM 15470,1,1895960,,Scaffold,45.5,dialister,0
GCA_000433275.1,HMT-118,Dialister,invisus,,na,45,1773580,,Scaffold,45.48,dialister,0
GCA_009739355.1,HMT-118,Dialister,invisus,,P2A-1,1,1894694,,Contig,45.35,dialister,0
GCA_014872435.1,HMT-118,Dialister,invisus,,COPD411,22,1773818,,Contig,45.37,dialister,0
GCA_015256265.1,HMT-118,Dialister,invisus,,JCVI_32_bin.14,234,2000039,yes,Scaffold,45.36,dialister,0
GCA_018364995.1,HMT-118,Dialister,invisus,,L3_131_000M1_dasL3_131_000M1_concoct_5,60,1673203,yes,Contig,45.5,dialister,0
GCA_018374535.1,HMT-118,Dialister,invisus,,L3_058_000M1_dasL3_058_000M1_concoct_8,35,1843002,yes,Contig,45.39,dialister,0
GCA_018375345.1,HMT-118,Dialister,invisus,,L2_047_362G1_dasL2_047_362G1_concoct_60,45,1984395,yes,Contig,44.73,dialister,0
GCA_018378815.1,HMT-118,Dialister,invisus,,L2_013_245G1_dasL2_013_245G1_concoct_5,44,1929021,yes,Contig,45.19,dialister,0
GCA_020564385.1,HMT-118,Dialister,invisus,,SL.1.06,45,1783057,,Contig,45.23,dialister,0
GCA_022716635.1,HMT-118,Dialister,invisus,,Map_107_018,239,2530150,,Contig,44.18,dialister,0
GCA_030839305.1,HMT-118,Dialister,invisus,,N1156.8,10,1805260,,Contig,45.26,dialister,0
GCA_030842425.1,HMT-118,Dialister,invisus,,N1170.8,24,1791249,,Contig,45.29,dialister,0
GCA_030843135.1,HMT-118,Dialister,invisus,,N1167.7,24,1807687,,Contig,45.22,dialister,0
GCA_902492845.1,HMT-118,Dialister,invisus,,MGYG-HGUT-04158,24,1763641,,Contig,45.0,dialister,0
GCA_905210985.1,HMT-118,Dialister,invisus,,ERR414242-bin.5,31,1661091,yes,Contig,44.83,dialister,0
GCA_905373435.1,HMT-118,Dialister,invisus,,SRR9217464-mag-bin.4,76,1833164,yes,Contig,45.19,dialister,0
GCA_934831285.1,HMT-118,Dialister,invisus,,MTG220_bin.40.fa,228,1590841,yes,Scaffold,45.8,dialister,0
GCA_934838025.1,HMT-118,Dialister,invisus,,MTG225_bin.45.fa,76,1814295,yes,Scaffold,45.54,dialister,0
GCA_934875275.1,HMT-118,Dialister,invisus,,MTG241_bin.47.fa,119,1836853,yes,Scaffold,45.48,dialister,0
GCA_938036385.1,HMT-118,Dialister,invisus,,ERR414471_bin.73_CONCOCT_v1.1_MAG,37,1920595,yes,Contig,44.49,dialister,0
GCA_943914495.1,HMT-118,Dialister,invisus,,da6yrKMu1g_bin.19.MAG,73,1785844,yes,Contig,45.33,dialister,0
GCA_947002055.1,HMT-118,Dialister,invisus,,SRR19721643_bin.4_metawrap_v1.3_MAG,216,1574870,yes,Contig,45.82,dialister,0
GCA_958346815.1,HMT-118,Dialister,invisus,,ERR8263829_bin.10_MetaWRAP_v1.3_MAG,36,1801161,yes,Contig,45.27,dialister,0
GCA_958347515.1,HMT-118,Dialister,invisus,,ERR9354191_bin.15_MetaWRAP_v1.3_MAG,67,1858499,yes,Contig,44.85,dialister,0
GCA_958402775.1,HMT-118,Dialister,invisus,,ERR9492500_bin.3_MetaWRAP_v1.3_MAG,28,1722294,yes,Contig,45.16,dialister,0
GCA_958403305.1,HMT-118,Dialister,invisus,,ERR9762703_bin.33_MetaWRAP_v1.3_MAG,18,1804515,yes,Contig,45.28,dialister,0
GCA_958406395.1,HMT-118,Dialister,invisus,,ERR8263860_bin.13_MetaWRAP_v1.3_MAG,43,1689904,yes,Contig,45.54,dialister,0
GCA_958424575.1,HMT-118,Dialister,invisus,,ERR9578289_bin.13_MetaWRAP_v1.3_MAG,60,1974901,yes,Contig,45.64,dialister,0
GCA_958434275.1,HMT-118,Dialister,invisus,,SRR17798012_bin.7_MetaWRAP_v1.3_MAG,18,1708913,yes,Contig,45.24,dialister,0
GCA_958440135.1,HMT-118,Dialister,invisus,,ERR4316487_bin.16_MetaWRAP_v1.3_MAG,27,1891164,yes,Contig,44.97,dialister,0
GCA_958443835.1,HMT-118,Dialister,invisus,,ERR4918892_bin.21_MetaWRAP_v1.3_MAG,90,1646985,yes,Contig,45.62,dialister,0
GCA_958449315.1,HMT-118,Dialister,invisus,,ERR9610759_bin.7_MetaWRAP_v1.3_MAG,42,1899534,yes,Contig,45.18,dialister,0
GCA_958454085.1,HMT-118,Dialister,invisus,,SRR18940294_bin.8_MetaWRAP_v1.3_MAG,24,1963109,yes,Contig,44.9,dialister,0
GCA_958455085.1,HMT-118,Dialister,invisus,,SRR22541661_bin.8_MetaWRAP_v1.3_MAG,10,1798651,yes,Contig,45.24,dialister,0
GCA_959023485.1,HMT-118,Dialister,invisus,,ERR10149261_bin.10_MetaWRAP_v1.3_MAG,20,1847868,yes,Contig,45.2,dialister,0
GCA_959023855.1,HMT-118,Dialister,invisus,,SRR13494518_bin.24_MetaWRAP_v1.3_MAG,27,1780422,yes,Contig,45.18,dialister,0
GCA_959027405.1,HMT-118,Dialister,invisus,,SRR20881977_bin.37_MetaWRAP_v1.3_MAG,142,1640075,yes,Contig,46.03,dialister,0
GCA_959596705.1,HMT-118,Dialister,invisus,,SRR16244391_bin.36_MetaWRAP_v1.3_MAG,34,1796317,yes,Contig,45.24,dialister,0
GCA_959605405.1,HMT-118,Dialister,invisus,,SRR16279958_bin.49_MetaWRAP_v1.3_MAG,18,1796328,yes,Contig,45.35,dialister,0
GCA_000183445.2,HMT-843,Dialister,micraerophilus,,UPII 345-E,32,1395825,,Contig,35.65,dialister,0
GCA_000194985.1,HMT-843,Dialister,micraerophilus,,DSM 19965,7,1281836,,Scaffold,36.61,dialister,0
GCA_030227545.1,HMT-843,Dialister,micraerophilus,,UMB12087A.2,104,1407888,,Contig,35.33,dialister,0
GCA_030228535.1,HMT-843,Dialister,micraerophilus,,UMB10230B.1,35,1226292,,Contig,35.28,dialister,0
GCA_946892155.1,HMT-843,Dialister,micraerophilus,,SRR12830916_bin.6_metaWRAP_v1.3_MAG,76,1242955,yes,Contig,34.99,dialister,0
GCA_946999455.1,HMT-843,Dialister,micraerophilus,,SRR16916891_bin.5_metaWRAP_v1.3_MAG,64,1264431,yes,Contig,35.13,dialister,0
GCA_947039085.1,HMT-843,Dialister,micraerophilus,,ERR4705329_bin.2_metaWRAP_v1.3_MAG,116,1157308,yes,Contig,35.28,dialister,0
GCA_947090205.1,HMT-843,Dialister,micraerophilus,,SRR10258546_bin.3_metaWRAP_v1.3_MAG,14,1234903,yes,Contig,35.25,dialister,0
GCA_947252495.1,HMT-843,Dialister,micraerophilus,,SRR17635465_bin.22_metaWRAP_v1.3_MAG,30,1195451,yes,Contig,35.06,dialister,0
GCA_000438335.1,HMT-736,Dialister,pneumosintes,,na,70,1245617,,Scaffold,35.6,dialister,0
GCA_001717505.1,HMT-736,Dialister,pneumosintes,,F0677,1,1274073,,Complete Genome,35.19,dialister,0
GCA_003570845.1,HMT-736,Dialister,pneumosintes,,KCOM 1685,3,1247407,,Scaffold,35.16,dialister,0
GCA_018377045.1,HMT-736,Dialister,pneumosintes,,L3_063_000G1_dasL3_063_000G1_maxbin2.maxbin.098,25,1238898,yes,Contig,34.82,dialister,0
GCA_902471235.1,HMT-736,Dialister,pneumosintes,,MGYG-HGUT-01613,11,1269637,,Contig,35.06,dialister,0
GCA_938021145.1,HMT-736,Dialister,pneumosintes,,ERR589356_bin.6_CONCOCT_v1.1_MAG,23,1267065,yes,Contig,34.97,dialister,0
GCA_959023905.1,HMT-736,Dialister,pneumosintes,,SRR13494478_bin.5_MetaWRAP_v1.3_MAG,28,1310366,yes,Contig,35.23,dialister,0
GCA_001570845.1,HMT-368,Dietzia,cinnamea,,NBRC 105045,134,3486774,,Contig,70.87,dietzia,0
GCA_001571065.1,HMT-368,Dietzia,cinnamea,,NBRC 102147,160,3598827,,Contig,70.77,dietzia,0
GCA_001630765.1,HMT-368,Dietzia,cinnamea,,DSM 43672,57,3505372,,Contig,70.86,dietzia,0
GCA_002999155.1,HMT-368,Dietzia,cinnamea,,W5195,3,3679573,,Complete Genome,70.77,dietzia,0
GCA_003122005.1,HMT-368,Dietzia,cinnamea,,AMT,104,3406678,,Contig,70.75,dietzia,0
GCA_004346635.1,HMT-368,Dietzia,cinnamea,,55,80,3549427,,Scaffold,71.01,dietzia,0
GCA_016905945.1,HMT-368,Dietzia,cinnamea,,BP-168,156,3590735,,Scaffold,70.71,dietzia,0
GCA_025145775.1,HMT-368,Dietzia,cinnamea,,p3-SID826,126,3432491,,Contig,70.95,dietzia,0
GCA_025145915.1,HMT-368,Dietzia,cinnamea,,p3-SID800,224,3615690,,Contig,70.84,dietzia,0
GCA_025147785.1,HMT-368,Dietzia,cinnamea,,p3-SID296,240,3774104,,Contig,70.68,dietzia,0
GCA_025148845.1,HMT-368,Dietzia,cinnamea,,p3-SID233,185,3625388,,Contig,70.74,dietzia,0
GCA_025148875.1,HMT-368,Dietzia,cinnamea,,p3-SID230,221,3675374,,Contig,70.67,dietzia,0
GCA_025149095.1,HMT-368,Dietzia,cinnamea,,p3-SID1900,190,3438131,,Contig,70.91,dietzia,0
GCA_025149385.1,HMT-368,Dietzia,cinnamea,,p3-SID1825,224,3640788,,Contig,70.65,dietzia,0
GCA_025149585.1,HMT-368,Dietzia,cinnamea,,p3-SID1710,212,3565934,,Contig,70.87,dietzia,0
GCA_025150455.1,HMT-368,Dietzia,cinnamea,,p3-SID1786,183,3521846,,Contig,70.86,dietzia,0
GCA_025150485.1,HMT-368,Dietzia,cinnamea,,p3-SID1796,277,3551991,,Contig,70.83,dietzia,0
GCA_025150495.1,HMT-368,Dietzia,cinnamea,,p3-SID1789,256,3534568,,Contig,70.85,dietzia,0
GCA_025150625.1,HMT-368,Dietzia,cinnamea,,p3-SID1766,218,3645951,,Contig,70.74,dietzia,0
GCA_025150635.1,HMT-368,Dietzia,cinnamea,,p3-SID1770,272,3566065,,Contig,70.82,dietzia,0
GCA_025150665.1,HMT-368,Dietzia,cinnamea,,p3-SID1762,180,3578696,,Contig,70.8,dietzia,0
GCA_025150765.1,HMT-368,Dietzia,cinnamea,,p3-SID1715,239,3592312,,Contig,70.79,dietzia,0
GCA_025150845.1,HMT-368,Dietzia,cinnamea,,p3-SID1701,220,3626026,,Contig,70.67,dietzia,0
GCA_025151505.1,HMT-368,Dietzia,cinnamea,,p3-SID1517,168,3626474,,Contig,70.66,dietzia,0
GCA_025151765.1,HMT-368,Dietzia,cinnamea,,p3-SID1379,93,3379007,,Contig,71.03,dietzia,0
GCA_025151785.1,HMT-368,Dietzia,cinnamea,,p3-SID1378,276,3685270,,Contig,70.6,dietzia,0
GCA_025151825.1,HMT-368,Dietzia,cinnamea,,p3-SID1371,113,3447591,,Contig,70.93,dietzia,0
GCA_025151925.1,HMT-368,Dietzia,cinnamea,,p3-SID1377,199,3452034,,Contig,70.95,dietzia,0
GCA_025152065.1,HMT-368,Dietzia,cinnamea,,p3-SID1362,200,3883925,,Contig,70.48,dietzia,0
GCA_025152095.1,HMT-368,Dietzia,cinnamea,,p3-SID1363,205,3642165,,Contig,70.66,dietzia,0
GCA_000245815.1,HMT-813,Dolosigranulum,pigrum,,ATCC 51524,2,1862135,,Scaffold,40.09,dolosigranulum,0
GCA_002005795.1,HMT-813,Dolosigranulum,pigrum,,15S00348,3,2121027,,Contig,39.63,dolosigranulum,0
GCA_003263915.2,HMT-813,Dolosigranulum,pigrum,,KPL1914,1,1890416,,Chromosome,39.54,dolosigranulum,0
GCA_003263965.1,HMT-813,Dolosigranulum,pigrum,,KPL1939_CDC4792-99,47,1893917,,Scaffold,39.53,dolosigranulum,0
GCA_003263975.1,HMT-813,Dolosigranulum,pigrum,,KPL1938_CDC4791-99,64,1873869,,Scaffold,39.66,dolosigranulum,0
GCA_003264005.1,HMT-813,Dolosigranulum,pigrum,,KPL1937_CDC4199-99,65,1976602,,Scaffold,39.91,dolosigranulum,0
GCA_003264045.1,HMT-813,Dolosigranulum,pigrum,,KPL1933_CDC4545-98,19,1861299,,Scaffold,39.69,dolosigranulum,0
GCA_003264065.1,HMT-813,Dolosigranulum,pigrum,,KPL1932_CDC4420-98,69,1934436,,Scaffold,39.68,dolosigranulum,0
GCA_003264085.1,HMT-813,Dolosigranulum,pigrum,,KPL1931_CDC4294-98,82,2014679,,Scaffold,39.56,dolosigranulum,0
GCA_003264135.1,HMT-813,Dolosigranulum,pigrum,,KPL1930_CDC2949-98,92,1886398,,Scaffold,39.68,dolosigranulum,0
GCA_003264145.1,HMT-813,Dolosigranulum,pigrum,,KPL1922_CDC39-95,75,1859258,,Scaffold,39.77,dolosigranulum,0
GCA_007197715.1,HMT-813,Dolosigranulum,pigrum,,83VPs-KB5,1,2082055,,Complete Genome,39.89,dolosigranulum,0
GCA_017655645.1,HMT-813,Dolosigranulum,pigrum,,KPL3256,1,1941401,,Chromosome,39.73,dolosigranulum,0
GCA_017655665.1,HMT-813,Dolosigranulum,pigrum,,KPL3250,1,1904333,,Complete Genome,39.61,dolosigranulum,0
GCA_017655685.1,HMT-813,Dolosigranulum,pigrum,,KPL3090,1,2009643,,Complete Genome,39.74,dolosigranulum,0
GCA_017655705.1,HMT-813,Dolosigranulum,pigrum,,KPL3264,1,1984755,,Chromosome,39.7,dolosigranulum,0
GCA_017655725.1,HMT-813,Dolosigranulum,pigrum,,KPL3086,1,1864691,,Complete Genome,39.79,dolosigranulum,0
GCA_017655745.1,HMT-813,Dolosigranulum,pigrum,,KPL3084,1,1906822,,Complete Genome,39.61,dolosigranulum,0
GCA_017655765.1,HMT-813,Dolosigranulum,pigrum,,KPL3077,1,1957024,,Chromosome,39.23,dolosigranulum,0
GCA_017655785.1,HMT-813,Dolosigranulum,pigrum,,KPL3070,1,1883862,,Complete Genome,39.76,dolosigranulum,0
GCA_017655805.1,HMT-813,Dolosigranulum,pigrum,,KPL3246,1,1946134,,Complete Genome,39.79,dolosigranulum,0
GCA_017655825.1,HMT-813,Dolosigranulum,pigrum,,KPL3069,1,1977296,,Complete Genome,39.58,dolosigranulum,0
GCA_017655845.1,HMT-813,Dolosigranulum,pigrum,,KPL3065,1,1878426,,Complete Genome,39.82,dolosigranulum,0
GCA_017655865.1,HMT-813,Dolosigranulum,pigrum,,KPL3052,1,2001464,,Complete Genome,39.43,dolosigranulum,0
GCA_017655885.1,HMT-813,Dolosigranulum,pigrum,,KPL3050,1,2043806,,Complete Genome,39.3,dolosigranulum,0
GCA_017655905.1,HMT-813,Dolosigranulum,pigrum,,KPL3043,1,1885610,,Complete Genome,39.8,dolosigranulum,0
GCA_017655925.1,HMT-813,Dolosigranulum,pigrum,,KPL3033,1,1958196,,Complete Genome,39.55,dolosigranulum,0
GCA_017655945.1,HMT-813,Dolosigranulum,pigrum,,KPL3274,1,1875895,,Complete Genome,39.76,dolosigranulum,0
GCA_017655965.1,HMT-813,Dolosigranulum,pigrum,,KPL3911,1,1900145,,Complete Genome,39.59,dolosigranulum,0
GCA_905071805.1,HMT-813,Dolosigranulum,pigrum,,AMBR12,32,1900920,,Scaffold,39.71,dolosigranulum,0
GCA_937876575.1,HMT-813,Dolosigranulum,pigrum,,SRR2077399_bin.1_CONCOCT_v1.1_MAG,23,1886320,yes,Contig,39.51,dolosigranulum,0
GCA_943914075.1,HMT-813,Dolosigranulum,pigrum,,IASS5iDOpI_bin.1.MAG,19,1764027,yes,Contig,39.63,dolosigranulum,0
GCA_000024265.1,HMT-654,Eggerthella,lenta,,DSM 2243,1,3632260,,Complete Genome,64.2,eggerthella,0
GCA_002148255.1,HMT-654,Eggerthella,lenta,,C592,1,3593204,,Complete Genome,64.3,eggerthella,0
GCA_003339975.1,HMT-654,Eggerthella,lenta,,DSM 2243,70,3596141,,Scaffold,64.19,eggerthella,0
GCA_003340105.1,HMT-654,Eggerthella,lenta,,ATCC 25559,75,3596161,,Scaffold,64.19,eggerthella,0
GCA_021378605.1,HMT-654,Eggerthella,lenta,,APC055-529-1D,2,3467966,,Complete Genome,64.05,eggerthella,0
GCA_021378625.1,HMT-654,Eggerthella,lenta,,APC055-928-H3-3,1,3266279,,Complete Genome,64.03,eggerthella,0
GCA_021378645.1,HMT-654,Eggerthella,lenta,,APC055-943-4,1,3504888,,Complete Genome,64.19,eggerthella,0
GCA_021378665.1,HMT-654,Eggerthella,lenta,,APC055-539-5C,1,3567447,,Complete Genome,64.07,eggerthella,0
GCA_021378685.1,HMT-654,Eggerthella,lenta,,APC055-920-1E,1,3383173,,Complete Genome,63.97,eggerthella,0
GCA_021378725.1,HMT-654,Eggerthella,lenta,,APC-F2-3,3,3258764,,Complete Genome,64.12,eggerthella,0
GCA_000340375.1,HMT-569,Eggerthia,catenaformis,,OT 569,8,1945158,,Scaffold,33.1,eggerthia,0
GCA_000422605.1,HMT-569,Eggerthia,catenaformis,,DSM 20559,37,1921006,,Scaffold,32.23,eggerthia,0
GCA_937921715.1,HMT-569,Eggerthia,catenaformis,,ERR589631_bin.95_CONCOCT_v1.1_MAG,32,1700661,yes,Contig,31.85,eggerthia,0
GCA_000158615.1,HMT-577,Eikenella,corrodens,,ATCC 23834,12,2171245,,Scaffold,56.55,eikenella,0
GCA_000504685.1,HMT-577,Eikenella,corrodens,,CC92I,9,2214907,,Scaffold,55.66,eikenella,0
GCA_001076785.1,HMT-577,Eikenella,corrodens,,491_NMEN,106,2361428,,Scaffold,55.67,eikenella,0
GCA_001648235.1,HMT-577,Eikenella,corrodens,,NML01-0328,12,2203048,,Contig,55.92,eikenella,0
GCA_001648245.1,HMT-577,Eikenella,corrodens,,NML04-0072,50,2423039,,Contig,55.48,eikenella,0
GCA_001648255.1,HMT-577,Eikenella,corrodens,,NML01-0040,35,2258481,,Contig,55.7,eikenella,0
GCA_001648265.1,HMT-577,Eikenella,corrodens,,NML120819,35,2408287,,Contig,55.67,eikenella,0
GCA_001648315.1,HMT-577,Eikenella,corrodens,,NML130388,13,2188187,,Contig,55.87,eikenella,0
GCA_001648335.1,HMT-577,Eikenella,corrodens,,NML140207,55,2197973,,Contig,55.66,eikenella,0
GCA_001809035.1,HMT-577,Eikenella,corrodens,,HMSC061C02,78,2284273,,Scaffold,55.86,eikenella,0
GCA_001811325.1,HMT-577,Eikenella,corrodens,,HMSC071B05,41,2200272,,Scaffold,55.8,eikenella,0
GCA_001815545.1,HMT-577,Eikenella,corrodens,,HMSC073A11,39,2199832,,Scaffold,55.81,eikenella,0
GCA_002204395.1,HMT-577,Eikenella,corrodens,,KCOM 1378,6,2227855,,Scaffold,55.66,eikenella,0
GCA_003990355.1,HMT-577,Eikenella,corrodens,,KCOM 3110,1,2458478,,Complete Genome,56.03,eikenella,0
GCA_009650805.1,HMT-577,Eikenella,corrodens,,EI_07,81,2412728,,Contig,55.87,eikenella,0
GCA_009650815.1,HMT-577,Eikenella,corrodens,,EI_09,60,2224963,,Contig,55.35,eikenella,0
GCA_009650825.1,HMT-577,Eikenella,corrodens,,EI_05,95,2331998,,Contig,55.47,eikenella,0
GCA_009650835.1,HMT-577,Eikenella,corrodens,,EI_06,193,2461924,,Contig,55.4,eikenella,0
GCA_009650845.1,HMT-577,Eikenella,corrodens,,EI_08,138,2362358,,Contig,55.35,eikenella,0
GCA_009650905.1,HMT-577,Eikenella,corrodens,,EI_03,100,2185166,,Contig,55.88,eikenella,0
GCA_009650925.1,HMT-577,Eikenella,corrodens,,EI_04,120,2246558,,Contig,55.29,eikenella,0
GCA_009650945.1,HMT-577,Eikenella,corrodens,,EI_01,68,2239719,,Contig,55.79,eikenella,0
GCA_019930845.1,HMT-577,Eikenella,corrodens,,FDAARGOS_1474,1,2192571,,Complete Genome,55.65,eikenella,0
GCA_900187105.1,HMT-577,Eikenella,corrodens,,NCTC10596,1,2192577,,Complete Genome,55.65,eikenella,0
GCA_905373135.1,HMT-577,Eikenella,corrodens,,SRR9217453-mag-bin.5,105,2070314,yes,Contig,55.82,eikenella,0
GCA_938022445.1,HMT-577,Eikenella,corrodens,,ERR589371_bin.96_CONCOCT_v1.1_MAG,157,2148105,yes,Contig,55.77,eikenella,0
GCA_002850575.1,HMT-565,Enterobacter,cancerogenus,,CR-Eb1,1,4796512,,Complete Genome,55.78,enterobacter,0
GCA_002891235.1,HMT-565,Enterobacter,cancerogenus,,FDAARGOS_232,7,5179590,,Contig,55.33,enterobacter,0
GCA_005233655.1,HMT-565,Enterobacter,cancerogenus,,CFBP13530,37,4901530,,Contig,55.59,enterobacter,0
GCA_005503595.1,HMT-565,Enterobacter,cancerogenus,,2VL,22,4590525,,Contig,55.85,enterobacter,0
GCA_009648915.1,HMT-565,Enterobacter,cancerogenus,,MiY-F,2,4992573,,Complete Genome,55.59,enterobacter,0
GCA_019047785.1,HMT-565,Enterobacter,cancerogenus,,FDAARGOS 1428,1,4821734,,Complete Genome,55.73,enterobacter,0
GCA_019665745.1,HMT-565,Enterobacter,cancerogenus,,JY65,1,4736684,,Chromosome,55.93,enterobacter,0
GCA_019880465.1,HMT-565,Enterobacter,cancerogenus,,HAEC1,3,5194378,,Complete Genome,55.01,enterobacter,0
GCA_029967835.1,HMT-565,Enterobacter,cancerogenus,,V87_3,35,4706154,,Contig,55.7,enterobacter,0
GCA_904425455.1,HMT-565,Enterobacter,cancerogenus,,UPC1,2,4935357,,Complete Genome,55.59,enterobacter,0
GCA_000213995.1,HMT-634,Enterobacter,hormaechei,,ATCC 49162,14,4860996,,Scaffold,55.74,enterobacter,0
GCA_000814205.1,HMT-634,Enterobacter,hormaechei,,34983,4,5063734,,Complete Genome,54.84,enterobacter,0
GCA_001875655.1,HMT-634,Enterobacter,hormaechei,,ATCC 49162,4,4890213,,Scaffold,55.23,enterobacter,0
GCA_002003685.1,HMT-634,Enterobacter,hormaechei,,HHS 22,85,4679119,,Contig,55.62,enterobacter,0
GCA_013726395.1,HMT-634,Enterobacter,hormaechei,,RHBSTW-00916,4,4849166,,Complete Genome,55.36,enterobacter,0
GCA_013747035.1,HMT-634,Enterobacter,hormaechei,,RHBSTW-00564,4,4847420,,Complete Genome,55.6,enterobacter,0
GCA_025311535.1,HMT-634,Enterobacter,hormaechei,,colR,2,4987708,,Complete Genome,55.42,enterobacter,0
GCA_905232535.2,HMT-634,Enterobacter,hormaechei,,171,7,5026082,,Complete Genome,54.68,enterobacter,0
GCA_000157355.2,HMT-801,Enterococcus,casseliflavus,,EC20,1,3427276,,Complete Genome,42.85,enterococcus,0
GCA_001544095.1,HMT-801,Enterococcus,casseliflavus,,NBRC 100478,54,3498264,,Contig,42.35,enterococcus,0
GCA_001558875.2,HMT-801,Enterococcus,casseliflavus,,FDAARGOS_163,2,3821476,,Complete Genome,42.33,enterococcus,0
GCA_001885845.1,HMT-801,Enterococcus,casseliflavus,,DSM 20680,72,3472622,,Scaffold,42.41,enterococcus,0
GCA_003641225.1,HMT-801,Enterococcus,casseliflavus,,EC-369,2,3668336,,Complete Genome,42.35,enterococcus,0
GCA_016127635.1,HMT-801,Enterococcus,casseliflavus,,FDAARGOS_998,2,3580828,,Complete Genome,42.44,enterococcus,0
GCA_022870765.1,HMT-801,Enterococcus,casseliflavus,,ECB140,1,3784641,,Complete Genome,42.36,enterococcus,0
GCA_023523715.1,HMT-801,Enterococcus,casseliflavus,,SP11,1,3337345,,Complete Genome,42.87,enterococcus,0
GCA_900447665.1,HMT-801,Enterococcus,casseliflavus,,NCTC12361,4,3555408,,Contig,42.35,enterococcus,0
GCA_001267395.1,HMT-880,Enterococcus,durans,,KLDS6.0933,3,3071804,,Complete Genome,37.83,enterococcus,0
GCA_001267865.1,HMT-880,Enterococcus,durans,,KLDS 6.0930,3,3071879,,Complete Genome,37.83,enterococcus,0
GCA_001544215.1,HMT-880,Enterococcus,durans,,NBRC 100479,122,3017302,,Contig,37.79,enterococcus,0
GCA_002277935.1,HMT-880,Enterococcus,durans,,BDGP3,2,2988928,,Complete Genome,38.04,enterococcus,0
GCA_005157865.1,HMT-880,Enterococcus,durans,,Koumiss,1,2930257,,Complete Genome,38.08,enterococcus,0
GCA_015999505.1,HMT-880,Enterococcus,durans,,KCTC 13289,4,3137200,,Complete Genome,37.9,enterococcus,0
GCA_019048325.1,HMT-880,Enterococcus,durans,,FDAARGOS 1437,5,3095709,,Complete Genome,37.91,enterococcus,0
GCA_023375285.1,HMT-880,Enterococcus,durans,,S8-3,3,3046846,,Complete Genome,37.92,enterococcus,0
GCA_028335325.1,HMT-880,Enterococcus,durans,,R59-1,2,3045882,,Complete Genome,37.88,enterococcus,0
GCA_028335645.1,HMT-880,Enterococcus,durans,,R109-1,2,3042529,,Complete Genome,37.9,enterococcus,0
GCA_000392875.1,HMT-604,Enterococcus,faecalis,,ATCC 19433,3,2881400,,Scaffold,37.76,enterococcus,0
GCA_001544235.1,HMT-604,Enterococcus,faecalis,,NBRC 100480,37,2833208,,Contig,37.52,enterococcus,0
GCA_005158025.1,HMT-604,Enterococcus,faecalis,,FC,6,3183730,,Complete Genome,37.2,enterococcus,0
GCA_013344645.1,HMT-604,Enterococcus,faecalis,,111540027-2,1,2937521,,Complete Genome,37.53,enterococcus,0
GCA_017280035.1,HMT-604,Enterococcus,faecalis,,L13,1,2846366,,Complete Genome,37.56,enterococcus,0
GCA_022212925.1,HMT-604,Enterococcus,faecalis,,119-2,2,2913888,,Complete Genome,37.39,enterococcus,0
GCA_022648595.1,HMT-604,Enterococcus,faecalis,,UAMS_EL53,5,3292098,,Complete Genome,37.36,enterococcus,0
GCA_023299425.1,HMT-604,Enterococcus,faecalis,,AT48,4,2924329,,Complete Genome,37.5,enterococcus,0
GCA_024579795.1,HMT-604,Enterococcus,faecalis,,JF3A-4253,7,3047376,,Complete Genome,37.3,enterococcus,0
GCA_000185365.1,HMT-803,Enterococcus,italicus,,DSM 15952,55,2415788,,Scaffold,41.88,enterococcus,0
GCA_001885995.1,HMT-803,Enterococcus,italicus,,DSM 15952,120,2322207,,Contig,39.03,enterococcus,0
GCA_002438315.1,HMT-803,Enterococcus,italicus,,UBA6293,74,2169309,,Scaffold,39.66,enterococcus,0
GCA_023743875.1,HMT-803,Enterococcus,italicus,,DRD-111,28,2334547,,Scaffold,39.35,enterococcus,0
GCA_023744155.1,HMT-803,Enterococcus,italicus,,DRD-74,29,2390136,,Scaffold,39.43,enterococcus,0
GCA_925282535.1,HMT-803,Enterococcus,italicus,,IM1314,159,2375692,,Contig,39.39,enterococcus,0
GCA_925293305.1,HMT-803,Enterococcus,italicus,,IM1319,159,2464751,,Contig,39.18,enterococcus,0
GCA_934232835.1,HMT-803,Enterococcus,italicus,,REFINED_METABAT215_TOP10_CONTIGS_1500_ASSEMBLY_K77_MERGED__Hadza_MoBio_hadza-A-D_F_10_1632.57,58,2133694,yes,Contig,39.8,enterococcus,0
GCA_000407005.1,HMT-802,Enterococcus,saccharolyticus,,ATCC 43076,4,2638500,,Scaffold,37.42,enterococcus,0
GCA_000407285.1,HMT-802,Enterococcus,saccharolyticus,,ATCC 43076,2,2604038,,Scaffold,37.2,enterococcus,0
GCA_001886235.1,HMT-802,Enterococcus,saccharolyticus,,DSM 20726,50,2557288,,Scaffold,36.88,enterococcus,0
GCA_029023825.1,HMT-802,Enterococcus,saccharolyticus,,DSM 20726,1,2622437,,Complete Genome,37.04,enterococcus,0
GCA_000373785.1,HMT-484,Erysipelothrix,tonsillarum,,DSM 14972,4,1931022,,Scaffold,36.85,erysipelothrix,0
GCA_009828055.1,HMT-747,Erythrobacter,ramosus,,JCM 10282,10,3240350,,Scaffold,64.3,erythrobacter,0
GCA_014195675.1,HMT-747,Erythrobacter,ramosus,,DSM 8510,10,3342622,,Contig,64.14,erythrobacter,0
GCA_002155695.1,HMT-007,Erythrobacter,tepidarius,,DSM 10594,32,3216818,,Contig,65.88,erythrobacter,0
GCA_000010485.1,HMT-574,Escherichia,coli,,SE15,2,4839683,,Complete Genome,50.75,escherichia,0
GCA_000019425.1,HMT-574,Escherichia,coli,,K-12 substr. DH10B,1,4686137,,Complete Genome,50.78,escherichia,0
GCA_000184185.1,HMT-574,Escherichia,coli,,W,3,5008864,,Complete Genome,50.82,escherichia,0
GCA_000210475.1,HMT-574,Escherichia,coli,,ETEC H10407,5,5325888,,Complete Genome,50.69,escherichia,0
GCA_000257275.1,HMT-574,Escherichia,coli,,P12b,1,4935294,,Complete Genome,50.89,escherichia,0
GCA_000520055.1,HMT-574,Escherichia,coli,,RM13516,3,5559008,,Complete Genome,50.56,escherichia,0
GCA_003697165.2,HMT-574,Escherichia,coli,,ATCC 11775,2,5034834,,Complete Genome,50.64,escherichia,0
GCA_011045235.1,HMT-574,Escherichia,coli,,PapM-32-1,1,4866137,,Complete Genome,50.57,escherichia,0
GCA_014169775.1,HMT-574,Escherichia,coli,,WP8-S18-ESBL-07,3,5125148,,Complete Genome,50.5,escherichia,0
GCA_902825205.1,HMT-574,Escherichia,coli,,SC467,1,4715938,,Complete Genome,50.87,escherichia,0
GCA_000807675.2,HMT-655,Eubacterium,limosum,,ATCC 8486,1,4422837,,Complete Genome,47.19,eubacterium,0
GCA_003182515.1,HMT-655,Eubacterium,limosum,,8486cho,28,4366305,,Scaffold,47.18,eubacterium,0
GCA_020559625.1,HMT-655,Eubacterium,limosum,,DFI.6.107,107,4743605,,Contig,47.01,eubacterium,0
GCA_023520755.1,HMT-655,Eubacterium,limosum,,B2,1,4421327,,Complete Genome,47.19,eubacterium,0
GCA_027680525.1,HMT-655,Eubacterium,limosum,,AF73-07pH9A,21,4383346,,Scaffold,47.16,eubacterium,0
GCA_028861895.1,HMT-655,Eubacterium,limosum,,KGMB01548,34,4571659,,Contig,47.18,eubacterium,0
GCA_900683775.1,HMT-655,Eubacterium,limosum,,Eubacterium limosum 81C1,1,4740532,,Complete Genome,46.86,eubacterium,0
GCA_902373365.1,HMT-655,Eubacterium,limosum,,MGYG-HGUT-01276,62,3903827,,Contig,47.64,eubacterium,0
GCA_000154385.1,HMT-961,Faecalibacterium,prausnitzii,,M21/2,25,3127383,,Scaffold,56.24,faecalibacterium,0
GCA_003312465.1,HMT-961,Faecalibacterium,prausnitzii,,APC918/95b,1,2970937,,Complete Genome,56.39,faecalibacterium,0
GCA_003324185.1,HMT-961,Faecalibacterium,prausnitzii,,ATCC 27768,76,3031166,,Contig,56.45,faecalibacterium,0
GCA_019969405.1,HMT-961,Faecalibacterium,prausnitzii,,Fp1160,3,3129292,,Contig,56.16,faecalibacterium,0
GCA_019969415.1,HMT-961,Faecalibacterium,prausnitzii,,Fp1043,2,3113977,,Contig,56.16,faecalibacterium,0
GCA_019969455.1,HMT-961,Faecalibacterium,prausnitzii,,Fp137,2,3262007,,Contig,56.07,faecalibacterium,0
GCA_022750565.1,HMT-961,Faecalibacterium,prausnitzii,,BCRC 81148,46,3243905,,Contig,55.88,faecalibacterium,0
GCA_023347355.1,HMT-961,Faecalibacterium,prausnitzii,,IP-1-18,1,3038545,,Complete Genome,56.16,faecalibacterium,0
GCA_027683585.1,HMT-961,Faecalibacterium,prausnitzii,,AF32-9BH,34,3271509,,Scaffold,55.57,faecalibacterium,0
GCA_902373685.1,HMT-961,Faecalibacterium,prausnitzii,,MGYG-HGUT-01300,25,3127383,,Scaffold,56.24,faecalibacterium,0
GCA_018128285.1,HMT-416,Fannyhessea,sp. HMT-416,,W9116,1,3004013,,Complete Genome,55.74,fannyhessea,0
GCA_938039355.1,HMT-416,Fannyhessea,sp. HMT-416,,ERR589404_bin.38_CONCOCT_v1.1_MAG,237,2305925,yes,Contig,55.14,fannyhessea,0
GCA_000159235.2,HMT-814,Fannyhessea,vaginae,,DSM 15829,6,1430526,,Contig,42.66,fannyhessea,0
GCA_000178335.1,HMT-814,Fannyhessea,vaginae,,DSM 15829,52,1418601,,Scaffold,42.66,fannyhessea,0
GCA_001049775.1,HMT-814,Fannyhessea,vaginae,,44061,41,1483295,,Contig,42.66,fannyhessea,0
GCA_001562845.1,HMT-814,Fannyhessea,vaginae,,CMW7778A,24,1504164,,Scaffold,42.72,fannyhessea,0
GCA_016026575.1,HMT-814,Fannyhessea,vaginae,,FDAARGOS_934,1,1447017,,Complete Genome,42.71,fannyhessea,0
GCA_019400095.1,HMT-814,Fannyhessea,vaginae,,C17-7,9,1443999,,Contig,42.8,fannyhessea,0
GCA_900445305.1,HMT-814,Fannyhessea,vaginae,,NCTC13935,2,1451822,,Contig,42.79,fannyhessea,0
GCA_947087685.1,HMT-814,Fannyhessea,vaginae,,SRR11749269_bin.2_metaWRAP_v1.3_MAG,8,1489168,yes,Contig,42.48,fannyhessea,0
GCA_947252725.1,HMT-814,Fannyhessea,vaginae,,SRR17635559_bin.3_metaWRAP_v1.3_MAG,8,1518485,yes,Contig,42.56,fannyhessea,0
GCA_002998295.1,HMT-935,Fastidiosipila,sanguinis,,CCUG 47711,1,1785891,,Complete Genome,33.73,fastidiosipila,0
GCA_943913635.1,HMT-935,Fastidiosipila,sanguinis,,CRFYdp367m_bin.35.MAG,134,1449925,yes,Contig,34.21,fastidiosipila,0
GCA_947254855.1,HMT-935,Fastidiosipila,sanguinis,,SRR17635612_bin.7_metaWRAP_v1.3_MAG,92,1170561,yes,Contig,34.15,fastidiosipila,0
GCA_000163895.2,HMT-539,Filifactor,alocis,,ATCC 35896,1,1931012,,Complete Genome,35.45,filifactor,0
GCA_905372415.1,HMT-539,Filifactor,alocis,,SRR9217404-mag-bin.5,212,1790812,yes,Contig,35.69,filifactor,0
GCA_937959765.1,HMT-539,Filifactor,alocis,,SRR9217400_bin.51_CONCOCT_v1.1_MAG,238,1472763,yes,Contig,35.88,filifactor,0
GCA_000010185.1,HMT-662,Finegoldia,magna,,ATCC 29328,2,1986740,,Complete Genome,32.07,finegoldia,0
GCA_000159695.1,HMT-662,Finegoldia,magna,,ATCC 53516,1,1916301,,Chromosome,32.56,finegoldia,0
GCA_002243215.1,HMT-662,Finegoldia,magna,,09T494,20,1913853,,Contig,31.78,finegoldia,0
GCA_003182075.1,HMT-662,Finegoldia,magna,,DSM 20470,59,2021781,,Scaffold,31.91,finegoldia,0
GCA_013267535.1,HMT-662,Finegoldia,magna,,FDAARGOS_764,1,2090058,,Complete Genome,31.99,finegoldia,0
GCA_020297555.1,HMT-662,Finegoldia,magna,,FDAARGOS_1521,2,1900068,,Contig,32.28,finegoldia,0
GCA_020731325.1,HMT-662,Finegoldia,magna,,FDAARGOS_1593,2,2063084,,Contig,31.85,finegoldia,0
GCA_020735625.1,HMT-662,Finegoldia,magna,,FDAARGOS_1557,2,1984762,,Complete Genome,32.06,finegoldia,0
GCA_020736065.1,HMT-662,Finegoldia,magna,,FDAARGOS_1556,1,1738818,,Complete Genome,32.37,finegoldia,0
GCA_902373555.1,HMT-662,Finegoldia,magna,,MGYG-HGUT-01291,2,1986740,,Contig,32.07,finegoldia,0
GCA_000210715.1,HMT-363,Fretibacterium,fastidiosum,,SGP1,1,2728333,,Chromosome,66.68,fretibacterium,0
GCA_905372005.1,HMT-363,Fretibacterium,fastidiosum,,SRR9217393-mag-bin.4,311,1870214,yes,Contig,64.68,fretibacterium,0
GCA_000158275.2,HMT-420,Fusobacterium,animalis,,7_1,2,2514029,,Complete Genome,26.96,fusobacterium,1
GCA_000158535.2,HMT-420,Fusobacterium,animalis,,D11,17,2363537,,Scaffold,27.35,fusobacterium,1
GCA_000162355.2,HMT-420,Fusobacterium,animalis,,3_1_33,5,2302090,,Scaffold,27.35,fusobacterium,1
GCA_000218645.2,HMT-420,Fusobacterium,animalis,,21_1A,1,2154007,,Chromosome,27.03,fusobacterium,1
GCA_000218655.1,HMT-420,Fusobacterium,animalis,,11_3_2,37,2721023,,Scaffold,27.45,fusobacterium,1
GCA_000234075.2,HMT-420,Fusobacterium,animalis,,F0401,2,2514030,,Contig,26.96,fusobacterium,1
GCA_000242975.1,HMT-420,Fusobacterium,animalis,,OT 420,4,2424697,,Scaffold,27.32,fusobacterium,1
GCA_000273605.1,HMT-420,Fusobacterium,animalis,,F0419,5,2438048,,Contig,26.97,fusobacterium,1
GCA_000273625.1,HMT-420,Fusobacterium,animalis,,7_1,4,2515488,,Contig,26.96,fusobacterium,1
GCA_000400875.1,HMT-420,Fusobacterium,animalis,,4_8,2,2275461,,Complete Genome,27.09,fusobacterium,1
GCA_000433695.1,HMT-420,Fusobacterium,animalis,,na,172,2159799,,Scaffold,26.78,fusobacterium,1
GCA_000455985.1,HMT-420,Fusobacterium,animalis,,ChDC F324,123,2265718,,Contig,26.86,fusobacterium,1
GCA_000479225.1,HMT-420,Fusobacterium,animalis,,CTI-5,33,2391779,,Scaffold,27.16,fusobacterium,1
GCA_000479245.1,HMT-420,Fusobacterium,animalis,,CTI-3,6,2205574,,Scaffold,27.24,fusobacterium,1
GCA_000479285.1,HMT-420,Fusobacterium,animalis,,CTI-1,8,2429447,,Scaffold,27.44,fusobacterium,1
GCA_000524215.1,HMT-420,Fusobacterium,animalis,,CM1,155,2442599,,Contig,26.72,fusobacterium,1
GCA_001296085.1,HMT-420,Fusobacterium,animalis,,KCOM 1279,1,2549353,,Complete Genome,26.94,fusobacterium,1
GCA_001296145.1,HMT-420,Fusobacterium,animalis,,KCOM 1325,1,2310804,,Complete Genome,27.05,fusobacterium,1
GCA_001546435.1,HMT-420,Fusobacterium,animalis,,MJR7757B,199,2392347,,Scaffold,26.96,fusobacterium,1
GCA_001813745.1,HMT-420,Fusobacterium,animalis,,HMSC065F01,56,2127181,,Scaffold,27.06,fusobacterium,1
GCA_002211645.1,HMT-420,Fusobacterium,animalis,,ChDC F332,1,2322902,,Complete Genome,27.0,fusobacterium,1
GCA_002573475.1,HMT-420,Fusobacterium,animalis,,KCOM 1280 (= ChDC F318),4,2674036,,Contig,26.89,fusobacterium,1
GCA_002762005.1,HMT-420,Fusobacterium,animalis,,P2_CP,112,2351018,,Contig,26.88,fusobacterium,1
GCA_002762015.1,HMT-420,Fusobacterium,animalis,,P2_LM,150,2346246,,Contig,26.9,fusobacterium,1
GCA_002884895.1,HMT-420,Fusobacterium,animalis,,UMB0249,27,2455598,,Scaffold,26.82,fusobacterium,1
GCA_019552085.1,HMT-420,Fusobacterium,animalis,,THCT7A2,1,2515153,,Complete Genome,27.23,fusobacterium,1
GCA_019552105.1,HMT-420,Fusobacterium,animalis,,THCT6B3,1,2268559,,Complete Genome,27.04,fusobacterium,1
GCA_019552125.1,HMT-420,Fusobacterium,animalis,,THCT5A4,1,2490990,,Complete Genome,27.07,fusobacterium,1
GCA_022340105.1,HMT-420,Fusobacterium,animalis,,Fn173CP,36,2120548,,Contig,26.77,fusobacterium,1
GCA_023383525.1,HMT-420,Fusobacterium,animalis,,YWH7054,286,2335092,,Contig,26.73,fusobacterium,1
GCA_023383545.1,HMT-420,Fusobacterium,animalis,,YWH7053,291,2373650,,Contig,26.75,fusobacterium,1
GCA_023383575.1,HMT-420,Fusobacterium,animalis,,YWH7055,165,2204243,,Contig,26.88,fusobacterium,1
GCA_023383605.1,HMT-420,Fusobacterium,animalis,,YWH7056,279,2311780,,Contig,26.79,fusobacterium,1
GCA_023383645.1,HMT-420,Fusobacterium,animalis,,YWH7199,276,2342000,,Contig,27.17,fusobacterium,1
GCA_028657925.1,HMT-420,Fusobacterium,animalis,,FNA,1,2492833,,Complete Genome,27.08,fusobacterium,1
GCA_028743415.1,HMT-420,Fusobacterium,animalis,,2/1/50A,1,2448186,,Complete Genome,27.0,fusobacterium,1
GCA_037578015.1,HMT-420,Fusobacterium,animalis,,SB017,3,3001854,,Contig,26.81,fusobacterium,1
GCA_037578025.1,HMT-420,Fusobacterium,animalis,,SB067,4,2476946,,Contig,27.03,fusobacterium,1
GCA_037888955.1,HMT-420,Fusobacterium,animalis,,SB018,1,2209938,,Complete Genome,27.04,fusobacterium,1
GCA_037888975.1,HMT-420,Fusobacterium,animalis,,SB014,1,2365912,,Complete Genome,27.14,fusobacterium,1
GCA_037888995.1,HMT-420,Fusobacterium,animalis,,SB012,4,2495286,,Complete Genome,26.93,fusobacterium,1
GCA_037889015.1,HMT-420,Fusobacterium,animalis,,SB010,2,2278067,,Complete Genome,27.09,fusobacterium,1
GCA_037889035.1,HMT-420,Fusobacterium,animalis,,SB003,1,2286272,,Complete Genome,26.91,fusobacterium,1
GCA_037889045.1,HMT-420,Fusobacterium,animalis,,SB001,1,2424816,,Complete Genome,27.06,fusobacterium,1
GCA_037889275.1,HMT-420,Fusobacterium,animalis,,KCOM2373,2,2539073,,Complete Genome,27.01,fusobacterium,1
GCA_037893335.1,HMT-420,Fusobacterium,animalis,,SB020,1,2504786,,Complete Genome,26.98,fusobacterium,1
GCA_037896705.1,HMT-420,Fusobacterium,animalis,,SB035,2,2274778,,Complete Genome,26.96,fusobacterium,1
GCA_037897415.1,HMT-420,Fusobacterium,animalis,,SB034,1,2588861,,Complete Genome,26.85,fusobacterium,1
GCA_037897425.1,HMT-420,Fusobacterium,animalis,,SB031,1,2432266,,Complete Genome,27.06,fusobacterium,1
GCA_037897485.1,HMT-420,Fusobacterium,animalis,,SB029,3,2439165,,Complete Genome,27.06,fusobacterium,1
GCA_037897505.1,HMT-420,Fusobacterium,animalis,,SB027,1,2188068,,Complete Genome,27.02,fusobacterium,1
GCA_037897515.1,HMT-420,Fusobacterium,animalis,,SB026,1,2438255,,Complete Genome,27.07,fusobacterium,1
GCA_037897535.1,HMT-420,Fusobacterium,animalis,,SB025,1,2222684,,Complete Genome,26.96,fusobacterium,1
GCA_037897545.1,HMT-420,Fusobacterium,animalis,,SB024,3,2778608,,Complete Genome,27.02,fusobacterium,1
GCA_037904225.1,HMT-420,Fusobacterium,animalis,,SB019,1,2194667,,Complete Genome,27.03,fusobacterium,1
GCA_037904575.1,HMT-420,Fusobacterium,animalis,,KCOM3774,1,2579120,,Complete Genome,27.01,fusobacterium,1
GCA_037904595.1,HMT-420,Fusobacterium,animalis,,KCOM3367,1,2311668,,Complete Genome,27.01,fusobacterium,1
GCA_037904725.1,HMT-420,Fusobacterium,animalis,,KCOM2763,1,2322909,,Complete Genome,27.0,fusobacterium,1
GCA_037905245.1,HMT-420,Fusobacterium,animalis,,KCOM1280,2,2668481,,Complete Genome,26.92,fusobacterium,1
GCA_037906355.1,HMT-420,Fusobacterium,animalis,,SB008,1,2341829,,Complete Genome,27.0,fusobacterium,1
GCA_037906395.1,HMT-420,Fusobacterium,animalis,,SB063,1,2187441,,Complete Genome,27.02,fusobacterium,1
GCA_037906465.1,HMT-420,Fusobacterium,animalis,,SB059,1,2588850,,Complete Genome,26.87,fusobacterium,1
GCA_037907055.1,HMT-420,Fusobacterium,animalis,,SB062,1,2291394,,Complete Genome,27.0,fusobacterium,1
GCA_037908355.1,HMT-420,Fusobacterium,animalis,,SB061,1,2292958,,Complete Genome,27.0,fusobacterium,1
GCA_037909675.1,HMT-420,Fusobacterium,animalis,,SB060,1,2142132,,Complete Genome,27.07,fusobacterium,1
GCA_037911025.1,HMT-420,Fusobacterium,animalis,,SB058,1,2489800,,Complete Genome,26.91,fusobacterium,1
GCA_037911815.1,HMT-420,Fusobacterium,animalis,,SB056,1,2134784,,Complete Genome,27.05,fusobacterium,1
GCA_037911845.1,HMT-420,Fusobacterium,animalis,,SB053,1,2427097,,Complete Genome,27.1,fusobacterium,1
GCA_037911855.1,HMT-420,Fusobacterium,animalis,,SB052,1,2328368,,Complete Genome,27.08,fusobacterium,1
GCA_037911875.1,HMT-420,Fusobacterium,animalis,,KCOM3645,1,2413802,,Complete Genome,26.97,fusobacterium,1
GCA_037911885.1,HMT-420,Fusobacterium,animalis,,KCOM3229,1,2460084,,Complete Genome,26.98,fusobacterium,1
GCA_037911905.1,HMT-420,Fusobacterium,animalis,,KCOM3127,1,2776034,,Complete Genome,26.96,fusobacterium,1
GCA_037911915.1,HMT-420,Fusobacterium,animalis,,KCOM2969,1,2658899,,Complete Genome,27.02,fusobacterium,1
GCA_037911925.1,HMT-420,Fusobacterium,animalis,,KCOM2952,2,2306212,,Complete Genome,27.0,fusobacterium,1
GCA_037911935.1,HMT-420,Fusobacterium,animalis,,KCOM2877,1,2762399,,Complete Genome,27.02,fusobacterium,1
GCA_037911945.1,HMT-420,Fusobacterium,animalis,,KCOM2860,1,2223019,,Complete Genome,27.04,fusobacterium,1
GCA_037911955.1,HMT-420,Fusobacterium,animalis,,KCOM2765,1,2430285,,Complete Genome,27.04,fusobacterium,1
GCA_037911975.1,HMT-420,Fusobacterium,animalis,,KCOM2538,1,2336223,,Complete Genome,27.14,fusobacterium,1
GCA_037912025.1,HMT-420,Fusobacterium,animalis,,KCOM1325,1,2315884,,Complete Genome,27.09,fusobacterium,1
GCA_037912275.1,HMT-420,Fusobacterium,animalis,,KCOM1279,1,2560460,,Complete Genome,26.97,fusobacterium,1
GCA_045159905.1,HMT-420,Fusobacterium,animalis,,SB033,1,2397821,,Complete Genome,27.14,fusobacterium,1
GCA_045159915.1,HMT-420,Fusobacterium,animalis,,SB036,1,2588871,,Complete Genome,26.87,fusobacterium,1
GCA_045159935.1,HMT-420,Fusobacterium,animalis,,SB041,1,2239416,,Complete Genome,27.02,fusobacterium,1
GCA_045159945.1,HMT-420,Fusobacterium,animalis,,SB043,1,2558877,,Complete Genome,26.98,fusobacterium,1
GCA_045159955.1,HMT-420,Fusobacterium,animalis,,SB045,2,2394557,,Complete Genome,26.97,fusobacterium,1
GCA_045159985.1,HMT-420,Fusobacterium,animalis,,SB050,1,2341805,,Complete Genome,27.0,fusobacterium,1
GCA_902373855.1,HMT-420,Fusobacterium,animalis,,MGYG-HGUT-01326,2,2514029,,Contig,26.96,fusobacterium,1
GCA_905203515.1,HMT-420,Fusobacterium,animalis,,ERR414442-bin.5,202,2577276,yes,Contig,26.8,fusobacterium,1
GCA_938035375.1,HMT-420,Fusobacterium,animalis,,ERR589708_bin.56_CONCOCT_v1.1_MAG,292,2386757,yes,Contig,26.76,fusobacterium,1
GCA_959021795.1,HMT-420,Fusobacterium,animalis,,SRR13494527_bin.18_MetaWRAP_v1.3_MAG,64,2292719,yes,Contig,26.89,fusobacterium,1
GCA_000158235.1,HMT-860,Fusobacterium,gonidiaformans,,3_1_5R,28,1930430,,Scaffold,35.15,fusobacterium,1
GCA_000158835.2,HMT-860,Fusobacterium,gonidiaformans,,ATCC 25563,6,1698329,,Scaffold,32.51,fusobacterium,1
GCA_001546395.1,HMT-860,Fusobacterium,gonidiaformans,,CMW8396,77,1797919,,Scaffold,32.66,fusobacterium,1
GCA_003019695.1,HMT-860,Fusobacterium,gonidiaformans,,ATCC 25563,1,1678881,,Complete Genome,32.69,fusobacterium,1
GCA_902373895.1,HMT-860,Fusobacterium,gonidiaformans,,MGYG-HGUT-01325,28,1930430,,Scaffold,35.15,fusobacterium,1
GCA_905204445.1,HMT-860,Fusobacterium,gonidiaformans,,ERR414468-bin.7,59,1627629,yes,Contig,32.59,fusobacterium,1
GCA_938014255.1,HMT-860,Fusobacterium,gonidiaformans,,ERR414468_bin.30_CONCOCT_v1.1_MAG,89,1788515,yes,Contig,32.67,fusobacterium,1
GCA_946997625.1,HMT-860,Fusobacterium,gonidiaformans,,SRR16916882_bin.12_metaWRAP_v1.3_MAG,199,1615346,yes,Contig,32.38,fusobacterium,1
GCA_000292935.1,HMT-953,Fusobacterium,hwasookii,,ChDC F128,30,2361684,,Contig,26.99,fusobacterium,1
GCA_000455865.1,HMT-953,Fusobacterium,hwasookii,,ChDC F145,164,2280257,,Contig,26.99,fusobacterium,1
GCA_000455885.1,HMT-953,Fusobacterium,hwasookii,,ChDC F174,118,2465770,,Contig,26.92,fusobacterium,1
GCA_000455905.1,HMT-953,Fusobacterium,hwasookii,,ChDC F206,173,2362473,,Contig,27.06,fusobacterium,1
GCA_000455925.1,HMT-953,Fusobacterium,hwasookii,,ChDC F300,148,2441149,,Contig,26.95,fusobacterium,1
GCA_001455085.1,HMT-953,Fusobacterium,hwasookii,,ChDC F206,2,2430523,,Complete Genome,27.24,fusobacterium,1
GCA_001455105.1,HMT-953,Fusobacterium,hwasookii,,ChDC F300,2,2527063,,Complete Genome,27.12,fusobacterium,1
GCA_001455145.1,HMT-953,Fusobacterium,hwasookii,,ChDC F174,3,2531722,,Complete Genome,27.11,fusobacterium,1
GCA_014217355.1,HMT-953,Fusobacterium,hwasookii,,KCOM 1249,3,2378155,,Complete Genome,27.18,fusobacterium,1
GCA_014217375.1,HMT-953,Fusobacterium,hwasookii,,KCOM 1253,2,2363187,,Complete Genome,27.2,fusobacterium,1
GCA_019551945.1,HMT-953,Fusobacterium,hwasookii,,THCT14E2,1,2287114,,Complete Genome,27.26,fusobacterium,1
GCA_000158295.2,HMT-690,Fusobacterium,necrophorum,,D12,17,1960925,,Scaffold,35.53,fusobacterium,1
GCA_000262225.1,HMT-690,Fusobacterium,necrophorum,,ATCC 51357,45,2110802,,Contig,34.92,fusobacterium,1
GCA_000292975.1,HMT-690,Fusobacterium,necrophorum,,Fnf 1007,87,2166823,,Contig,35.05,fusobacterium,1
GCA_000600355.1,HMT-690,Fusobacterium,necrophorum,,B35,40,2088497,,Contig,34.99,fusobacterium,1
GCA_000622045.1,HMT-690,Fusobacterium,necrophorum,,HUN048,17,2033981,,Scaffold,35.16,fusobacterium,1
GCA_000691645.1,HMT-690,Fusobacterium,necrophorum,,BL,235,2458422,,Contig,34.07,fusobacterium,1
GCA_000691705.1,HMT-690,Fusobacterium,necrophorum,,DAB,254,2520035,,Contig,34.01,fusobacterium,1
GCA_000691745.1,HMT-690,Fusobacterium,necrophorum,,DJ-2,226,2520807,,Contig,33.96,fusobacterium,1
GCA_000814775.1,HMT-690,Fusobacterium,necrophorum,,B35,42,2054808,,Contig,34.98,fusobacterium,1
GCA_001596475.1,HMT-690,Fusobacterium,necrophorum,,LS_1260,62,2244163,,Contig,35.08,fusobacterium,1
GCA_001596485.1,HMT-690,Fusobacterium,necrophorum,,LS_1264,117,2334503,,Contig,34.38,fusobacterium,1
GCA_001596495.1,HMT-690,Fusobacterium,necrophorum,,LS_1197,38,1981459,,Contig,35.22,fusobacterium,1
GCA_001597305.1,HMT-690,Fusobacterium,necrophorum,,LS_1195,36,2231951,,Contig,35.33,fusobacterium,1
GCA_001597315.1,HMT-690,Fusobacterium,necrophorum,,LS_1266,83,2099301,,Contig,35.09,fusobacterium,1
GCA_001597325.1,HMT-690,Fusobacterium,necrophorum,,LS_1280,56,2098951,,Contig,35.14,fusobacterium,1
GCA_001597335.1,HMT-690,Fusobacterium,necrophorum,,LS_1272,32,2137371,,Contig,35.23,fusobacterium,1
GCA_001597385.1,HMT-690,Fusobacterium,necrophorum,,LS_1291,37,2100099,,Contig,35.12,fusobacterium,1
GCA_001597395.1,HMT-690,Fusobacterium,necrophorum,,F1248,49,2239285,,Contig,34.85,fusobacterium,1
GCA_001597405.1,HMT-690,Fusobacterium,necrophorum,,F1285,70,2339372,,Contig,34.98,fusobacterium,1
GCA_001597445.1,HMT-690,Fusobacterium,necrophorum,,F1250,46,2418865,,Contig,34.94,fusobacterium,1
GCA_001597465.1,HMT-690,Fusobacterium,necrophorum,,F1267,71,2285683,,Contig,35.08,fusobacterium,1
GCA_001597475.1,HMT-690,Fusobacterium,necrophorum,,F1309,51,2139316,,Contig,35.17,fusobacterium,1
GCA_001597485.1,HMT-690,Fusobacterium,necrophorum,,F1314,105,2084658,,Contig,35.1,fusobacterium,1
GCA_001597525.1,HMT-690,Fusobacterium,necrophorum,,F1353,45,2112695,,Contig,35.1,fusobacterium,1
GCA_001597545.1,HMT-690,Fusobacterium,necrophorum,,F1330,72,2110484,,Contig,35.25,fusobacterium,1
GCA_001597565.1,HMT-690,Fusobacterium,necrophorum,,F1365,47,2173839,,Contig,35.14,fusobacterium,1
GCA_001597575.1,HMT-690,Fusobacterium,necrophorum,,F1351,56,2201834,,Contig,34.99,fusobacterium,1
GCA_002761995.1,HMT-690,Fusobacterium,necrophorum,,P1_CP,34,2094695,,Contig,35.22,fusobacterium,1
GCA_002762025.1,HMT-690,Fusobacterium,necrophorum,,P1_LM,35,2094200,,Contig,35.22,fusobacterium,1
GCA_003019715.1,HMT-690,Fusobacterium,necrophorum,,1_1_36S,1,2286018,,Complete Genome,34.67,fusobacterium,1
GCA_003732505.1,HMT-690,Fusobacterium,necrophorum,,F1291,1,2135983,,Complete Genome,35.27,fusobacterium,1
GCA_003732525.1,HMT-690,Fusobacterium,necrophorum,,F1260,1,2288480,,Complete Genome,35.21,fusobacterium,1
GCA_003812825.1,HMT-690,Fusobacterium,necrophorum,,FDAARGOS_565,1,2678402,,Complete Genome,34.03,fusobacterium,1
GCA_004006635.1,HMT-690,Fusobacterium,necrophorum,,ATCC 25286,1,2678415,,Complete Genome,34.03,fusobacterium,1
GCA_004134945.1,HMT-690,Fusobacterium,necrophorum,,KG35,114,2078803,,Contig,35.01,fusobacterium,1
GCA_004134955.1,HMT-690,Fusobacterium,necrophorum,,KG34,112,2049610,,Contig,35.24,fusobacterium,1
GCA_008801775.1,HMT-690,Fusobacterium,necrophorum,,CCUG 42162,26,2124940,,Contig,34.93,fusobacterium,1
GCA_018205295.1,HMT-690,Fusobacterium,necrophorum,,DD5,181,2645633,,Contig,34.09,fusobacterium,1
GCA_018205675.1,HMT-690,Fusobacterium,necrophorum,,DD16,198,2775091,,Contig,33.77,fusobacterium,1
GCA_018206505.1,HMT-690,Fusobacterium,necrophorum,,DD37,35,2082099,,Contig,35.2,fusobacterium,1
GCA_018206635.1,HMT-690,Fusobacterium,necrophorum,,DD41,195,2775010,,Contig,33.78,fusobacterium,1
GCA_021443685.1,HMT-690,Fusobacterium,necrophorum,,MAG39,33,2954775,yes,Scaffold,36.5,fusobacterium,1
GCA_022784125.1,HMT-690,Fusobacterium,necrophorum,,SUG1006,198,2296637,,Contig,34.76,fusobacterium,1
GCA_022787675.1,HMT-690,Fusobacterium,necrophorum,,SUG1073,180,1677681,,Contig,35.41,fusobacterium,1
GCA_030180395.1,HMT-690,Fusobacterium,necrophorum,,BRON_32,25,2108786,,Contig,35.38,fusobacterium,1
GCA_030180405.1,HMT-690,Fusobacterium,necrophorum,,BRON_30,161,2322315,,Contig,34.91,fusobacterium,1
GCA_030180445.1,HMT-690,Fusobacterium,necrophorum,,BRON_29,37,2225447,,Contig,35.03,fusobacterium,1
GCA_030180465.1,HMT-690,Fusobacterium,necrophorum,,BRON_25,66,2185785,,Contig,35.17,fusobacterium,1
GCA_030180475.1,HMT-690,Fusobacterium,necrophorum,,BRON_23,45,2074656,,Contig,35.16,fusobacterium,1
GCA_030180485.1,HMT-690,Fusobacterium,necrophorum,,BRON_28,49,2185032,,Contig,34.9,fusobacterium,1
GCA_030180505.1,HMT-690,Fusobacterium,necrophorum,,BRON_27,65,2148898,,Contig,35.05,fusobacterium,1
GCA_030180545.1,HMT-690,Fusobacterium,necrophorum,,BRON_22,52,2223923,,Contig,35.03,fusobacterium,1
GCA_030180565.1,HMT-690,Fusobacterium,necrophorum,,BRON_17,63,2240035,,Contig,34.64,fusobacterium,1
GCA_030180575.1,HMT-690,Fusobacterium,necrophorum,,BRON_18,102,2011162,,Contig,35.26,fusobacterium,1
GCA_030180585.1,HMT-690,Fusobacterium,necrophorum,,BRON_20,57,2215131,,Contig,35.05,fusobacterium,1
GCA_030180625.1,HMT-690,Fusobacterium,necrophorum,,BRON_15,67,2104199,,Contig,35.09,fusobacterium,1
GCA_030180645.1,HMT-690,Fusobacterium,necrophorum,,BRON_12,32,2075133,,Contig,35.17,fusobacterium,1
GCA_030180665.1,HMT-690,Fusobacterium,necrophorum,,BRON_13,34,2036402,,Contig,35.19,fusobacterium,1
GCA_030180685.1,HMT-690,Fusobacterium,necrophorum,,BRON_11,78,2087199,,Contig,35.3,fusobacterium,1
GCA_030180695.1,HMT-690,Fusobacterium,necrophorum,,BRON_14,43,2224641,,Contig,35.03,fusobacterium,1
GCA_030180725.1,HMT-690,Fusobacterium,necrophorum,,BRON_10,277,2075585,,Contig,35.31,fusobacterium,1
GCA_030180765.1,HMT-690,Fusobacterium,necrophorum,,BRON_8,84,2432335,,Contig,35.04,fusobacterium,1
GCA_030180785.1,HMT-690,Fusobacterium,necrophorum,,BRON_7,51,2018695,,Contig,35.25,fusobacterium,1
GCA_030180805.1,HMT-690,Fusobacterium,necrophorum,,BRON_6,38,2083725,,Contig,35.05,fusobacterium,1
GCA_030180825.1,HMT-690,Fusobacterium,necrophorum,,BRON_4,73,2174870,,Contig,35.04,fusobacterium,1
GCA_030180835.1,HMT-690,Fusobacterium,necrophorum,,BRON_5,74,2179695,,Contig,34.96,fusobacterium,1
GCA_030180865.1,HMT-690,Fusobacterium,necrophorum,,BRON_3,120,2428055,,Contig,35.07,fusobacterium,1
GCA_030180885.1,HMT-690,Fusobacterium,necrophorum,,BRON_9,113,2114472,,Contig,35.16,fusobacterium,1
GCA_030180905.1,HMT-690,Fusobacterium,necrophorum,,BRON_2,49,2257062,,Contig,35.19,fusobacterium,1
GCA_030180925.1,HMT-690,Fusobacterium,necrophorum,,BRON_1,79,2138413,,Contig,35.24,fusobacterium,1
GCA_900104395.1,HMT-690,Fusobacterium,necrophorum,,ATCC 25286,87,2550375,,Scaffold,34.23,fusobacterium,1
GCA_902386295.1,HMT-690,Fusobacterium,necrophorum,,MGYG-HGUT-02362,34,2094695,,Contig,35.22,fusobacterium,1
GCA_905188175.1,HMT-690,Fusobacterium,necrophorum,,ERR414493-bin.20,41,2236072,yes,Contig,34.52,fusobacterium,1
GCA_934101525.1,HMT-690,Fusobacterium,necrophorum,,REFINED_METABAT215_TOP10_CONTIGS_1500_ASSEMBLY_K77_MERGED__Hadza_MoBio_hadza-I-L_M_10_2632.105,111,1834769,yes,Contig,35.42,fusobacterium,1
GCA_938023115.1,HMT-690,Fusobacterium,necrophorum,,ERR414493_bin.34_CONCOCT_v1.1_MAG,41,1998281,yes,Contig,35.05,fusobacterium,1
GCA_945828425.1,HMT-690,Fusobacterium,necrophorum,,SRR5240737_bin.4_metaWRAP_v1.3_MAG,238,1822864,yes,Contig,35.23,fusobacterium,1
GCA_945873285.1,HMT-690,Fusobacterium,necrophorum,,ERR1855541_bin.19_metaWRAP_v1.3_MAG,235,1799296,yes,Contig,35.22,fusobacterium,1
GCA_000007325.1,HMT-698,Fusobacterium,nucleatum_sensu_stricto,,ATCC 25586,1,2174500,,Complete Genome,27.15,fusobacterium,1
GCA_000178895.1,HMT-698,Fusobacterium,nucleatum_sensu_stricto,,ATCC 23726,67,2237034,,Contig,27.02,fusobacterium,1
GCA_000455945.1,HMT-698,Fusobacterium,nucleatum_sensu_stricto,,ChDC F316,83,2162122,,Contig,26.95,fusobacterium,1
GCA_000479265.1,HMT-698,Fusobacterium,nucleatum_sensu_stricto,,CTI-2,50,2284954,,Scaffold,28.23,fusobacterium,1
GCA_001296165.1,HMT-698,Fusobacterium,nucleatum_sensu_stricto,,KCOM 1322,1,2227266,,Complete Genome,27.14,fusobacterium,1
GCA_001296185.1,HMT-698,Fusobacterium,nucleatum_sensu_stricto,,KCOM 1250,1,2290405,,Complete Genome,27.04,fusobacterium,1
GCA_001510735.1,HMT-698,Fusobacterium,nucleatum_sensu_stricto,,ChDC F311,3,2470675,,Scaffold,27.08,fusobacterium,1
GCA_002211605.1,HMT-698,Fusobacterium,nucleatum_sensu_stricto,,ChDC F317,1,2233010,,Complete Genome,27.08,fusobacterium,1
GCA_002243405.1,HMT-698,Fusobacterium,nucleatum_sensu_stricto,,W7671,1,2126947,,Chromosome,27.77,fusobacterium,1
GCA_003019295.1,HMT-698,Fusobacterium,nucleatum_sensu_stricto,,ATCC 25586,1,2180101,,Complete Genome,27.14,fusobacterium,1
GCA_003019785.1,HMT-698,Fusobacterium,nucleatum_sensu_stricto,,ATCC 23726,1,2299539,,Complete Genome,27.18,fusobacterium,1
GCA_022340145.1,HMT-698,Fusobacterium,nucleatum_sensu_stricto,,Fn10-CTX3,54,2101367,,Contig,26.86,fusobacterium,1
GCA_031191795.1,HMT-698,Fusobacterium,nucleatum_sensu_stricto,,LMG 13131,1,2181492,,Complete Genome,27.14,fusobacterium,1
GCA_037889005.1,HMT-698,Fusobacterium,nucleatum_sensu_stricto,,SB011,1,2238677,,Complete Genome,27.1,fusobacterium,1
GCA_037889055.1,HMT-698,Fusobacterium,nucleatum_sensu_stricto,,SB049,1,2307630,,Complete Genome,27.06,fusobacterium,1
GCA_037889125.1,HMT-698,Fusobacterium,nucleatum_sensu_stricto,,KCOM3756,1,2268467,,Complete Genome,27.21,fusobacterium,1
GCA_037889175.1,HMT-698,Fusobacterium,nucleatum_sensu_stricto,,KCOM3321,1,2372993,,Complete Genome,27.07,fusobacterium,1
GCA_037889235.1,HMT-698,Fusobacterium,nucleatum_sensu_stricto,,KCOM2902,1,2316559,,Complete Genome,27.04,fusobacterium,1
GCA_037889255.1,HMT-698,Fusobacterium,nucleatum_sensu_stricto,,KCOM2878,1,2131437,,Complete Genome,27.34,fusobacterium,1
GCA_037889285.1,HMT-698,Fusobacterium,nucleatum_sensu_stricto,,KCOM1276,1,2465284,,Complete Genome,27.07,fusobacterium,1
GCA_037889315.1,HMT-698,Fusobacterium,nucleatum_sensu_stricto,,KCOM3486,1,2132317,,Complete Genome,27.15,fusobacterium,1
GCA_037889325.1,HMT-698,Fusobacterium,nucleatum_sensu_stricto,,KCOM1801,1,2328800,,Complete Genome,27.08,fusobacterium,1
GCA_037889375.1,HMT-698,Fusobacterium,nucleatum_sensu_stricto,,KCOM3739,1,2326553,,Complete Genome,27.07,fusobacterium,1
GCA_037889385.1,HMT-698,Fusobacterium,nucleatum_sensu_stricto,,KCOM3713,1,2155951,,Complete Genome,27.19,fusobacterium,1
GCA_037890135.1,HMT-698,Fusobacterium,nucleatum_sensu_stricto,,KCOM2312,1,2081548,,Complete Genome,27.21,fusobacterium,1
GCA_037900345.1,HMT-698,Fusobacterium,nucleatum_sensu_stricto,,ATCC 25586,1,2180116,,Complete Genome,27.14,fusobacterium,1
GCA_037951365.1,HMT-698,Fusobacterium,nucleatum_sensu_stricto,,KCOM2995,1,2211334,,Complete Genome,27.17,fusobacterium,1
GCA_037952305.1,HMT-698,Fusobacterium,nucleatum_sensu_stricto,,KCOM2939,1,2254946,,Complete Genome,27.13,fusobacterium,1
GCA_037953125.1,HMT-698,Fusobacterium,nucleatum_sensu_stricto,,KCOM2883,1,2188825,,Complete Genome,27.13,fusobacterium,1
GCA_037955445.1,HMT-698,Fusobacterium,nucleatum_sensu_stricto,,KCOM3240,1,2200008,,Complete Genome,27.14,fusobacterium,1
GCA_902375195.1,HMT-698,Fusobacterium,nucleatum_sensu_stricto,,MGYG-HGUT-01459,50,2284954,,Scaffold,28.23,fusobacterium,1
GCA_905372955.1,HMT-698,Fusobacterium,nucleatum_sensu_stricto,,SRR9217441-mag-bin.4,255,1674058,yes,Contig,27.73,fusobacterium,1
GCA_937924985.1,HMT-698,Fusobacterium,nucleatum_sensu_stricto,,ERR589725_bin.7_CONCOCT_v1.1_MAG,213,2291808,yes,Contig,27.11,fusobacterium,1
GCA_000158215.3,HMT-201,Fusobacterium,periodonticum,,2_1_31,6,2546312,,Scaffold,30.12,fusobacterium,1
GCA_000160475.1,HMT-201,Fusobacterium,periodonticum,,ATCC 33693,53,2615003,,Scaffold,28.69,fusobacterium,1
GCA_000163935.1,HMT-201,Fusobacterium,periodonticum,,1_1_41FAA,31,2479455,,Scaffold,28.6,fusobacterium,1
GCA_002763695.1,HMT-201,Fusobacterium,periodonticum,,KCOM 1263,1,2651118,,Complete Genome,27.96,fusobacterium,1
GCA_002763875.1,HMT-201,Fusobacterium,periodonticum,,KCOM 2555,1,2477385,,Complete Genome,28.06,fusobacterium,1
GCA_002763915.1,HMT-201,Fusobacterium,periodonticum,,KCOM 1262,1,2643576,,Complete Genome,27.98,fusobacterium,1
GCA_003019755.1,HMT-201,Fusobacterium,periodonticum,,2_1_31,1,2541084,,Complete Genome,28.13,fusobacterium,1
GCA_018371955.1,HMT-201,Fusobacterium,periodonticum,,L2_013_000G1_dasL2_013_000G1_metabat.metabat.61_sub,114,2270152,yes,Contig,28.11,fusobacterium,1
GCA_901873395.1,HMT-201,Fusobacterium,periodonticum,,Fusobacterium_periodonticum_BgEED13,136,2561874,,Contig,27.8,fusobacterium,1
GCA_902373915.1,HMT-201,Fusobacterium,periodonticum,,MGYG-HGUT-01324,6,2546312,,Scaffold,30.12,fusobacterium,1
GCA_902374215.1,HMT-201,Fusobacterium,periodonticum,,MGYG-HGUT-01350,31,2479455,,Scaffold,28.6,fusobacterium,1
GCA_000153625.1,HMT-202,Fusobacterium,polymorphum,,ATCC 10953,2,2441632,,Chromosome,26.87,fusobacterium,1
GCA_000479185.1,HMT-202,Fusobacterium,polymorphum,,CTI-6,79,2447188,,Contig,26.8,fusobacterium,1
GCA_000523555.1,HMT-202,Fusobacterium,polymorphum,,13_3C,13,2631404,,Scaffold,28.64,fusobacterium,1
GCA_000524235.1,HMT-202,Fusobacterium,polymorphum,,OBRC1,87,2497272,,Contig,26.78,fusobacterium,1
GCA_000524395.1,HMT-202,Fusobacterium,polymorphum,,CM22,87,2438137,,Contig,26.73,fusobacterium,1
GCA_001433955.1,HMT-202,Fusobacterium,polymorphum,,ChDC F306,3,2622370,,Complete Genome,26.83,fusobacterium,1
GCA_001455125.1,HMT-202,Fusobacterium,polymorphum,,ChDC F319,3,2481490,,Chromosome,27.01,fusobacterium,1
GCA_001457555.1,HMT-202,Fusobacterium,polymorphum,,NCTC10562,2,2455060,,Complete Genome,26.99,fusobacterium,1
GCA_001815715.1,HMT-202,Fusobacterium,polymorphum,,HMSC064B11,119,2401628,,Scaffold,26.97,fusobacterium,1
GCA_002202115.1,HMT-202,Fusobacterium,polymorphum,,KCOM 1260 (=ChDC F218),1,2635767,,Chromosome,26.87,fusobacterium,1
GCA_002204435.1,HMT-202,Fusobacterium,polymorphum,,KCOM 1001,3,2523644,,Scaffold,27.01,fusobacterium,1
GCA_002211625.1,HMT-202,Fusobacterium,polymorphum,,KCOM 1275,1,2521394,,Complete Genome,26.83,fusobacterium,1
GCA_002417615.1,HMT-202,Fusobacterium,polymorphum,,12230 MIT 2016,234,2470496,,Contig,26.79,fusobacterium,1
GCA_002591465.1,HMT-202,Fusobacterium,polymorphum,,KCOM 1274 (=ChDC F309),53,2509794,,Scaffold,26.67,fusobacterium,1
GCA_002591475.1,HMT-202,Fusobacterium,polymorphum,,KCOM 1267(=ChDC F290),28,2571390,,Scaffold,27.52,fusobacterium,1
GCA_002591505.1,HMT-202,Fusobacterium,polymorphum,,KCOM 1248 (=ChDC F113),16,2544849,,Scaffold,27.29,fusobacterium,1
GCA_002591515.1,HMT-202,Fusobacterium,polymorphum,,KCOM 1271 (=ChDC F305),9,2748372,,Scaffold,26.94,fusobacterium,1
GCA_002591545.1,HMT-202,Fusobacterium,polymorphum,,KCOM 1257 (=ChDC F186),29,2489425,,Scaffold,27.19,fusobacterium,1
GCA_002591555.1,HMT-202,Fusobacterium,polymorphum,,KCOM 1002 (=ChDC F175),2,2576233,,Scaffold,27.5,fusobacterium,1
GCA_002591585.1,HMT-202,Fusobacterium,polymorphum,,KCOM 1278 (=ChDC F313),34,2555193,,Scaffold,27.47,fusobacterium,1
GCA_002591645.1,HMT-202,Fusobacterium,polymorphum,,KCOM 1330 (=ChDC F330),18,2577563,,Scaffold,27.6,fusobacterium,1
GCA_002761915.1,HMT-202,Fusobacterium,polymorphum,,KCOM 1265,2,2554714,,Contig,26.93,fusobacterium,1
GCA_003226385.1,HMT-202,Fusobacterium,polymorphum,,12230,55,2429502,,Contig,26.8,fusobacterium,1
GCA_003516445.1,HMT-202,Fusobacterium,polymorphum,,UBA8871,62,2331541,,Scaffold,26.82,fusobacterium,1
GCA_003932835.1,HMT-202,Fusobacterium,polymorphum,,OH5060,192,2492174,,Contig,26.96,fusobacterium,1
GCA_013137915.1,HMT-202,Fusobacterium,polymorphum,,Fn12230,3,2473944,,Complete Genome,26.96,fusobacterium,1
GCA_019552045.1,HMT-202,Fusobacterium,polymorphum,,THCT15E1,2,2526214,,Complete Genome,26.87,fusobacterium,1
GCA_019552065.1,HMT-202,Fusobacterium,polymorphum,,THCT7E2,1,2547341,,Complete Genome,27.01,fusobacterium,1
GCA_019583395.1,HMT-202,Fusobacterium,polymorphum,,9571,19,2532746,,Scaffold,26.91,fusobacterium,1
GCA_022340045.1,HMT-202,Fusobacterium,polymorphum,,FnS0431,44,2288477,,Contig,26.72,fusobacterium,1
GCA_022340115.1,HMT-202,Fusobacterium,polymorphum,,Fn3760T,42,2299006,,Contig,26.71,fusobacterium,1
GCA_024220095.1,HMT-202,Fusobacterium,polymorphum,,SSMR1,1,2443126,,Complete Genome,27.0,fusobacterium,1
GCA_027682085.1,HMT-202,Fusobacterium,polymorphum,,AF55-12MHA,22,2339255,,Scaffold,26.85,fusobacterium,1
GCA_027947475.1,HMT-202,Fusobacterium,polymorphum,,JD-Fn1,1,2470422,,Complete Genome,26.95,fusobacterium,1
GCA_028735995.1,HMT-202,Fusobacterium,polymorphum,,FNP,1,2651846,,Complete Genome,26.98,fusobacterium,1
GCA_037577875.1,HMT-202,Fusobacterium,polymorphum,,KCOM1254,5,2577704,,Contig,26.93,fusobacterium,1
GCA_037577915.1,HMT-202,Fusobacterium,polymorphum,,KCOM1260,2,2651378,,Contig,26.86,fusobacterium,1
GCA_037888965.1,HMT-202,Fusobacterium,polymorphum,,SB016,1,2442222,,Complete Genome,26.96,fusobacterium,1
GCA_037888985.1,HMT-202,Fusobacterium,polymorphum,,SB013,3,2527742,,Complete Genome,26.92,fusobacterium,1
GCA_037889025.1,HMT-202,Fusobacterium,polymorphum,,SB005,1,2391569,,Complete Genome,27.05,fusobacterium,1
GCA_037893695.1,HMT-202,Fusobacterium,polymorphum,,SB009,1,2447092,,Complete Genome,27.08,fusobacterium,1
GCA_037893865.1,HMT-202,Fusobacterium,polymorphum,,SB040,1,2334368,,Complete Genome,27.03,fusobacterium,1
GCA_037897495.1,HMT-202,Fusobacterium,polymorphum,,SB028,1,2470512,,Complete Genome,26.9,fusobacterium,1
GCA_037897555.1,HMT-202,Fusobacterium,polymorphum,,KCOM1281,2,2492106,,Complete Genome,26.99,fusobacterium,1
GCA_037897565.1,HMT-202,Fusobacterium,polymorphum,,KCOM1278,1,2568135,,Complete Genome,26.88,fusobacterium,1
GCA_037897635.1,HMT-202,Fusobacterium,polymorphum,,KCOM1275,1,2521395,,Complete Genome,26.83,fusobacterium,1
GCA_037897925.1,HMT-202,Fusobacterium,polymorphum,,KCOM1272,3,2626081,,Complete Genome,26.87,fusobacterium,1
GCA_037898185.1,HMT-202,Fusobacterium,polymorphum,,KCOM1271,1,2752062,,Complete Genome,26.69,fusobacterium,1
GCA_037899555.1,HMT-202,Fusobacterium,polymorphum,,KCOM1250,2,2547090,,Complete Genome,26.94,fusobacterium,1
GCA_037900625.1,HMT-202,Fusobacterium,polymorphum,,ATCC 10953,3,2474009,,Complete Genome,27.02,fusobacterium,1
GCA_037904495.1,HMT-202,Fusobacterium,polymorphum,,KCOM1257,1,2501678,,Complete Genome,26.92,fusobacterium,1
GCA_037904605.1,HMT-202,Fusobacterium,polymorphum,,KCOM3036,3,2818639,,Complete Genome,26.58,fusobacterium,1
GCA_037904935.1,HMT-202,Fusobacterium,polymorphum,,KCOM2500,1,2500475,,Complete Genome,27.02,fusobacterium,1
GCA_037905975.1,HMT-202,Fusobacterium,polymorphum,,KCOM1274,1,2526091,,Complete Genome,26.82,fusobacterium,1
GCA_037906325.1,HMT-202,Fusobacterium,polymorphum,,KCOM1267,2,2602652,,Complete Genome,27.01,fusobacterium,1
GCA_037906365.1,HMT-202,Fusobacterium,polymorphum,,SB004,1,2391664,,Complete Genome,27.05,fusobacterium,1
GCA_037911895.1,HMT-202,Fusobacterium,polymorphum,,KCOM3210,1,2431418,,Complete Genome,26.9,fusobacterium,1
GCA_037911965.1,HMT-202,Fusobacterium,polymorphum,,KCOM2594,1,2678339,,Complete Genome,26.99,fusobacterium,1
GCA_037911985.1,HMT-202,Fusobacterium,polymorphum,,KCOM2517,2,2577327,,Complete Genome,27.12,fusobacterium,1
GCA_037912005.1,HMT-202,Fusobacterium,polymorphum,,KCOM2446,1,2504356,,Complete Genome,26.99,fusobacterium,1
GCA_037912015.1,HMT-202,Fusobacterium,polymorphum,,KCOM1330,4,2584315,,Complete Genome,27.0,fusobacterium,1
GCA_045159995.1,HMT-202,Fusobacterium,polymorphum,,SB051,3,2499187,,Complete Genome,27.01,fusobacterium,1
GCA_902375245.1,HMT-202,Fusobacterium,polymorphum,,MGYG-HGUT-01464,13,2631404,,Scaffold,28.64,fusobacterium,1
GCA_002761935.1,HMT-429,Fusobacterium,pseudoperiodonticum,,KCOM 1321,4,2298437,,Contig,28.25,fusobacterium,1
GCA_002761955.1,HMT-429,Fusobacterium,pseudoperiodonticum,,KCOM 1259,2,2413057,,Contig,28.07,fusobacterium,1
GCA_002763595.1,HMT-429,Fusobacterium,pseudoperiodonticum,,KCOM 1283,1,2222370,,Complete Genome,28.2,fusobacterium,1
GCA_002763625.1,HMT-429,Fusobacterium,pseudoperiodonticum,,KCOM 1261,1,2372880,,Complete Genome,28.04,fusobacterium,1
GCA_002763735.1,HMT-429,Fusobacterium,pseudoperiodonticum,,KCOM 1277,1,2324076,,Complete Genome,28.07,fusobacterium,1
GCA_002763775.1,HMT-429,Fusobacterium,pseudoperiodonticum,,KCOM 1282,1,2216236,,Complete Genome,28.31,fusobacterium,1
GCA_002763815.1,HMT-429,Fusobacterium,pseudoperiodonticum,,KCOM 2305,1,2273832,,Complete Genome,28.14,fusobacterium,1
GCA_002763925.1,HMT-429,Fusobacterium,pseudoperiodonticum,,KCOM 2653,1,2291059,,Complete Genome,28.21,fusobacterium,1
GCA_015255405.1,HMT-429,Fusobacterium,pseudoperiodonticum,,JCVI_44_bin.19,188,2132266,yes,Contig,28.17,fusobacterium,1
GCA_916720735.1,HMT-429,Fusobacterium,pseudoperiodonticum,,SRR15235655_bin.4_metaWRAP_v1.1_MAG,251,2136019,yes,Contig,27.85,fusobacterium,1
GCA_015552935.1,HMT-447,Fusobacterium,simiae,,1001295B_180824_G3,61,2452360,,Scaffold,27.1,fusobacterium,1
GCA_026089295.1,HMT-447,Fusobacterium,simiae,,DSM 19848,86,2481730,,Contig,27.1,fusobacterium,1
GCA_900095705.1,HMT-248,Fusobacterium,sp. HMT-248,,Marseille-P2749,6,1809170,,Scaffold,27.34,fusobacterium,1
GCA_902376175.1,HMT-248,Fusobacterium,sp. HMT-248,,MGYG-HGUT-01555,6,1809170,,Scaffold,27.34,fusobacterium,1
GCA_000235465.1,HMT-370,Fusobacterium,sp. HMT-370,,F0437,133,2093299,,Scaffold,27.9,fusobacterium,1
GCA_902469835.1,HMT-370,Fusobacterium,sp. HMT-370,,MGYG-HGUT-01172,97,2065216,,Contig,27.57,fusobacterium,1
GCA_937991325.1,HMT-370,Fusobacterium,sp. HMT-370,,ERR688618_bin.93_CONCOCT_v1.1_MAG,81,2048915,yes,Contig,27.68,fusobacterium,1
GCA_008633215.1,HMT-464,Fusobacterium,watanabei,,13-08-02,41,2019333,,Contig,27.0,fusobacterium,1
GCA_028621995.1,HMT-464,Fusobacterium,watanabei,,FNU,1,2057857,,Complete Genome,27.13,fusobacterium,1
GCA_037577715.1,HMT-464,Fusobacterium,watanabei,,KCOM3157,3,2116737,,Contig,27.06,fusobacterium,1
GCA_037889065.1,HMT-464,Fusobacterium,watanabei,,SB048,1,2141381,,Complete Genome,27.13,fusobacterium,1
GCA_037889095.1,HMT-464,Fusobacterium,watanabei,,SB032,1,2160860,,Complete Genome,26.96,fusobacterium,1
GCA_037889105.1,HMT-464,Fusobacterium,watanabei,,SB030,1,1909786,,Complete Genome,27.25,fusobacterium,1
GCA_037889115.1,HMT-464,Fusobacterium,watanabei,,KCOM3764,1,2211312,,Complete Genome,27.01,fusobacterium,1
GCA_037889135.1,HMT-464,Fusobacterium,watanabei,,KCOM3714,1,2104048,,Complete Genome,27.09,fusobacterium,1
GCA_037889145.1,HMT-464,Fusobacterium,watanabei,,KCOM3685,1,2052412,,Complete Genome,27.08,fusobacterium,1
GCA_037889155.1,HMT-464,Fusobacterium,watanabei,,KCOM3503,1,2147387,,Complete Genome,26.98,fusobacterium,1
GCA_037889165.1,HMT-464,Fusobacterium,watanabei,,KCOM3457,1,2060938,,Complete Genome,27.05,fusobacterium,1
GCA_037889185.1,HMT-464,Fusobacterium,watanabei,,KCOM3208,1,2107853,,Complete Genome,27.06,fusobacterium,1
GCA_037889195.1,HMT-464,Fusobacterium,watanabei,,KCOM3205,1,2148184,,Complete Genome,27.08,fusobacterium,1
GCA_037889205.1,HMT-464,Fusobacterium,watanabei,,KCOM3164,1,2142942,,Complete Genome,26.95,fusobacterium,1
GCA_037889215.1,HMT-464,Fusobacterium,watanabei,,KCOM3154,1,2065444,,Complete Genome,27.14,fusobacterium,1
GCA_037889225.1,HMT-464,Fusobacterium,watanabei,,KCOM2907,1,2080509,,Complete Genome,27.04,fusobacterium,1
GCA_037889245.1,HMT-464,Fusobacterium,watanabei,,KCOM2898,1,2108315,,Complete Genome,26.91,fusobacterium,1
GCA_037889265.1,HMT-464,Fusobacterium,watanabei,,KCOM2847,1,2037865,,Complete Genome,27.15,fusobacterium,1
GCA_037889335.1,HMT-464,Fusobacterium,watanabei,,KCOM3412,2,2052086,,Complete Genome,27.12,fusobacterium,1
GCA_037889345.1,HMT-464,Fusobacterium,watanabei,,KCOM3182,1,2038899,,Complete Genome,27.02,fusobacterium,1
GCA_037889365.1,HMT-464,Fusobacterium,watanabei,,KCOM3758,1,2089824,,Complete Genome,27.0,fusobacterium,1
GCA_037953935.1,HMT-464,Fusobacterium,watanabei,,KCOM2013,1,2055381,,Complete Genome,27.15,fusobacterium,1
GCA_037954595.1,HMT-464,Fusobacterium,watanabei,,KCOM2205,1,2075339,,Complete Genome,27.06,fusobacterium,1
GCA_037954885.1,HMT-464,Fusobacterium,watanabei,,KCOM3674,1,2100970,,Complete Genome,27.03,fusobacterium,1
GCA_037955165.1,HMT-464,Fusobacterium,watanabei,,KCOM3363,1,2146718,,Complete Genome,26.91,fusobacterium,1
GCA_037975335.1,HMT-464,Fusobacterium,watanabei,,KCOM3187,1,2188487,,Complete Genome,26.94,fusobacterium,1
GCA_000158255.2,HMT-200,Fusobacterium,vincentii,,4_1_13,7,2271126,,Scaffold,27.01,fusobacterium,1
GCA_000162235.2,HMT-200,Fusobacterium,vincentii,,3_1_36A2,1,2268272,,Complete Genome,27.12,fusobacterium,1
GCA_000163915.2,HMT-200,Fusobacterium,vincentii,,3_1_27,3,2190228,,Complete Genome,27.09,fusobacterium,1
GCA_000279975.1,HMT-200,Fusobacterium,vincentii,,ATCC 51190,198,1837113,,Contig,27.2,fusobacterium,1
GCA_000455965.1,HMT-200,Fusobacterium,vincentii,,ChDC F8,186,1989265,,Contig,26.87,fusobacterium,1
GCA_000479205.1,HMT-200,Fusobacterium,vincentii,,CTI-7,46,2143762,,Scaffold,27.54,fusobacterium,1
GCA_001296125.1,HMT-200,Fusobacterium,vincentii,,KCOM 1231,1,2038535,,Complete Genome,27.08,fusobacterium,1
GCA_001810995.1,HMT-200,Fusobacterium,vincentii,,HMSC064B12,56,2121738,,Scaffold,27.05,fusobacterium,1
GCA_001854465.1,HMT-200,Fusobacterium,vincentii,,AB1,60,2143397,,Scaffold,27.0,fusobacterium,1
GCA_002749995.1,HMT-200,Fusobacterium,vincentii,,KCOM 2880,3,2054883,,Contig,27.17,fusobacterium,1
GCA_002764055.1,HMT-200,Fusobacterium,vincentii,,KCOM 2931,1,2087706,,Complete Genome,27.21,fusobacterium,1
GCA_019552005.1,HMT-200,Fusobacterium,vincentii,,THCT14A3,1,2052554,,Complete Genome,27.22,fusobacterium,1
GCA_022340165.1,HMT-200,Fusobacterium,vincentii,,Fn146CP,27,2081686,,Contig,26.82,fusobacterium,1
GCA_024140205.1,HMT-200,Fusobacterium,vincentii,,CNGBCC1850030,32,2078835,,Contig,26.97,fusobacterium,1
GCA_028621975.1,HMT-200,Fusobacterium,vincentii,,FNV,1,2194806,,Complete Genome,27.41,fusobacterium,1
GCA_029846465.1,HMT-200,Fusobacterium,vincentii,,Fn11kaz,34,2134385,,Contig,26.91,fusobacterium,1
GCA_037893545.1,HMT-200,Fusobacterium,vincentii,,SB015,1,2202499,,Complete Genome,27.17,fusobacterium,1
GCA_037895375.1,HMT-200,Fusobacterium,vincentii,,SB037,1,2134802,,Complete Genome,27.04,fusobacterium,1
GCA_037899945.1,HMT-200,Fusobacterium,vincentii,,KCOM1231,1,2044556,,Complete Genome,27.12,fusobacterium,1
GCA_037904585.1,HMT-200,Fusobacterium,vincentii,,KCOM3370,1,2149566,,Complete Genome,27.37,fusobacterium,1
GCA_037904615.1,HMT-200,Fusobacterium,vincentii,,KCOM2988,1,2128951,,Complete Genome,27.13,fusobacterium,1
GCA_037911825.1,HMT-200,Fusobacterium,vincentii,,SB055,3,2145498,,Complete Genome,27.1,fusobacterium,1
GCA_037911835.1,HMT-200,Fusobacterium,vincentii,,SB054,1,2161381,,Complete Genome,27.15,fusobacterium,1
GCA_037911865.1,HMT-200,Fusobacterium,vincentii,,KCOM2931,1,2087702,,Complete Genome,27.21,fusobacterium,1
GCA_045159925.1,HMT-200,Fusobacterium,vincentii,,SB038,1,2096563,,Complete Genome,27.15,fusobacterium,1
GCA_045159965.1,HMT-200,Fusobacterium,vincentii,,SB046,1,2102167,,Complete Genome,27.15,fusobacterium,1
GCA_900450795.1,HMT-200,Fusobacterium,vincentii,,NCTC11326,3,2129752,,Contig,27.21,fusobacterium,1
GCA_901873415.1,HMT-200,Fusobacterium,vincentii,,Fusobacterium_nucleatum_BgEED12,36,2208650,,Contig,27.26,fusobacterium,1
GCA_902381645.1,HMT-200,Fusobacterium,vincentii,,MGYG-HGUT-01347,1,2268272,,Complete Genome,27.12,fusobacterium,1
GCA_938030775.1,HMT-200,Fusobacterium,vincentii,,ERR589450_bin.81_CONCOCT_v1.1_MAG,207,2082084,yes,Contig,27.06,fusobacterium,1
GCA_000263575.1,HMT-867,Gardnerella,leopoldii,,6420B,14,1493594,,Contig,42.19,gardnerella,0
GCA_002861125.1,HMT-867,Gardnerella,leopoldii,,UMB0912,4,1513749,,Scaffold,42.12,gardnerella,0
GCA_002861145.1,HMT-867,Gardnerella,leopoldii,,UMB0913,4,1513612,,Scaffold,42.12,gardnerella,0
GCA_002862065.1,HMT-867,Gardnerella,leopoldii,,UMB0682,6,1601254,,Contig,42.07,gardnerella,0
GCA_003293675.1,HMT-867,Gardnerella,leopoldii,,UGent 06.41,1,1563545,,Chromosome,42.1,gardnerella,0
GCA_003397635.1,HMT-867,Gardnerella,leopoldii,,UGent 09.48,3,1470925,,Scaffold,42.22,gardnerella,0
GCA_013315125.1,HMT-867,Gardnerella,leopoldii,,UMB1350,12,1502805,,Scaffold,42.12,gardnerella,0
GCA_013315135.1,HMT-867,Gardnerella,leopoldii,,UMB0742,1,1472679,,Contig,42.17,gardnerella,0
GCA_013315195.1,HMT-867,Gardnerella,leopoldii,,UMB1489,4,1492090,,Scaffold,42.17,gardnerella,0
GCA_013315255.1,HMT-867,Gardnerella,leopoldii,,UMB0662,12,1502587,,Scaffold,42.12,gardnerella,0
GCA_002884815.1,HMT-846,Gardnerella,piotii,,UMB0663,4,1597294,,Scaffold,42.42,gardnerella,0
GCA_003369875.1,HMT-846,Gardnerella,piotii,,W11,7,1566657,,Contig,42.27,gardnerella,0
GCA_003369895.1,HMT-846,Gardnerella,piotii,,N101,7,1542981,,Contig,42.37,gardnerella,0
GCA_003369935.1,HMT-846,Gardnerella,piotii,,N153,6,1541756,,Contig,42.36,gardnerella,0
GCA_003369965.1,HMT-846,Gardnerella,piotii,,N95,7,1522480,,Contig,42.4,gardnerella,0
GCA_003397585.1,HMT-846,Gardnerella,piotii,,UGent 18.01,5,1514270,,Contig,42.47,gardnerella,0
GCA_003397615.1,HMT-846,Gardnerella,piotii,,UGent 21.28,3,1547915,,Scaffold,42.48,gardnerella,0
GCA_023277565.1,HMT-846,Gardnerella,piotii,,JNFY17,1,1595814,,Complete Genome,42.74,gardnerella,0
GCA_023277585.1,HMT-846,Gardnerella,piotii,,JNFY15,1,1541442,,Complete Genome,42.55,gardnerella,0
GCA_029226345.1,HMT-846,Gardnerella,piotii,,c17Ua_112,3,1509345,,Contig,42.49,gardnerella,0
GCA_000025205.1,HMT-868,Gardnerella,swidsinskii,,409-05,1,1617545,,Complete Genome,42.02,gardnerella,0
GCA_001953155.1,HMT-868,Gardnerella,swidsinskii,,GV37,1,1746718,,Complete Genome,41.76,gardnerella,0
GCA_002884795.1,HMT-868,Gardnerella,swidsinskii,,UMB1642,4,1628789,,Contig,41.8,gardnerella,0
GCA_003397705.1,HMT-868,Gardnerella,swidsinskii,,GS 9838-1,9,1622089,,Contig,41.87,gardnerella,0
GCA_003397745.1,HMT-868,Gardnerella,swidsinskii,,GS 10234,3,1589042,,Scaffold,41.89,gardnerella,0
GCA_013315145.1,HMT-868,Gardnerella,swidsinskii,,UMB1698,5,1586334,,Scaffold,41.92,gardnerella,0
GCA_013315215.1,HMT-868,Gardnerella,swidsinskii,,UMB0769,5,1552587,,Contig,42.01,gardnerella,0
GCA_023277705.1,HMT-868,Gardnerella,swidsinskii,,JNFY3,1,1602355,,Complete Genome,42.02,gardnerella,0
GCA_000178355.1,HMT-829,Gardnerella,vaginalis,,ATCC 14018,145,1604161,,Scaffold,41.22,gardnerella,0
GCA_000213955.1,HMT-829,Gardnerella,vaginalis,,HMP9231,1,1726519,,Complete Genome,41.23,gardnerella,0
GCA_001042655.1,HMT-829,Gardnerella,vaginalis,,JCM 11026,1,1667406,,Complete Genome,41.36,gardnerella,0
GCA_003397685.1,HMT-829,Gardnerella,vaginalis,,ATCC 14018,2,1661998,,Contig,41.32,gardnerella,0
GCA_004336685.1,HMT-829,Gardnerella,vaginalis,,ATCC 14018,14,1657111,,Contig,41.31,gardnerella,0
GCA_023277545.1,HMT-829,Gardnerella,vaginalis,,JNFY28,1,1542082,,Complete Genome,42.23,gardnerella,0
GCA_023277625.1,HMT-829,Gardnerella,vaginalis,,JNFY13,1,1682566,,Complete Genome,41.64,gardnerella,0
GCA_023277665.1,HMT-829,Gardnerella,vaginalis,,JNFY9,1,1640523,,Complete Genome,41.41,gardnerella,0
GCA_900105405.1,HMT-829,Gardnerella,vaginalis,,DSM 4944,1,1684415,,Chromosome,41.34,gardnerella,0
GCA_900637625.1,HMT-829,Gardnerella,vaginalis,,NCTC10287,1,1667383,,Complete Genome,41.36,gardnerella,0
GCA_000469465.1,HMT-555,Gemella,bergeri,,ATCC 700627,89,1604508,,Scaffold,30.36,gemella,0
GCA_000204355.1,HMT-434,Gemella,haemolysans,,M341,27,2053439,,Scaffold,31.33,gemella,0
GCA_012273215.1,HMT-434,Gemella,haemolysans,,FDAARGOS_740,1,2081429,,Chromosome,30.83,gemella,0
GCA_901873445.1,HMT-434,Gemella,haemolysans,,Gemella_haemolysans_BgEED14,77,1922556,,Contig,30.66,gemella,0
GCA_000173915.1,HMT-626,Gemella,haemolysans,,ATCC 10379,15,1916192,,Contig,30.88,gemella,0
GCA_001553035.1,HMT-626,Gemella,haemolysans,,DNF01167,83,1892523,,Scaffold,30.85,gemella,0
GCA_008692995.1,HMT-626,Gemella,haemolysans,,CCUG 37985T,20,1905342,,Contig,30.71,gemella,0
GCA_018367315.1,HMT-626,Gemella,haemolysans,,L3_098_000G1_dasL3_098_000G1_metabat.metabat.70,112,1776416,yes,Contig,30.63,gemella,0
GCA_020097455.1,HMT-626,Gemella,haemolysans,,FDAARGOS_1500,1,1928240,,Complete Genome,30.88,gemella,0
GCA_028767065.1,HMT-626,Gemella,haemolysans,,PGMMGM001,34,1876477,,Contig,30.94,gemella,0
GCA_900638055.1,HMT-626,Gemella,haemolysans,,NCTC10459,1,1926227,,Complete Genome,30.87,gemella,0
GCA_937930665.1,HMT-626,Gemella,haemolysans,,ERR589426_bin.13_CONCOCT_v1.1_MAG,190,1856764,yes,Contig,30.74,gemella,0
GCA_001553915.1,HMT-928,Gemella,massiliensis,,W2231,1,1769679,,Complete Genome,30.65,gemella,0
GCA_003351945.1,HMT-928,Gemella,massiliensis,,6198,1,1797925,,Complete Genome,30.72,gemella,0
GCA_900120125.1,HMT-928,Gemella,massiliensis,,Marseille-P3249,7,1804814,,Scaffold,30.55,gemella,0
GCA_000185645.1,HMT-046,Gemella,morbillorum,,M424,18,1752918,,Scaffold,31.08,gemella,0
GCA_009730315.1,HMT-046,Gemella,morbillorum,,FDAARGOS_741,1,1779451,,Complete Genome,30.93,gemella,0
GCA_015255285.1,HMT-046,Gemella,morbillorum,,JCVI_4_bin.2,123,1531077,yes,Contig,30.34,gemella,0
GCA_015255305.1,HMT-046,Gemella,morbillorum,,JCVI_26_bin.4,179,1580065,yes,Contig,30.32,gemella,0
GCA_020097435.1,HMT-046,Gemella,morbillorum,,FDAARGOS_1501,1,1760933,,Complete Genome,30.58,gemella,0
GCA_030225585.1,HMT-046,Gemella,morbillorum,,UMB750A.1,268,1675671,,Contig,30.51,gemella,0
GCA_030225625.1,HMT-046,Gemella,morbillorum,,UMB750B.1,106,1711998,,Contig,30.5,gemella,0
GCA_900476045.1,HMT-046,Gemella,morbillorum,,NCTC11323,1,1760930,,Complete Genome,30.58,gemella,0
GCA_902496485.1,HMT-046,Gemella,morbillorum,,MGYG-HGUT-04562,45,1790867,,Contig,30.47,gemella,0
GCA_905371775.1,HMT-046,Gemella,morbillorum,,SRR9217391-mag-bin.6,115,1570595,yes,Contig,30.27,gemella,0
GCA_937925415.1,HMT-046,Gemella,morbillorum,,ERR589607_bin.15_CONCOCT_v1.1_MAG,73,1658063,yes,Contig,30.5,gemella,0
GCA_000204335.2,HMT-757,Gemella,sanguinis,,M325,5,1756105,,Contig,29.81,gemella,0
GCA_000701685.1,HMT-757,Gemella,sanguinis,,ATCC 700632,27,1795494,,Scaffold,29.61,gemella,0
GCA_001052115.1,HMT-757,Gemella,sanguinis,,1094_BTHU,118,1905481,,Contig,29.65,gemella,0
GCA_002871615.1,HMT-757,Gemella,sanguinis,,UMB0186,36,1877482,,Scaffold,29.84,gemella,0
GCA_009730295.1,HMT-757,Gemella,sanguinis,,FDAARGOS_742,1,1796606,,Complete Genome,29.88,gemella,0
GCA_012396635.1,HMT-757,Gemella,sanguinis,,SS1508,28,1795201,,Contig,29.62,gemella,0
GCA_916720615.1,HMT-757,Gemella,sanguinis,,SRR15235652_bin.5_metaWRAP_v1.1_MAG,113,1736345,yes,Contig,29.59,gemella,0
GCA_937990745.1,HMT-757,Gemella,sanguinis,,ERR589679_bin.98_CONCOCT_v1.1_MAG,197,1557782,yes,Contig,29.73,gemella,0
GCA_000160675.1,HMT-534,Granulicatella,adiacens,,ATCC 49175,10,1947166,,Scaffold,38.42,granulicatella,0
GCA_001071365.1,HMT-534,Granulicatella,adiacens,,572.rep2_STHE,47,2030278,,Contig,37.51,granulicatella,0
GCA_001073445.1,HMT-534,Granulicatella,adiacens,,572.rep1_STHE,46,2031571,,Scaffold,37.52,granulicatella,0
GCA_001806915.1,HMT-534,Granulicatella,adiacens,,HMSC30F09,35,1927473,,Scaffold,37.83,granulicatella,0
GCA_001807725.1,HMT-534,Granulicatella,adiacens,,HMSC31F03,37,1914916,,Scaffold,37.6,granulicatella,0
GCA_019931005.1,HMT-534,Granulicatella,adiacens,,FDAARGOS_1477,1,1965420,,Complete Genome,37.78,granulicatella,0
GCA_025150565.1,HMT-534,Granulicatella,adiacens,,ATCC 49175,1,1965422,,Complete Genome,37.78,granulicatella,0
GCA_025150805.1,HMT-534,Granulicatella,adiacens,,p3-SID1692,41,1854876,,Contig,37.81,granulicatella,0
GCA_025642215.1,HMT-534,Granulicatella,adiacens,,KHUD_009,1,1949834,,Complete Genome,37.81,granulicatella,0
GCA_901873425.1,HMT-534,Granulicatella,adiacens,,Granulicatella_adiacens_BgEED15,28,1813364,,Contig,37.8,granulicatella,0
GCA_902494015.1,HMT-534,Granulicatella,adiacens,,MGYG-HGUT-04316,91,1849304,,Contig,37.68,granulicatella,0
GCA_905197865.1,HMT-534,Granulicatella,adiacens,,ERR1190736-bin.21,22,1896890,yes,Contig,37.62,granulicatella,0
GCA_905372625.1,HMT-534,Granulicatella,adiacens,,SRR9217422-mag-bin.10,60,1843481,yes,Contig,37.76,granulicatella,0
GCA_910575195.1,HMT-534,Granulicatella,adiacens,,A88_80_GA_DSS,29,1890628,,Contig,37.78,granulicatella,0
GCA_910576065.1,HMT-534,Granulicatella,adiacens,,A88,31,1891969,,Contig,37.79,granulicatella,0
GCA_938028205.1,HMT-534,Granulicatella,adiacens,,ERR589642_bin.94_CONCOCT_v1.1_MAG,91,1798844,yes,Contig,37.79,granulicatella,0
GCA_000162475.2,HMT-596,Granulicatella,elegans,,ATCC 700633,1,1743361,,Scaffold,33.43,granulicatella,0
GCA_020735385.1,HMT-596,Granulicatella,elegans,,FDAARGOS_1559,1,1890620,,Complete Genome,33.66,granulicatella,0
GCA_000740775.1,HMT-316,Haematobacter,missouriensis,,CCUG 52307,136,3958808,,Contig,64.32,haematobacter,0
GCA_002196895.1,HMT-316,Haematobacter,missouriensis,,H1892,129,4337941,,Contig,64.23,haematobacter,0
GCA_002196905.1,HMT-316,Haematobacter,missouriensis,,H2381,97,4323477,,Contig,64.19,haematobacter,0
GCA_943915015.1,HMT-316,Haematobacter,missouriensis,,QqBYd94U16_bin.6.MAG,96,4208877,yes,Contig,64.38,haematobacter,0
GCA_000195005.1,HMT-535,Haemophilus,aegyptius,,ATCC 11116,22,1963583,,Scaffold,39.61,haemophilus,0
GCA_000197875.1,HMT-535,Haemophilus,aegyptius,,F3031,1,1985832,,Complete Genome,38.22,haemophilus,0
GCA_000200475.1,HMT-535,Haemophilus,aegyptius,,F3047,1,2007018,,Complete Genome,38.22,haemophilus,0
GCA_001679305.1,HMT-535,Haemophilus,aegyptius,,CCUG 628,21,1856412,,Scaffold,37.92,haemophilus,0
GCA_001679335.1,HMT-535,Haemophilus,aegyptius,,CCUG 26840,32,1926181,,Scaffold,38.1,haemophilus,0
GCA_003351505.1,HMT-535,Haemophilus,aegyptius,,M14951,1,2008126,,Chromosome,38.23,haemophilus,0
GCA_003490865.1,HMT-535,Haemophilus,aegyptius,,M22154,32,1810476,,Contig,37.88,haemophilus,0
GCA_003493485.1,HMT-535,Haemophilus,aegyptius,,M23174,14,1876170,,Contig,37.92,haemophilus,0
GCA_005888175.1,HMT-535,Haemophilus,aegyptius,,F3030,67,1962639,,Contig,38.02,haemophilus,0
GCA_005888185.1,HMT-535,Haemophilus,aegyptius,,F3283,130,1962133,,Contig,38.03,haemophilus,0
GCA_005888195.1,HMT-535,Haemophilus,aegyptius,,KC1018,96,1909282,,Contig,38.07,haemophilus,0
GCA_005888205.1,HMT-535,Haemophilus,aegyptius,,F3039,138,1961979,,Contig,38.03,haemophilus,0
GCA_005888215.1,HMT-535,Haemophilus,aegyptius,,F3042,137,1969657,,Contig,38.04,haemophilus,0
GCA_005888265.1,HMT-535,Haemophilus,aegyptius,,F1946,74,1957726,,Contig,38.04,haemophilus,0
GCA_008586745.1,HMT-535,Haemophilus,aegyptius,,HE7/F1946,1,1985844,,Complete Genome,38.22,haemophilus,0
GCA_008586765.1,HMT-535,Haemophilus,aegyptius,,HE40/F3043,1,2000194,,Complete Genome,38.23,haemophilus,0
GCA_008586785.1,HMT-535,Haemophilus,aegyptius,,HE37/F3052,1,1877864,,Complete Genome,38.12,haemophilus,0
GCA_008586805.1,HMT-535,Haemophilus,aegyptius,,HE24/F3037,1,1987687,,Complete Genome,38.22,haemophilus,0
GCA_008586825.1,HMT-535,Haemophilus,aegyptius,,HE15/F3028,1,1984979,,Complete Genome,38.22,haemophilus,0
GCA_019930905.1,HMT-535,Haemophilus,aegyptius,,FDAARGOS_1478,1,1993271,,Complete Genome,38.28,haemophilus,0
GCA_900407385.1,HMT-535,Haemophilus,aegyptius,,PTHi-10983,44,1826166,,Contig,37.94,haemophilus,0
GCA_900450755.1,HMT-535,Haemophilus,aegyptius,,NCTC8135,3,1922958,,Contig,38.1,haemophilus,0
GCA_900475885.1,HMT-535,Haemophilus,aegyptius,,NCTC8502,1,1993258,,Complete Genome,38.28,haemophilus,0
GCA_900637765.1,HMT-535,Haemophilus,aegyptius,,NCTC8134,1,1993241,,Complete Genome,38.28,haemophilus,0
GCA_001043455.1,HMT-821,Haemophilus,ducreyi,,CIP 54.2,1,1557754,,Chromosome,39.07,haemophilus,0
GCA_001647695.1,HMT-821,Haemophilus,ducreyi,,VAN2,1,1589620,,Complete Genome,37.92,haemophilus,0
GCA_001647765.1,HMT-821,Haemophilus,ducreyi,,VAN4,1,1673048,,Complete Genome,38.13,haemophilus,0
GCA_001647795.1,HMT-821,Haemophilus,ducreyi,,VAN5,1,1667484,,Complete Genome,38.15,haemophilus,0
GCA_001647855.1,HMT-821,Haemophilus,ducreyi,,GHA3,1,1738543,,Complete Genome,38.18,haemophilus,0
GCA_001647875.1,HMT-821,Haemophilus,ducreyi,,GHA5,1,1738559,,Complete Genome,38.18,haemophilus,0
GCA_001647915.1,HMT-821,Haemophilus,ducreyi,,GHA9,1,1775503,,Complete Genome,38.22,haemophilus,0
GCA_002015155.1,HMT-821,Haemophilus,ducreyi,,CCUG 4438,19,1534707,,Scaffold,37.68,haemophilus,0
GCA_900109315.1,HMT-821,Haemophilus,ducreyi,,ATCC 33940,18,1576562,,Contig,37.84,haemophilus,0
GCA_900637315.1,HMT-821,Haemophilus,ducreyi,,NCTC11483,1,1594261,,Complete Genome,37.95,haemophilus,0
GCA_000222045.2,HMT-851,Haemophilus,haemolyticus,,M21127,38,1945624,,Contig,38.57,haemophilus,0
GCA_000242295.1,HMT-851,Haemophilus,haemolyticus,,F0397,21,1838618,,Scaffold,38.34,haemophilus,0
GCA_000262285.1,HMT-851,Haemophilus,haemolyticus,,HK386,30,1822726,,Contig,38.54,haemophilus,0
GCA_001008205.1,HMT-851,Haemophilus,haemolyticus,,11P18,40,1785806,,Contig,38.45,haemophilus,0
GCA_001008215.1,HMT-851,Haemophilus,haemolyticus,,1P26,63,1869699,,Contig,38.49,haemophilus,0
GCA_001008225.1,HMT-851,Haemophilus,haemolyticus,,3P5,73,1836392,,Contig,38.44,haemophilus,0
GCA_001008275.1,HMT-851,Haemophilus,haemolyticus,,27P25,63,1876155,,Contig,38.2,haemophilus,0
GCA_001679045.1,HMT-851,Haemophilus,haemolyticus,,CCUG 12834,18,1827025,,Scaffold,38.58,haemophilus,0
GCA_001679135.1,HMT-851,Haemophilus,haemolyticus,,CCUG 24149,31,1941809,,Contig,38.29,haemophilus,0
GCA_001679445.1,HMT-851,Haemophilus,haemolyticus,,CCUG 39154,12,1880185,,Scaffold,38.33,haemophilus,0
GCA_003351405.1,HMT-851,Haemophilus,haemolyticus,,M19345,1,1916320,,Complete Genome,38.51,haemophilus,0
GCA_003351625.1,HMT-851,Haemophilus,haemolyticus,,M28486,1,1822569,,Complete Genome,38.59,haemophilus,0
GCA_003352385.1,HMT-851,Haemophilus,haemolyticus,,M19346,1,1973061,,Complete Genome,38.51,haemophilus,0
GCA_003490235.1,HMT-851,Haemophilus,haemolyticus,,M19140,32,1912585,,Contig,38.31,haemophilus,0
GCA_003490305.1,HMT-851,Haemophilus,haemolyticus,,M19155,30,1904880,,Contig,38.48,haemophilus,0
GCA_003490485.1,HMT-851,Haemophilus,haemolyticus,,M26173,19,1945566,,Contig,38.43,haemophilus,0
GCA_003490595.1,HMT-851,Haemophilus,haemolyticus,,M19079,36,2010365,,Contig,38.46,haemophilus,0
GCA_003490655.1,HMT-851,Haemophilus,haemolyticus,,M26156,10,1758988,,Contig,38.46,haemophilus,0
GCA_003490935.1,HMT-851,Haemophilus,haemolyticus,,M19099,21,1874589,,Contig,38.36,haemophilus,0
GCA_003491025.1,HMT-851,Haemophilus,haemolyticus,,M19164,45,1882562,,Contig,38.36,haemophilus,0
GCA_003492365.1,HMT-851,Haemophilus,haemolyticus,,M19197,37,1985988,,Contig,38.43,haemophilus,0
GCA_003492745.1,HMT-851,Haemophilus,haemolyticus,,M26166,43,1992670,,Contig,38.69,haemophilus,0
GCA_003493245.1,HMT-851,Haemophilus,haemolyticus,,M26174,23,1974928,,Contig,38.78,haemophilus,0
GCA_003493365.1,HMT-851,Haemophilus,haemolyticus,,M19122,31,1979082,,Contig,38.6,haemophilus,0
GCA_003493465.1,HMT-851,Haemophilus,haemolyticus,,M25342,22,1865692,,Contig,38.33,haemophilus,0
GCA_003493545.1,HMT-851,Haemophilus,haemolyticus,,M26176,46,2026824,,Contig,38.57,haemophilus,0
GCA_003493605.1,HMT-851,Haemophilus,haemolyticus,,M19187,29,1795109,,Contig,38.44,haemophilus,0
GCA_003493685.1,HMT-851,Haemophilus,haemolyticus,,M26161,42,2065162,,Contig,38.62,haemophilus,0
GCA_003493965.1,HMT-851,Haemophilus,haemolyticus,,M19071,21,1914164,,Contig,38.33,haemophilus,0
GCA_003494075.1,HMT-851,Haemophilus,haemolyticus,,M19201,38,2079674,,Contig,38.47,haemophilus,0
GCA_003494105.1,HMT-851,Haemophilus,haemolyticus,,M26157,16,1872515,,Contig,38.27,haemophilus,0
GCA_003494195.1,HMT-851,Haemophilus,haemolyticus,,M19135,24,1947390,,Contig,38.35,haemophilus,0
GCA_003494265.1,HMT-851,Haemophilus,haemolyticus,,M19528,40,2041693,,Contig,38.48,haemophilus,0
GCA_003494285.1,HMT-851,Haemophilus,haemolyticus,,M19080,14,1945186,,Contig,38.34,haemophilus,0
GCA_003494485.1,HMT-851,Haemophilus,haemolyticus,,M26160,20,1910682,,Contig,38.42,haemophilus,0
GCA_003494525.1,HMT-851,Haemophilus,haemolyticus,,M26164,14,1812369,,Contig,38.51,haemophilus,0
GCA_003494545.1,HMT-851,Haemophilus,haemolyticus,,M28908,15,1758067,,Contig,38.55,haemophilus,0
GCA_003494635.1,HMT-851,Haemophilus,haemolyticus,,M11818,17,1961876,,Contig,38.27,haemophilus,0
GCA_003494655.1,HMT-851,Haemophilus,haemolyticus,,M19161,55,1915140,,Contig,38.4,haemophilus,0
GCA_003494695.1,HMT-851,Haemophilus,haemolyticus,,M19066,15,1845083,,Contig,38.47,haemophilus,0
GCA_004362455.1,HMT-851,Haemophilus,haemolyticus,,16-549009,49,1843335,,Scaffold,38.47,haemophilus,0
GCA_004368395.1,HMT-851,Haemophilus,haemolyticus,,HI2028,17,1848731,,Contig,38.52,haemophilus,0
GCA_004368535.1,HMT-851,Haemophilus,haemolyticus,,ATCC 33390,14,1828364,,Contig,38.55,haemophilus,0
GCA_018373215.1,HMT-851,Haemophilus,haemolyticus,,L3_128_043G1_dasL3_128_043G1_concoct_21,22,1832354,yes,Contig,38.45,haemophilus,0
GCA_019973675.1,HMT-851,Haemophilus,haemolyticus,,2019-19,1,1895310,,Complete Genome,38.51,haemophilus,0
GCA_900477945.1,HMT-851,Haemophilus,haemolyticus,,NCTC10839,1,1934644,,Complete Genome,38.5,haemophilus,0
GCA_000012185.1,HMT-641,Haemophilus,influenzae,,86-028NP,1,1914490,,Complete Genome,38.16,haemophilus,0
GCA_000016465.1,HMT-641,Haemophilus,influenzae,,PittEE,1,1813033,,Complete Genome,38.04,haemophilus,0
GCA_000016485.1,HMT-641,Haemophilus,influenzae,,PittGG,1,1887192,,Complete Genome,38.01,haemophilus,0
GCA_000027305.1,HMT-641,Haemophilus,influenzae,,Rd KW20,1,1830138,,Complete Genome,38.15,haemophilus,0
GCA_000165525.1,HMT-641,Haemophilus,influenzae,,R2866,1,1932306,,Complete Genome,38.08,haemophilus,0
GCA_000165575.1,HMT-641,Haemophilus,influenzae,,R2846,1,1819370,,Complete Genome,38.02,haemophilus,0
GCA_000210875.1,HMT-641,Haemophilus,influenzae,,10810,1,1981535,,Complete Genome,38.14,haemophilus,0
GCA_000465255.1,HMT-641,Haemophilus,influenzae,,KR494,1,1856176,,Complete Genome,38.05,haemophilus,0
GCA_000698365.1,HMT-641,Haemophilus,influenzae,,CGSHiCZ412602,1,1811802,,Complete Genome,38.07,haemophilus,0
GCA_000767075.1,HMT-641,Haemophilus,influenzae,,Hi375,1,1850897,,Complete Genome,38.16,haemophilus,0
GCA_000931575.1,HMT-641,Haemophilus,influenzae,,477,1,1846259,,Complete Genome,38.16,haemophilus,0
GCA_000931605.1,HMT-641,Haemophilus,influenzae,,C486,1,1846503,,Complete Genome,38.16,haemophilus,0
GCA_000931625.1,HMT-641,Haemophilus,influenzae,,723,1,1887620,,Complete Genome,38.23,haemophilus,0
GCA_000968335.1,HMT-641,Haemophilus,influenzae,,2019,1,1969659,,Complete Genome,38.31,haemophilus,0
GCA_001457655.1,HMT-641,Haemophilus,influenzae,,NCTC8143,1,1890645,,Complete Genome,38.23,haemophilus,0
GCA_001856725.1,HMT-641,Haemophilus,influenzae,,NML-Hia-1,1,1829217,,Complete Genome,38.02,haemophilus,0
GCA_002073475.2,HMT-641,Haemophilus,influenzae,,FDAARGOS_199,1,1830681,,Complete Genome,38.14,haemophilus,0
GCA_002966575.1,HMT-641,Haemophilus,influenzae,,48P106H1,1,1857175,,Complete Genome,38.03,haemophilus,0
GCA_002966595.1,HMT-641,Haemophilus,influenzae,,48P153H1,1,1857048,,Complete Genome,38.03,haemophilus,0
GCA_002966615.1,HMT-641,Haemophilus,influenzae,,5P28H1,1,1886450,,Complete Genome,38.16,haemophilus,0
GCA_002966635.1,HMT-641,Haemophilus,influenzae,,5P54H1,1,1886411,,Complete Genome,38.15,haemophilus,0
GCA_002966655.1,HMT-641,Haemophilus,influenzae,,67P38H1,1,1823096,,Complete Genome,38.05,haemophilus,0
GCA_002966675.1,HMT-641,Haemophilus,influenzae,,67P56H1,1,1823172,,Complete Genome,38.05,haemophilus,0
GCA_002966695.1,HMT-641,Haemophilus,influenzae,,6P24H2,1,1901558,,Complete Genome,38.11,haemophilus,0
GCA_002966715.1,HMT-641,Haemophilus,influenzae,,6P32H1,1,1901533,,Complete Genome,38.11,haemophilus,0
GCA_002966735.1,HMT-641,Haemophilus,influenzae,,11P6H,1,1813865,,Complete Genome,38.03,haemophilus,0
GCA_002988215.2,HMT-641,Haemophilus,influenzae,,93P28H1,1,1812418,,Complete Genome,38.05,haemophilus,0
GCA_002988885.2,HMT-641,Haemophilus,influenzae,,93P10H1,1,1812134,,Complete Genome,38.05,haemophilus,0
GCA_003184385.1,HMT-641,Haemophilus,influenzae,,10P129H1,1,2047595,,Complete Genome,37.88,haemophilus,0
GCA_003184405.1,HMT-641,Haemophilus,influenzae,,84P36H1,1,2025527,,Complete Genome,38.41,haemophilus,0
GCA_003351425.1,HMT-641,Haemophilus,influenzae,,M21384,1,1817261,,Complete Genome,38.12,haemophilus,0
GCA_003351445.1,HMT-641,Haemophilus,influenzae,,M21460,1,1860196,,Complete Genome,38.14,haemophilus,0
GCA_003351465.1,HMT-641,Haemophilus,influenzae,,M17648,1,1816295,,Complete Genome,38.05,haemophilus,0
GCA_003351585.1,HMT-641,Haemophilus,influenzae,,M25588,1,1848871,,Complete Genome,38.09,haemophilus,0
GCA_003351605.1,HMT-641,Haemophilus,influenzae,,M12125,1,1804746,,Complete Genome,38.05,haemophilus,0
GCA_003352345.1,HMT-641,Haemophilus,influenzae,,M25267,1,1914782,,Complete Genome,38.16,haemophilus,0
GCA_003352365.1,HMT-641,Haemophilus,influenzae,,M13034,1,1887933,,Complete Genome,38.05,haemophilus,0
GCA_003352405.1,HMT-641,Haemophilus,influenzae,,M15895,1,1919901,,Complete Genome,38.18,haemophilus,0
GCA_003425445.1,HMT-641,Haemophilus,influenzae,,P621-7028,1,1838740,,Complete Genome,38.2,haemophilus,0
GCA_003425465.1,HMT-641,Haemophilus,influenzae,,P650-8603,1,1833710,,Complete Genome,38.07,haemophilus,0
GCA_003425485.1,HMT-641,Haemophilus,influenzae,,P652-8881,1,1811303,,Complete Genome,38.04,haemophilus,0
GCA_003425505.1,HMT-641,Haemophilus,influenzae,,P669-6977,1,2013003,,Complete Genome,38.42,haemophilus,0
GCA_003425525.1,HMT-641,Haemophilus,influenzae,,P642-4396,1,1897311,,Complete Genome,38.17,haemophilus,0
GCA_003425565.1,HMT-641,Haemophilus,influenzae,,P679-2791,1,1858634,,Complete Genome,38.15,haemophilus,0
GCA_003425585.1,HMT-641,Haemophilus,influenzae,,P636-8296,1,1840498,,Complete Genome,38.15,haemophilus,0
GCA_003425605.1,HMT-641,Haemophilus,influenzae,,P676-2514,1,1858630,,Complete Genome,38.15,haemophilus,0
GCA_003425625.1,HMT-641,Haemophilus,influenzae,,P672-7661,1,1833305,,Complete Genome,38.12,haemophilus,0
GCA_003425645.1,HMT-641,Haemophilus,influenzae,,P665-7858,1,1908143,,Complete Genome,38.11,haemophilus,0
GCA_003425715.1,HMT-641,Haemophilus,influenzae,,P617-9224,1,1848210,,Complete Genome,38.15,haemophilus,0
GCA_003425765.1,HMT-641,Haemophilus,influenzae,,P595-8370,1,1833864,,Complete Genome,38.07,haemophilus,0
GCA_003425815.1,HMT-641,Haemophilus,influenzae,,P615-8618,1,1840062,,Complete Genome,38.19,haemophilus,0
GCA_003425935.1,HMT-641,Haemophilus,influenzae,,P641-4342,1,1849483,,Complete Genome,38.09,haemophilus,0
GCA_003425955.1,HMT-641,Haemophilus,influenzae,,P662-7189,1,1904311,,Complete Genome,38.13,haemophilus,0
GCA_003691635.1,HMT-641,Haemophilus,influenzae,,P602-8883,1,1843353,,Chromosome,38.22,haemophilus,0
GCA_003691655.1,HMT-641,Haemophilus,influenzae,,P657-8759,1,1849398,,Chromosome,38.12,haemophilus,0
GCA_008831525.1,HMT-641,Haemophilus,influenzae,,PittGG,1,1887343,,Complete Genome,38.01,haemophilus,0
GCA_013394405.1,HMT-641,Haemophilus,influenzae,,2018-Y40,1,1957393,,Complete Genome,38.24,haemophilus,0
GCA_014701215.1,HMT-641,Haemophilus,influenzae,,TAMBA230,1,1809645,,Complete Genome,38.03,haemophilus,0
GCA_014931495.1,HMT-641,Haemophilus,influenzae,,M1C112_1,1,1894676,,Complete Genome,38.01,haemophilus,0
GCA_016535385.1,HMT-641,Haemophilus,influenzae,,FDAARGOS_1022,2,1951615,,Contig,38.08,haemophilus,0
GCA_016861285.1,HMT-641,Haemophilus,influenzae,,TA8730,1,1852308,,Complete Genome,38.1,haemophilus,0
GCA_019703365.1,HMT-641,Haemophilus,influenzae,,CHBN-II-1,1,1979718,,Complete Genome,38.37,haemophilus,0
GCA_019703385.1,HMT-641,Haemophilus,influenzae,,CHBN-II-2,1,1979786,,Complete Genome,38.37,haemophilus,0
GCA_019703405.1,HMT-641,Haemophilus,influenzae,,CHBN-II-3,1,1853393,,Complete Genome,38.09,haemophilus,0
GCA_019703425.1,HMT-641,Haemophilus,influenzae,,CHBN-II-4,1,1832515,,Complete Genome,38.07,haemophilus,0
GCA_019703455.1,HMT-641,Haemophilus,influenzae,,CHBN-II-5,1,1805925,,Complete Genome,38.08,haemophilus,0
GCA_019703495.1,HMT-641,Haemophilus,influenzae,,CHBN-II-6,1,1819364,,Complete Genome,38.06,haemophilus,0
GCA_019703525.1,HMT-641,Haemophilus,influenzae,,CHBN-II-7,1,1886480,,Complete Genome,38.16,haemophilus,0
GCA_019703545.1,HMT-641,Haemophilus,influenzae,,CHBN-II-8,1,1902536,,Complete Genome,38.13,haemophilus,0
GCA_019703575.1,HMT-641,Haemophilus,influenzae,,CHBN-III-1,1,1816076,,Complete Genome,38.01,haemophilus,0
GCA_019703595.1,HMT-641,Haemophilus,influenzae,,CHBN-III-2,1,1914722,,Complete Genome,38.16,haemophilus,0
GCA_019703615.1,HMT-641,Haemophilus,influenzae,,CHBN-III-3,1,1810977,,Complete Genome,38.05,haemophilus,0
GCA_019703635.1,HMT-641,Haemophilus,influenzae,,CHBN-III-4,1,1818266,,Complete Genome,38.02,haemophilus,0
GCA_019703655.1,HMT-641,Haemophilus,influenzae,,CHBN-III-5,1,1822115,,Complete Genome,38.05,haemophilus,0
GCA_019703675.1,HMT-641,Haemophilus,influenzae,,CHBN-III-6,1,1884503,,Complete Genome,37.97,haemophilus,0
GCA_019703695.1,HMT-641,Haemophilus,influenzae,,CHBN-III-7,1,1911890,,Complete Genome,38.22,haemophilus,0
GCA_019703715.1,HMT-641,Haemophilus,influenzae,,CHBN-III-8,1,1791343,,Complete Genome,38.0,haemophilus,0
GCA_019703735.1,HMT-641,Haemophilus,influenzae,,CHBN-IV-1,1,1882642,,Complete Genome,38.1,haemophilus,0
GCA_019703755.1,HMT-641,Haemophilus,influenzae,,CHBN-V-1,1,1953394,,Complete Genome,38.09,haemophilus,0
GCA_019703775.1,HMT-641,Haemophilus,influenzae,,CHBN-V-2,1,1790924,,Complete Genome,37.97,haemophilus,0
GCA_019703795.1,HMT-641,Haemophilus,influenzae,,CHBN-V-3,1,1936686,,Complete Genome,38.14,haemophilus,0
GCA_019930705.1,HMT-641,Haemophilus,influenzae,,FDAARGOS_1479,1,1902597,,Complete Genome,38.03,haemophilus,0
GCA_020735825.1,HMT-641,Haemophilus,influenzae,,FDAARGOS_1562,2,1842606,,Complete Genome,38.07,haemophilus,0
GCA_020736025.1,HMT-641,Haemophilus,influenzae,,FDAARGOS_1561,1,1834285,,Complete Genome,38.06,haemophilus,0
GCA_020736045.1,HMT-641,Haemophilus,influenzae,,FDAARGOS_1560,1,1890662,,Complete Genome,38.23,haemophilus,0
GCA_029623695.1,HMT-641,Haemophilus,influenzae,,NRCH180079,1,1991786,,Complete Genome,38.16,haemophilus,0
GCA_029623715.1,HMT-641,Haemophilus,influenzae,,NRCH190002,1,1991363,,Complete Genome,38.16,haemophilus,0
GCA_029623735.1,HMT-641,Haemophilus,influenzae,,NRCH180136,1,1991359,,Complete Genome,38.16,haemophilus,0
GCA_900475535.1,HMT-641,Haemophilus,influenzae,,NCTC11931,1,2044007,,Complete Genome,38.03,haemophilus,0
GCA_900475755.1,HMT-641,Haemophilus,influenzae,,NCTC11426,1,1834484,,Complete Genome,38.06,haemophilus,0
GCA_900475995.1,HMT-641,Haemophilus,influenzae,,NCTC12975,1,1850791,,Complete Genome,38.09,haemophilus,0
GCA_900478275.1,HMT-641,Haemophilus,influenzae,,NCTC13377,1,1890469,,Complete Genome,38.05,haemophilus,0
GCA_900478325.1,HMT-641,Haemophilus,influenzae,,NCTC12194,1,1915356,,Complete Genome,38.21,haemophilus,0
GCA_900478735.1,HMT-641,Haemophilus,influenzae,,NCTC8455,1,1865137,,Complete Genome,38.05,haemophilus,0
GCA_900635795.1,HMT-641,Haemophilus,influenzae,,NCTC11394,1,1860106,,Complete Genome,38.07,haemophilus,0
GCA_900635805.1,HMT-641,Haemophilus,influenzae,,NCTC12699,1,1879945,,Complete Genome,38.0,haemophilus,0
GCA_900638105.1,HMT-641,Haemophilus,influenzae,,NCTC11873,1,1948880,,Complete Genome,38.11,haemophilus,0
GCA_901472485.1,HMT-641,Haemophilus,influenzae,,NCTC8468,1,1876886,,Complete Genome,38.15,haemophilus,0
GCA_919946725.1,HMT-641,Haemophilus,influenzae,,KR271,1,1805497,,Complete Genome,38.07,haemophilus,0
GCA_919949215.1,HMT-641,Haemophilus,influenzae,,3655,1,1917048,,Complete Genome,38.17,haemophilus,0
GCA_000262265.1,HMT-945,Haemophilus,parahaemolyticus,,HK385,61,2030584,,Contig,40.15,haemophilus,0
GCA_000826045.1,HMT-945,Haemophilus,parahaemolyticus,,G321,27,2037768,,Contig,40.11,haemophilus,0
GCA_002015035.1,HMT-945,Haemophilus,parahaemolyticus,,CCUG 3716,26,2039014,,Scaffold,40.16,haemophilus,0
GCA_003252925.1,HMT-945,Haemophilus,parahaemolyticus,,C2006000788,15,2117430,,Contig,40.09,haemophilus,0
GCA_003253075.1,HMT-945,Haemophilus,parahaemolyticus,,C2010039593,41,2218651,,Contig,40.01,haemophilus,0
GCA_008330025.1,HMT-945,Haemophilus,parahaemolyticus,,NEB129,2,2091866,,Complete Genome,40.3,haemophilus,0
GCA_016889385.1,HMT-945,Haemophilus,parahaemolyticus,,FDAARGOS_1199,2,2093459,,Complete Genome,40.29,haemophilus,0
GCA_030938875.1,HMT-945,Haemophilus,parahaemolyticus,,OHS0002,267,1847273,,Contig,40.45,haemophilus,0
GCA_900450675.1,HMT-945,Haemophilus,parahaemolyticus,,NCTC 8479,2,2096197,,Contig,40.29,haemophilus,0
GCA_900450875.1,HMT-945,Haemophilus,parahaemolyticus,,NCTC10794,3,2163754,,Contig,40.18,haemophilus,0
GCA_905203035.1,HMT-945,Haemophilus,parahaemolyticus,,ERR1600749-bin.17,56,2063107,yes,Contig,40.0,haemophilus,0
GCA_938021905.1,HMT-945,Haemophilus,parahaemolyticus,,ERR1474568_bin.54_CONCOCT_v1.1_MAG,87,2053598,yes,Contig,40.33,haemophilus,0
GCA_000191405.1,HMT-718,Haemophilus,parainfluenzae,,ATCC 33392,10,2124757,,Scaffold,39.6,haemophilus,0
GCA_000210895.1,HMT-718,Haemophilus,parainfluenzae,,T3T1,1,2086875,,Complete Genome,39.57,haemophilus,0
GCA_000259485.1,HMT-718,Haemophilus,parainfluenzae,,HK262,68,2107814,,Contig,39.22,haemophilus,0
GCA_000261285.1,HMT-718,Haemophilus,parainfluenzae,,HK2019,42,2101432,,Contig,39.24,haemophilus,0
GCA_000746485.1,HMT-718,Haemophilus,parainfluenzae,,ATCC 33392,19,2136084,,Contig,39.26,haemophilus,0
GCA_001053035.1,HMT-718,Haemophilus,parainfluenzae,,1209_HPAR,81,1975962,,Scaffold,39.3,haemophilus,0
GCA_001053535.1,HMT-718,Haemophilus,parainfluenzae,,137_HINF,117,2175985,,Scaffold,39.29,haemophilus,0
GCA_001053575.1,HMT-718,Haemophilus,parainfluenzae,,146_HPAR,41,2028731,,Scaffold,39.41,haemophilus,0
GCA_001053915.1,HMT-718,Haemophilus,parainfluenzae,,1128_HPAR,56,1978251,,Scaffold,39.45,haemophilus,0
GCA_001054455.1,HMT-718,Haemophilus,parainfluenzae,,156_HINF,41,1990134,,Scaffold,39.49,haemophilus,0
GCA_001054475.1,HMT-718,Haemophilus,parainfluenzae,,155_HPAR,61,1968517,,Contig,39.39,haemophilus,0
GCA_001055095.1,HMT-718,Haemophilus,parainfluenzae,,432_HPAR,26,1965853,,Contig,39.47,haemophilus,0
GCA_001055565.1,HMT-718,Haemophilus,parainfluenzae,,159_HINF,38,1946952,,Scaffold,39.51,haemophilus,0
GCA_001055595.1,HMT-718,Haemophilus,parainfluenzae,,174_HPAR,105,2184270,,Contig,39.31,haemophilus,0
GCA_001055885.1,HMT-718,Haemophilus,parainfluenzae,,209_HPAR,23,1997176,,Scaffold,39.39,haemophilus,0
GCA_001057005.1,HMT-718,Haemophilus,parainfluenzae,,488_HPAR,70,2111613,,Contig,39.34,haemophilus,0
GCA_001058435.1,HMT-718,Haemophilus,parainfluenzae,,777_HPAR,36,2001598,,Scaffold,39.44,haemophilus,0
GCA_001059125.1,HMT-718,Haemophilus,parainfluenzae,,781_HINF,45,1986583,,Scaffold,39.39,haemophilus,0
GCA_001059815.1,HMT-718,Haemophilus,parainfluenzae,,901_HPAR,86,1905798,,Contig,39.58,haemophilus,0
GCA_001071575.1,HMT-718,Haemophilus,parainfluenzae,,167_HINF,27,2105931,,Contig,39.55,haemophilus,0
GCA_001279145.1,HMT-718,Haemophilus,parainfluenzae,,215035-2-ISO5,18,1978346,,Contig,39.52,haemophilus,0
GCA_001679325.1,HMT-718,Haemophilus,parainfluenzae,,CCUG 62654,31,2129377,,Scaffold,39.25,haemophilus,0
GCA_001679405.1,HMT-718,Haemophilus,parainfluenzae,,CCUG 58848,18,2148389,,Scaffold,39.22,haemophilus,0
GCA_001679455.1,HMT-718,Haemophilus,parainfluenzae,,CCUG 62655,18,2125877,,Scaffold,39.26,haemophilus,0
GCA_001679485.1,HMT-718,Haemophilus,parainfluenzae,,CCUG 60358,20,2091064,,Scaffold,39.55,haemophilus,0
GCA_001680775.1,HMT-718,Haemophilus,parainfluenzae,,ATCC 9796,12,2120924,,Scaffold,39.52,haemophilus,0
GCA_001810345.1,HMT-718,Haemophilus,parainfluenzae,,HMSC061E01,34,1948914,,Scaffold,39.58,haemophilus,0
GCA_001810545.1,HMT-718,Haemophilus,parainfluenzae,,HMSC066D02,30,1976024,,Scaffold,39.51,haemophilus,0
GCA_001811025.1,HMT-718,Haemophilus,parainfluenzae,,HMSC066D03,35,1974023,,Scaffold,39.51,haemophilus,0
GCA_001814055.1,HMT-718,Haemophilus,parainfluenzae,,HMSC073C03,39,2007726,,Scaffold,39.35,haemophilus,0
GCA_001815355.1,HMT-718,Haemophilus,parainfluenzae,,HMSC068C11,25,1904337,,Scaffold,39.57,haemophilus,0
GCA_001838615.1,HMT-718,Haemophilus,parainfluenzae,,HMSC61B11,71,2150396,,Scaffold,39.21,haemophilus,0
GCA_001838635.1,HMT-718,Haemophilus,parainfluenzae,,HMSC71H05,21,2024521,,Scaffold,39.44,haemophilus,0
GCA_001949885.1,HMT-718,Haemophilus,parainfluenzae,,65114 B Hi-3,21,1978057,,Scaffold,39.39,haemophilus,0
GCA_001949895.1,HMT-718,Haemophilus,parainfluenzae,,60884 B Hi-2,13,1872293,,Scaffold,39.36,haemophilus,0
GCA_002884755.1,HMT-718,Haemophilus,parainfluenzae,,UMB0748,21,2069115,,Scaffold,39.49,haemophilus,0
GCA_003252725.1,HMT-718,Haemophilus,parainfluenzae,,C2004000280,32,1999882,,Contig,39.46,haemophilus,0
GCA_003252775.1,HMT-718,Haemophilus,parainfluenzae,,C2008001710,51,2100038,,Contig,39.31,haemophilus,0
GCA_003252795.1,HMT-718,Haemophilus,parainfluenzae,,C2004002729,15,1898682,,Contig,39.49,haemophilus,0
GCA_003252885.1,HMT-718,Haemophilus,parainfluenzae,,C2004002727,23,2088855,,Contig,39.44,haemophilus,0
GCA_003252915.1,HMT-718,Haemophilus,parainfluenzae,,C2005004058,16,2079145,,Contig,39.35,haemophilus,0
GCA_003253005.1,HMT-718,Haemophilus,parainfluenzae,,C2008003258,21,1928811,,Contig,39.25,haemophilus,0
GCA_003253055.1,HMT-718,Haemophilus,parainfluenzae,,C2009038101,25,1958906,,Contig,39.31,haemophilus,0
GCA_003253085.1,HMT-718,Haemophilus,parainfluenzae,,C2011020591,26,1940388,,Contig,39.25,haemophilus,0
GCA_003390455.1,HMT-718,Haemophilus,parainfluenzae,,M27794,1,2148960,,Complete Genome,39.34,haemophilus,0
GCA_003458095.1,HMT-718,Haemophilus,parainfluenzae,,M11360,34,2119881,,Contig,39.2,haemophilus,0
GCA_004104465.2,HMT-718,Haemophilus,parainfluenzae,,LC_1315_18,1,2067650,,Complete Genome,39.57,haemophilus,0
GCA_009914785.1,HMT-718,Haemophilus,parainfluenzae,,COPD-014-E1 O,187,2127067,,Contig,39.61,haemophilus,0
GCA_014931275.1,HMT-718,Haemophilus,parainfluenzae,,M1C160_1,1,2018144,,Complete Genome,39.57,haemophilus,0
GCA_014931295.1,HMT-718,Haemophilus,parainfluenzae,,M1C152_1,1,2022727,,Complete Genome,39.53,haemophilus,0
GCA_014931315.1,HMT-718,Haemophilus,parainfluenzae,,M1C149_1,1,2015253,,Complete Genome,39.71,haemophilus,0
GCA_014931335.1,HMT-718,Haemophilus,parainfluenzae,,M1C147_1,3,1981608,,Complete Genome,39.63,haemophilus,0
GCA_014931355.1,HMT-718,Haemophilus,parainfluenzae,,M1C146_1,1,1926530,,Complete Genome,39.66,haemophilus,0
GCA_014931375.1,HMT-718,Haemophilus,parainfluenzae,,M1C142_1,3,2037540,,Complete Genome,39.6,haemophilus,0
GCA_014931395.1,HMT-718,Haemophilus,parainfluenzae,,M1C137_2,1,2177054,,Complete Genome,39.49,haemophilus,0
GCA_014931415.1,HMT-718,Haemophilus,parainfluenzae,,M1C130_2,1,1994590,,Complete Genome,39.65,haemophilus,0
GCA_014931435.1,HMT-718,Haemophilus,parainfluenzae,,M1C125_4,1,1953198,,Complete Genome,39.6,haemophilus,0
GCA_014931455.1,HMT-718,Haemophilus,parainfluenzae,,M1C120_2,1,2000745,,Complete Genome,39.57,haemophilus,0
GCA_014931475.1,HMT-718,Haemophilus,parainfluenzae,,M1C113_1,3,2089461,,Complete Genome,39.47,haemophilus,0
GCA_014982375.1,HMT-718,Haemophilus,parainfluenzae,,M1C116_1,61,1973866,,Contig,39.42,haemophilus,0
GCA_014982385.1,HMT-718,Haemophilus,parainfluenzae,,M1C111_2,26,1968590,,Contig,39.58,haemophilus,0
GCA_015255005.1,HMT-718,Haemophilus,parainfluenzae,,JCVI_38_bin.18,47,1913025,yes,Contig,39.6,haemophilus,0
GCA_016127215.1,HMT-718,Haemophilus,parainfluenzae,,FDAARGOS_1000,1,2141704,,Complete Genome,39.31,haemophilus,0
GCA_018365435.1,HMT-718,Haemophilus,parainfluenzae,,L3_133_000G1_dasL3_133_000G1_concoct_17,35,1983945,yes,Contig,39.36,haemophilus,0
GCA_018366855.1,HMT-718,Haemophilus,parainfluenzae,,L3_098_000G1_dasL3_098_000G1_concoct_179,50,1852757,yes,Contig,39.43,haemophilus,0
GCA_018369275.1,HMT-718,Haemophilus,parainfluenzae,,L3_105_085G1_dasL3_105_085G1_maxbin2.maxbin.015,24,1951855,yes,Contig,39.54,haemophilus,0
GCA_018373115.1,HMT-718,Haemophilus,parainfluenzae,,L3_082_243G1_dasL3_082_243G1_concoct_21,34,1862938,yes,Contig,39.55,haemophilus,0
GCA_018374465.1,HMT-718,Haemophilus,parainfluenzae,,L3_058_063G1_dasL3_058_063G1_maxbin2.maxbin.008,36,2150067,yes,Contig,39.22,haemophilus,0
GCA_018378435.1,HMT-718,Haemophilus,parainfluenzae,,L1_008_241G1_dasL1_008_241G1_concoct_7,15,1869941,yes,Contig,39.52,haemophilus,0
GCA_018382395.1,HMT-718,Haemophilus,parainfluenzae,,L2_023_068G1_dasL2_023_068G1_metabat.metabat.4,24,1931183,yes,Contig,39.42,haemophilus,0
GCA_026155825.1,HMT-718,Haemophilus,parainfluenzae,,PT11747,28,2005504,,Contig,39.37,haemophilus,0
GCA_030144815.1,HMT-718,Haemophilus,parainfluenzae,,EL1,1,2153240,,Complete Genome,39.41,haemophilus,0
GCA_030218125.1,HMT-718,Haemophilus,parainfluenzae,,UMB1048,236,2039267,,Contig,39.8,haemophilus,0
GCA_030405845.1,HMT-718,Haemophilus,parainfluenzae,,SZY H51,72,2155846,,Contig,39.48,haemophilus,0
GCA_031191205.1,HMT-718,Haemophilus,parainfluenzae,,DSM 8978,1,2141689,,Complete Genome,39.31,haemophilus,0
GCA_900450845.1,HMT-718,Haemophilus,parainfluenzae,,NCTC 7857,2,2148353,,Contig,39.28,haemophilus,0
GCA_900450995.1,HMT-718,Haemophilus,parainfluenzae,,NCTC10672,2,2236386,,Contig,39.6,haemophilus,0
GCA_900638025.1,HMT-718,Haemophilus,parainfluenzae,,NCTC10665,1,2062405,,Complete Genome,39.37,haemophilus,0
GCA_901873375.1,HMT-718,Haemophilus,parainfluenzae,,Haemophilus_parainfluenzae_BgEED17,23,1943763,,Contig,39.39,haemophilus,0
GCA_902461185.1,HMT-718,Haemophilus,parainfluenzae,,MGYG-HGUT-00317,22,2151510,,Contig,39.23,haemophilus,0
GCA_902468925.1,HMT-718,Haemophilus,parainfluenzae,,MGYG-HGUT-01088,21,1866538,,Contig,39.5,haemophilus,0
GCA_902477875.1,HMT-718,Haemophilus,parainfluenzae,,MGYG-HGUT-02634,16,1948050,,Contig,39.45,haemophilus,0
GCA_902482565.1,HMT-718,Haemophilus,parainfluenzae,,MGYG-HGUT-03118,24,1969878,,Contig,39.3,haemophilus,0
GCA_902482785.1,HMT-718,Haemophilus,parainfluenzae,,MGYG-HGUT-03126,29,1973834,,Contig,39.36,haemophilus,0
GCA_905197735.1,HMT-718,Haemophilus,parainfluenzae,,ERR1190737-bin.22,37,1867846,yes,Contig,39.55,haemophilus,0
GCA_905198045.1,HMT-718,Haemophilus,parainfluenzae,,ERR1430547-bin.16,28,2091746,yes,Contig,39.32,haemophilus,0
GCA_905373805.1,HMT-718,Haemophilus,parainfluenzae,,SRR9217492-mag-bin.14,30,2030856,yes,Contig,39.39,haemophilus,0
GCA_934271155.1,HMT-718,Haemophilus,parainfluenzae,,REFINED_METABAT215_TOP10_CONTIGS_1500_ASSEMBLY_K77_MERGED__Hadza_MoBio_hadza-E-H_A_2_1814.24,20,1862073,yes,Contig,39.62,haemophilus,0
GCA_934274085.1,HMT-718,Haemophilus,parainfluenzae,,REFINED_METABAT215_SUBJECT_CONTIGS_1500_ASSEMBLY_K77_MERGED__Pilot_MoBio_Fiber_C_5_1018.183,18,2064084,yes,Contig,39.34,haemophilus,0
GCA_934277535.1,HMT-718,Haemophilus,parainfluenzae,,REFINED_METABAT215_TOP10_CONTIGS_1500_ASSEMBLY_K77_MERGED__Nepal_MoBio_Fiber-Hadza-Nepal_H_3_THA1060,47,2119341,yes,Contig,39.52,haemophilus,0
GCA_937875925.1,HMT-718,Haemophilus,parainfluenzae,,SRR2240958_bin.36_CONCOCT_v1.1_MAG,31,1923057,yes,Contig,39.45,haemophilus,0
GCA_937890275.1,HMT-718,Haemophilus,parainfluenzae,,SRR1952507_bin.57_CONCOCT_v1.1_MAG,52,2191166,yes,Contig,39.37,haemophilus,0
GCA_937945075.1,HMT-718,Haemophilus,parainfluenzae,,SRR2047620_bin.6_CONCOCT_v1.1_MAG,21,1968698,yes,Contig,39.22,haemophilus,0
GCA_937966185.1,HMT-718,Haemophilus,parainfluenzae,,ERR527209_bin.35_CONCOCT_v1.1_MAG,37,2073216,yes,Contig,39.32,haemophilus,0
GCA_937989655.1,HMT-718,Haemophilus,parainfluenzae,,ERR1995237_bin.21_CONCOCT_v1.1_MAG,15,1898815,yes,Contig,39.43,haemophilus,0
GCA_946998075.1,HMT-718,Haemophilus,parainfluenzae,,SRR16916864_bin.5_metaWRAP_v1.3_MAG,55,2109283,yes,Contig,39.45,haemophilus,0
GCA_947253865.1,HMT-718,Haemophilus,parainfluenzae,,SRR17635632_bin.4_metaWRAP_v1.3_MAG,50,2133083,yes,Contig,39.42,haemophilus,0
GCA_958434595.1,HMT-718,Haemophilus,parainfluenzae,,SRR22541670_bin.5_MetaWRAP_v1.3_MAG,25,1913835,yes,Contig,39.45,haemophilus,0
GCA_959597085.1,HMT-718,Haemophilus,parainfluenzae,,SRR16280069_bin.10_MetaWRAP_v1.3_MAG,47,1870563,yes,Contig,39.56,haemophilus,0
GCA_000260675.1,HMT-035,Haemophilus,paraphrohaemolyticus,,HK411,78,2021208,,Contig,40.83,haemophilus,0
GCA_002015045.1,HMT-035,Haemophilus,paraphrohaemolyticus,,CCUG 3718,29,2057591,,Scaffold,40.84,haemophilus,0
GCA_003253115.1,HMT-035,Haemophilus,paraphrohaemolyticus,,C2014016342,27,1967999,,Contig,40.88,haemophilus,0
GCA_018378345.1,HMT-035,Haemophilus,paraphrohaemolyticus,,L1_008_364G1_dasL1_008_364G1_concoct_34_sub,230,1802816,yes,Scaffold,40.89,haemophilus,0
GCA_900451065.1,HMT-035,Haemophilus,paraphrohaemolyticus,,NCTC10671,3,2138467,,Contig,40.92,haemophilus,0
GCA_902388305.1,HMT-035,Haemophilus,paraphrohaemolyticus,,MGYG-HGUT-02551,182,1748237,,Contig,40.8,haemophilus,0
GCA_905211915.1,HMT-035,Haemophilus,paraphrohaemolyticus,,SRR413667-bin.4,198,1804185,yes,Contig,40.7,haemophilus,0
GCA_916856725.1,HMT-035,Haemophilus,paraphrohaemolyticus,,Marseille-Q0026,15,1996587,,Contig,40.74,haemophilus,0
GCA_938040935.1,HMT-035,Haemophilus,paraphrohaemolyticus,,ERR589434_bin.104_CONCOCT_v1.1_MAG,196,1658973,yes,Contig,41.03,haemophilus,0
GCA_000223275.2,HMT-946,Haemophilus,pittmaniae,,HK 85,26,2182608,,Contig,42.54,haemophilus,0
GCA_018373395.1,HMT-946,Haemophilus,pittmaniae,,L2_021_376G1_dasL2_021_376G1_concoct_14,72,1963148,yes,Scaffold,42.52,haemophilus,0
GCA_900186995.1,HMT-946,Haemophilus,pittmaniae,,NCTC13334,1,2181355,,Complete Genome,42.52,haemophilus,0
GCA_900450865.1,HMT-946,Haemophilus,pittmaniae,,NCTC13335,5,2244325,,Contig,42.52,haemophilus,0
GCA_902480515.1,HMT-946,Haemophilus,pittmaniae,,MGYG-HGUT-02898,17,2077686,,Contig,42.57,haemophilus,0
GCA_905204285.1,HMT-946,Haemophilus,pittmaniae,,SRR5558175-bin.6,99,1965812,yes,Contig,42.5,haemophilus,0
GCA_937925875.1,HMT-946,Haemophilus,pittmaniae,,SRR5558175_bin.43_CONCOCT_v1.1_MAG,104,1982353,yes,Contig,42.37,haemophilus,0
GCA_001059185.1,HMT-036,Haemophilus,sp. HMT-036,,839_HINF,47,1937310,,Contig,38.19,haemophilus,0
GCA_001679495.1,HMT-036,Haemophilus,sp. HMT-036,,CCUG 66565,18,1926945,,Contig,38.26,haemophilus,0
GCA_002998595.1,HMT-036,Haemophilus,sp. HMT-036,,F0629,1,1805716,,Complete Genome,38.4,haemophilus,0
GCA_003252655.1,HMT-036,Haemophilus,sp. HMT-036,,C2001002324,20,1882180,,Contig,38.21,haemophilus,0
GCA_006439125.1,HMT-036,Haemophilus,sp. HMT-036,,CCUG 31732,80,1892724,,Contig,38.36,haemophilus,0
GCA_006439155.1,HMT-036,Haemophilus,sp. HMT-036,,CCUG 11096,60,1934421,,Contig,38.17,haemophilus,0
GCA_006439165.1,HMT-036,Haemophilus,sp. HMT-036,,65151 B Hi-4,13,1897573,,Contig,38.18,haemophilus,0
GCA_006439215.1,HMT-036,Haemophilus,sp. HMT-036,,60982 B Hi-1,13,1921666,,Contig,38.27,haemophilus,0
GCA_006439235.1,HMT-036,Haemophilus,sp. HMT-036,,60971 B Hi-3,13,1895161,,Contig,38.17,haemophilus,0
GCA_018372995.1,HMT-036,Haemophilus,sp. HMT-036,,L3_098_047G1_dasL3_098_047G1_concoct_31,46,2055066,yes,Scaffold,38.11,haemophilus,0
GCA_018373485.1,HMT-036,Haemophilus,sp. HMT-036,,L2_059_000G1_dasL2_059_000G1_concoct_52,17,1876943,yes,Contig,38.29,haemophilus,0
GCA_018829685.1,HMT-036,Haemophilus,sp. HMT-036,,SZY H68,14,1865564,,Contig,38.24,haemophilus,0
GCA_018829705.1,HMT-036,Haemophilus,sp. HMT-036,,SZY H35,12,1915946,,Contig,38.21,haemophilus,0
GCA_018829755.1,HMT-036,Haemophilus,sp. HMT-036,,SZY H8,15,1855861,,Contig,38.1,haemophilus,0
GCA_021764795.1,HMT-036,Haemophilus,sp. HMT-036,,SZY H68,1,1902918,,Complete Genome,38.39,haemophilus,0
GCA_902477965.1,HMT-036,Haemophilus,sp. HMT-036,,MGYG-HGUT-02639,97,1663723,,Contig,38.12,haemophilus,0
GCA_916862695.1,HMT-036,Haemophilus,sp. HMT-036,,Marseille-P9675,19,1927163,,Contig,38.19,haemophilus,0
GCA_000238795.2,HMT-944,Haemophilus,sputorum,,CCUG 13788,87,2143543,,Contig,39.72,haemophilus,0
GCA_000287615.1,HMT-944,Haemophilus,sputorum,,HK 2154,25,2080113,,Contig,39.5,haemophilus,0
GCA_003252715.1,HMT-944,Haemophilus,sputorum,,C2002001239,29,2158543,,Contig,39.7,haemophilus,0
GCA_003252855.1,HMT-944,Haemophilus,sputorum,,C2015005473,26,1999520,,Contig,39.56,haemophilus,0
GCA_003252875.1,HMT-944,Haemophilus,sputorum,,C2015005679,26,2001559,,Contig,39.57,haemophilus,0
GCA_024384655.1,HMT-944,Haemophilus,sputorum,,MRSN940243,40,2024133,,Contig,39.43,haemophilus,0
GCA_000220215.1,HMT-583,Hallella,dentalis,,DSM 3688,25,3286469,,Scaffold,56.69,hallella,0
GCA_000242335.3,HMT-583,Hallella,dentalis,,DSM 3688,4,3350206,,Complete Genome,55.85,hallella,0
GCA_000518545.1,HMT-583,Hallella,dentalis,,ATCC 51272,58,3266753,,Scaffold,56.01,hallella,0
GCA_937958335.1,HMT-583,Hallella,dentalis,,ERR2764965_bin.75_CONCOCT_v1.1_MAG,259,2845263,yes,Contig,57.87,hallella,0
GCA_000218235.1,HMT-794,Hallella,multisaccharivorax,,DSM 17128,3,3388644,,Scaffold,48.32,hallella,0
GCA_019973315.1,HMT-794,Hallella,multisaccharivorax,,JCM 12954,34,3406041,,Scaffold,48.32,hallella,0
GCA_900549615.1,HMT-794,Hallella,multisaccharivorax,,UMGS1208,99,2858581,,Contig,48.37,hallella,0
GCA_902490215.1,HMT-794,Hallella,multisaccharivorax,,MGYG-HGUT-03893,133,2702422,,Contig,48.98,hallella,0
GCA_905199265.1,HMT-794,Hallella,multisaccharivorax,,ERR1430407-bin.9,55,2757047,yes,Contig,48.53,hallella,0
GCA_938023715.1,HMT-794,Hallella,multisaccharivorax,,ERR1430407_bin.68_CONCOCT_v1.1_MAG,84,3035318,yes,Contig,48.39,hallella,0
GCA_003043945.1,HMT-376,Hallella,sp. HMT-376,,F0043,3,3017058,,Contig,49.47,hallella,0
GCA_905373545.1,HMT-376,Hallella,sp. HMT-376,,SRR9217479-mag-bin.7,108,2528667,yes,Contig,50.12,hallella,0
GCA_000258845.1,HMT-812,Helicobacter,pylori,,CCUG 17874,163,1600513,,Contig,39.0,helicobacter,0
GCA_000277405.1,HMT-812,Helicobacter,pylori,,Shi112,1,1663456,,Complete Genome,38.77,helicobacter,0
GCA_004295525.1,HMT-812,Helicobacter,pylori,,ATCC 43504,1,1680829,,Complete Genome,38.83,helicobacter,0
GCA_014654435.1,HMT-812,Helicobacter,pylori,,JCM 12093,78,1560746,,Scaffold,39.71,helicobacter,0
GCA_016747995.1,HMT-812,Helicobacter,pylori,,ASHA-001,1,1616437,,Complete Genome,38.86,helicobacter,0
GCA_016755635.1,HMT-812,Helicobacter,pylori,,PUNO-003,1,1630535,,Complete Genome,38.88,helicobacter,0
GCA_022922955.1,HMT-812,Helicobacter,pylori,,Hpfe079,1,1622213,,Complete Genome,38.68,helicobacter,0
GCA_030323545.1,HMT-812,Helicobacter,pylori,,BS06,1,1607314,,Complete Genome,38.9,helicobacter,0
GCA_900120335.1,HMT-812,Helicobacter,pylori,,HE147/09,1,1667712,,Complete Genome,39.11,helicobacter,0
GCA_900478295.1,HMT-812,Helicobacter,pylori,,NCTC 11637,1,1680937,,Complete Genome,38.83,helicobacter,0
GCA_000723465.1,HMT-962,Hominimerdicola,aceti,,80/3,2,2968500,,Complete Genome,42.62,hominimerdicola,0
GCA_003460925.1,HMT-962,Hominimerdicola,aceti,,AF26-25AA,34,2897972,,Scaffold,42.63,hominimerdicola,0
GCA_005862145.1,HMT-962,Hominimerdicola,aceti,,KGMB03662,7,2707502,,Contig,43.09,hominimerdicola,0
GCA_015557865.1,HMT-962,Hominimerdicola,aceti,,1001136B_160425_B10,17,2602651,,Scaffold,42.99,hominimerdicola,0
GCA_015558365.1,HMT-962,Hominimerdicola,aceti,,D59t2_181005_B8,29,3146046,,Scaffold,42.97,hominimerdicola,0
GCA_025567495.1,HMT-962,Hominimerdicola,aceti,,Sanger_31,34,2965035,,Scaffold,42.37,hominimerdicola,0
GCA_028327565.1,HMT-962,Hominimerdicola,aceti,,D59st1_B8_D59t2_181005,29,3146046,,Scaffold,42.97,hominimerdicola,0
GCA_028327595.1,HMT-962,Hominimerdicola,aceti,,D59st1_B5_D59t2_181005,30,3097113,,Scaffold,42.79,hominimerdicola,0
GCA_902385825.1,HMT-962,Hominimerdicola,aceti,,MGYG-HGUT-02321,2,2968500,,Contig,42.62,hominimerdicola,0
GCA_003433295.1,HMT-673,Hornefia,minuta,,ATCC 700079,2,1906764,,Chromosome,46.78,hornefia,0
GCA_938036205.1,HMT-673,Hornefia,minuta,,ERR589655_bin.98_CONCOCT_v1.1_MAG,52,1801930,yes,Contig,45.98,hornefia,0
GCA_000510425.1,HMT-694,Hornefia,nodatum,,ATCC 33099,29,1829558,,Contig,38.1,hornefia,0
GCA_905372015.1,HMT-694,Hornefia,nodatum,,SRR9217393-mag-bin.6,94,1840341,yes,Contig,38.19,hornefia,0
GCA_938041115.1,HMT-694,Hornefia,nodatum,,ERR589490_bin.67_CONCOCT_v1.1_MAG,85,1947223,yes,Contig,37.9,hornefia,0
GCA_000177075.1,HMT-562,Hoylesella,buccalis,,ATCC 35310,118,3033961,,Contig,45.31,hoylesella,0
GCA_000759185.1,HMT-562,Hoylesella,buccalis,,DNF00853,97,2954213,,Contig,45.56,hoylesella,0
GCA_000759265.1,HMT-562,Hoylesella,buccalis,,DNF00985,102,2756480,,Contig,45.69,hoylesella,0
GCA_002884635.1,HMT-562,Hoylesella,buccalis,,UMB0536,40,3231435,,Scaffold,45.35,hoylesella,0
GCA_020555745.1,HMT-562,Hoylesella,buccalis,,DFI.7.71,163,3152030,,Contig,45.36,hoylesella,0
GCA_020735565.1,HMT-562,Hoylesella,buccalis,,FDAARGOS_1588,1,3308411,,Complete Genome,45.3,hoylesella,0
GCA_025151385.1,HMT-562,Hoylesella,buccalis,,ATCC 35310,1,3307707,,Complete Genome,45.3,hoylesella,0
GCA_902465605.1,HMT-562,Hoylesella,buccalis,,MGYG-HGUT-00760,31,2818339,,Contig,45.72,hoylesella,0
GCA_902488665.1,HMT-562,Hoylesella,buccalis,,MGYG-HGUT-03742,108,2540681,,Contig,46.1,hoylesella,0
GCA_000613405.1,HMT-600,Hoylesella,enoeca,,JCM 12259,117,2784020,,Contig,46.51,hoylesella,0
GCA_001444445.1,HMT-600,Hoylesella,enoeca,,F0113,1,2861432,,Complete Genome,46.47,hoylesella,0
GCA_003977605.1,HMT-526,Hoylesella,koreensis,,KCOM 3155,2,2691540,,Scaffold,43.88,hoylesella,0
GCA_937974105.1,HMT-526,Hoylesella,koreensis,,SRR9217471_bin.92_CONCOCT_v1.1_MAG,489,1970687,yes,Contig,44.5,hoylesella,0
GCA_000163495.1,HMT-658,Hoylesella,loescheii,,F0295,39,3635499,,Scaffold,47.69,hoylesella,0
GCA_000378085.1,HMT-658,Hoylesella,loescheii,,DSM 19665,31,3508589,,Scaffold,46.67,hoylesella,0
GCA_000613485.1,HMT-658,Hoylesella,loescheii,,JCM 12249,47,3475255,,Contig,46.59,hoylesella,0
GCA_000698925.1,HMT-658,Hoylesella,loescheii,,ATCC 15930,54,3475052,,Scaffold,46.76,hoylesella,0
GCA_905373515.1,HMT-658,Hoylesella,loescheii,,SRR9217473-mag-bin.9,99,3296002,yes,Contig,46.73,hoylesella,0
GCA_937919505.1,HMT-658,Hoylesella,loescheii,,SRR2240920_bin.15_CONCOCT_v1.1_MAG,49,3451367,yes,Contig,46.63,hoylesella,0
GCA_000146675.1,HMT-665,Hoylesella,marshii,,DSM 16973,11,2559358,,Scaffold,48.33,hoylesella,0
GCA_000613625.1,HMT-665,Hoylesella,marshii,,JCM 13450,80,2518161,,Contig,47.45,hoylesella,0
GCA_938010375.1,HMT-665,Hoylesella,marshii,,ERR589471_bin.58_CONCOCT_v1.1_MAG,120,1975953,yes,Contig,47.93,hoylesella,0
GCA_000163055.2,HMT-299,Hoylesella,nanceiensis,,F0039,2,2480269,,Complete Genome,37.5,hoylesella,0
GCA_000379965.1,HMT-299,Hoylesella,nanceiensis,,DSM 19126,12,2650108,,Scaffold,38.39,hoylesella,0
GCA_000613985.1,HMT-299,Hoylesella,nanceiensis,,JCM 15639,22,2647472,,Contig,38.36,hoylesella,0
GCA_015262135.1,HMT-299,Hoylesella,nanceiensis,,JCVI_44_bin.6,239,2302548,yes,Scaffold,38.38,hoylesella,0
GCA_015262145.1,HMT-299,Hoylesella,nanceiensis,,JCVI_49_bin.8,95,2259893,yes,Scaffold,38.28,hoylesella,0
GCA_015262195.1,HMT-299,Hoylesella,nanceiensis,,JCVI_41_bin.4,50,2368848,yes,Contig,38.18,hoylesella,0
GCA_015262225.1,HMT-299,Hoylesella,nanceiensis,,JCVI_38_bin.6,113,2464974,yes,Contig,38.17,hoylesella,0
GCA_015262265.1,HMT-299,Hoylesella,nanceiensis,,JCVI_32_bin.47,160,2275608,yes,Contig,38.12,hoylesella,0
GCA_015262295.1,HMT-299,Hoylesella,nanceiensis,,JCVI_19_bin.2,49,2494468,yes,Contig,38.05,hoylesella,0
GCA_019375915.1,HMT-299,Hoylesella,nanceiensis,,SCHI0011.S.12,11,2627131,,Contig,38.58,hoylesella,0
GCA_019375945.1,HMT-299,Hoylesella,nanceiensis,,SCHI0010.S.3,11,2722841,,Contig,38.56,hoylesella,0
GCA_019391835.1,HMT-299,Hoylesella,nanceiensis,,SCHI0042.S.5,21,2593621,,Contig,38.37,hoylesella,0
GCA_030826125.1,HMT-299,Hoylesella,nanceiensis,,RAGGC_60,30,2440093,,Scaffold,38.17,hoylesella,0
GCA_916048365.1,HMT-299,Hoylesella,nanceiensis,,ERR2764814_bin.4_metaWRAP_v1.1_MAG,103,2448351,yes,Contig,38.09,hoylesella,0
GCA_916719955.1,HMT-299,Hoylesella,nanceiensis,,SRR15235667_bin.3_metaWRAP_v1.1_MAG,55,2335203,yes,Contig,38.23,hoylesella,0
GCA_937926735.1,HMT-299,Hoylesella,nanceiensis,,SRR8114039_bin.50_CONCOCT_v1.1_MAG,13,2600230,yes,Contig,38.3,hoylesella,0
GCA_000185145.2,HMT-705,Hoylesella,oralis,,ATCC 33269,4,2839537,,Scaffold,44.65,hoylesella,0
GCA_000413355.1,HMT-705,Hoylesella,oralis,,HGA0225,7,2857367,,Scaffold,44.7,hoylesella,0
GCA_000507905.1,HMT-705,Hoylesella,oralis,,CC98A,6,2990162,,Scaffold,44.87,hoylesella,0
GCA_900065875.1,HMT-705,Hoylesella,oralis,,SN19,12,2922118,,Scaffold,44.61,hoylesella,0
GCA_900129435.1,HMT-705,Hoylesella,oralis,,DSM 20702,17,2812609,,Contig,44.52,hoylesella,0
GCA_902375085.1,HMT-705,Hoylesella,oralis,,MGYG-HGUT-01447,7,2857367,,Scaffold,44.7,hoylesella,0
GCA_000468135.1,HMT-303,Hoylesella,pleuritidis,,F0068,51,2709958,,Contig,44.98,hoylesella,0
GCA_000613725.1,HMT-303,Hoylesella,pleuritidis,,JCM 14110,49,2560108,,Contig,44.98,hoylesella,0
GCA_905372045.1,HMT-303,Hoylesella,pleuritidis,,SRR9217394-mag-bin.6,77,2394927,yes,Contig,45.03,hoylesella,0
GCA_000318195.2,HMT-781,Hoylesella,saccharolytica,,F0055,71,2853490,,Scaffold,43.2,hoylesella,0
GCA_000614205.1,HMT-781,Hoylesella,saccharolytica,,JCM 17484,82,2975513,,Contig,43.3,hoylesella,0
GCA_905372675.1,HMT-781,Hoylesella,saccharolytica,,SRR9217428-mag-bin.33,73,2409554,yes,Contig,43.51,hoylesella,0
GCA_000613445.1,HMT-795,Hoylesella,shahii,,JCM 12083,142,3489881,,Contig,44.38,hoylesella,0
GCA_003201715.1,HMT-795,Hoylesella,shahii,,DSM 15611,98,3511526,,Scaffold,44.36,hoylesella,0
GCA_015260835.1,HMT-795,Hoylesella,shahii,,JCVI_44_bin.17,150,3277821,yes,Contig,44.56,hoylesella,0
GCA_015260845.1,HMT-795,Hoylesella,shahii,,JCVI_11_bin.5,175,3170731,yes,Scaffold,44.42,hoylesella,0
GCA_937990675.1,HMT-795,Hoylesella,shahii,,ERR589682_bin.108_CONCOCT_v1.1_MAG,82,3194357,yes,Contig,44.51,hoylesella,0
GCA_000162415.1,HMT-317,Hoylesella,sp. HMT-317,,F0108,61,4099098,,Scaffold,48.4,hoylesella,0
GCA_905372375.1,HMT-317,Hoylesella,sp. HMT-317,,SRR9217414-mag-bin.19,256,3132726,yes,Contig,47.38,hoylesella,0
GCA_938011465.1,HMT-317,Hoylesella,sp. HMT-317,,ERR589365_bin.88_CONCOCT_v1.1_MAG,219,3680910,yes,Contig,47.34,hoylesella,0
GCA_018127805.1,HMT-475,Hoylesella,sp. HMT-475,,F0059,1,2560308,,Complete Genome,50.02,hoylesella,0
GCA_000258405.1,HMT-982,Ignavibacterium,album,,JCM 16511,1,3658997,,Complete Genome,33.93,ignavibacterium,0
GCA_001889125.1,HMT-339,Janibacter,indicus,,YFY001,1,3401189,,Complete Genome,71.24,janibacter,0
GCA_014217915.1,HMT-339,Janibacter,indicus,,YB324,1,3369845,,Complete Genome,71.4,janibacter,0
GCA_014883915.1,HMT-339,Janibacter,indicus,,TT2,1,3663756,,Complete Genome,71.02,janibacter,0
GCA_900176385.1,HMT-339,Janibacter,indicus,,CGMCC 1.12511,29,3419539,,Scaffold,71.24,janibacter,0
GCA_000425825.1,HMT-243,Jeotgalicoccus,marinus,,DSM 19772,26,2109822,,Scaffold,36.81,jeotgalicoccus,0
GCA_011634875.1,HMT-243,Jeotgalicoccus,marinus,,S0W5,28,2178643,,Scaffold,36.76,jeotgalicoccus,0
GCA_016313225.1,HMT-243,Jeotgalicoccus,marinus,,ATCC 8456,1,2090457,,Complete Genome,36.92,jeotgalicoccus,0
GCA_946222715.1,HMT-243,Jeotgalicoccus,marinus,,VH8NOi5sr4_bin.11.MAG,92,1976173,yes,Contig,36.97,jeotgalicoccus,0
GCA_000235445.1,HMT-635,Johnsonella,ignava,,ATCC 51276,43,2687075,,Scaffold,36.09,johnsonella,0
GCA_938040855.1,HMT-635,Johnsonella,ignava,,ERR589381_bin.122_CONCOCT_v1.1_MAG,79,2072513,yes,Contig,35.66,johnsonella,0
GCA_000161995.1,HMT-777,Jonquetella,anthropi,,E3_33 E1,2,1790058,,Scaffold,59.06,jonquetella,0
GCA_000237805.1,HMT-777,Jonquetella,anthropi,,DSM 22815,1,1675934,,Chromosome,59.52,jonquetella,0
GCA_000468895.1,HMT-777,Jonquetella,anthropi,,BV3C21,29,1654274,,Contig,59.72,jonquetella,0
GCA_902488485.1,HMT-777,Jonquetella,anthropi,,MGYG-HGUT-03722,87,1614807,,Contig,60.01,jonquetella,0
GCA_905373535.1,HMT-777,Jonquetella,anthropi,,SRR9217479-mag-bin.5,120,1598362,yes,Contig,59.7,jonquetella,0
GCA_947253985.1,HMT-777,Jonquetella,anthropi,,SRR17635703_bin.40_metaWRAP_v1.3_MAG,51,1646710,yes,Contig,59.52,jonquetella,0
GCA_000190695.1,HMT-582,Kingella,denitrificans,,ATCC 33394,12,2220455,,Scaffold,54.79,kingella,0
GCA_016127355.1,HMT-582,Kingella,denitrificans,,FDAARGOS_1060,1,2220058,,Complete Genome,54.02,kingella,0
GCA_900169325.1,HMT-582,Kingella,denitrificans,,GC77,80,2030828,,Contig,54.6,kingella,0
GCA_900451365.1,HMT-582,Kingella,denitrificans,,NCTC10995,2,2243142,,Contig,54.01,kingella,0
GCA_916719905.1,HMT-582,Kingella,denitrificans,,SRR15235659_bin.10_metaWRAP_v1.1_MAG,181,1753766,yes,Contig,54.89,kingella,0
GCA_938030635.1,HMT-582,Kingella,denitrificans,,ERR589374_bin.71_CONCOCT_v1.1_MAG,153,1715556,yes,Contig,55.17,kingella,0
GCA_000213535.1,HMT-646,Kingella,kingae,,ATCC 23330,20,1975353,,Scaffold,48.36,kingella,0
GCA_000255635.1,HMT-646,Kingella,kingae,,PYKK081,94,2097547,,Scaffold,47.61,kingella,0
GCA_000283375.1,HMT-646,Kingella,kingae,,11220434,65,2016589,,Scaffold,48.35,kingella,0
GCA_000469905.1,HMT-646,Kingella,kingae,,AA417,1,1991234,,Scaffold,48.56,kingella,0
GCA_000470115.1,HMT-646,Kingella,kingae,,KK199,1,1991254,,Scaffold,48.5,kingella,0
GCA_000470155.1,HMT-646,Kingella,kingae,,KK145,1,1991194,,Scaffold,48.46,kingella,0
GCA_000470255.1,HMT-646,Kingella,kingae,,KK12,1,1991016,,Scaffold,48.46,kingella,0
GCA_000470275.1,HMT-646,Kingella,kingae,,KK156,1,1991357,,Scaffold,48.5,kingella,0
GCA_000470415.1,HMT-646,Kingella,kingae,,KK107,1,1991285,,Scaffold,48.61,kingella,0
GCA_000470475.1,HMT-646,Kingella,kingae,,KK83,1,1991029,,Scaffold,48.5,kingella,0
GCA_000470675.1,HMT-646,Kingella,kingae,,KK6,1,1991268,,Scaffold,48.59,kingella,0
GCA_000751135.1,HMT-646,Kingella,kingae,,na,33,2128528,,Contig,46.56,kingella,0
GCA_001458475.1,HMT-646,Kingella,kingae,,KWG1,1,2140065,,Complete Genome,46.48,kingella,0
GCA_011045755.1,HMT-646,Kingella,kingae,,F41215CHC,1,2014880,,Complete Genome,46.55,kingella,0
GCA_011612385.1,HMT-646,Kingella,kingae,,ATCC 23332,1,2058531,,Complete Genome,46.42,kingella,0
GCA_011612705.1,HMT-646,Kingella,kingae,,ATCC 23331,1,2018460,,Complete Genome,46.53,kingella,0
GCA_014762905.1,HMT-646,Kingella,kingae,,chl4475,100,1964801,,Contig,46.64,kingella,0
GCA_014762915.1,HMT-646,Kingella,kingae,,chl2764,95,1965870,,Contig,46.64,kingella,0
GCA_014762925.1,HMT-646,Kingella,kingae,,chl3548,89,1965646,,Contig,46.65,kingella,0
GCA_022871005.1,HMT-646,Kingella,kingae,,4177/66,1,2006535,,Complete Genome,46.57,kingella,0
GCA_030180205.1,HMT-646,Kingella,kingae,,BB149,274,2078926,,Contig,46.71,kingella,0
GCA_030180215.1,HMT-646,Kingella,kingae,,AA393,257,2076833,,Contig,46.71,kingella,0
GCA_030180225.1,HMT-646,Kingella,kingae,,AA478,201,1940298,,Contig,46.69,kingella,0
GCA_030180265.1,HMT-646,Kingella,kingae,,BB270,170,1926728,,Contig,46.72,kingella,0
GCA_030180275.1,HMT-646,Kingella,kingae,,AA392U8,188,1919505,,Contig,46.74,kingella,0
GCA_030180315.1,HMT-646,Kingella,kingae,,AA392D9,185,1927784,,Contig,46.72,kingella,0
GCA_030180375.1,HMT-646,Kingella,kingae,,AA080,197,1978873,,Contig,46.72,kingella,0
GCA_030181145.1,HMT-646,Kingella,kingae,,UnkB,207,1970142,,Contig,46.8,kingella,0
GCA_030181155.1,HMT-646,Kingella,kingae,,Sch187,203,1932055,,Contig,46.66,kingella,0
GCA_030181185.1,HMT-646,Kingella,kingae,,UnkA,198,1941097,,Contig,46.75,kingella,0
GCA_030181195.1,HMT-646,Kingella,kingae,,PYHERBlood,284,2052192,,Contig,46.64,kingella,0
GCA_030181205.1,HMT-646,Kingella,kingae,,PYP8,282,2036081,,Contig,46.68,kingella,0
GCA_030181245.1,HMT-646,Kingella,kingae,,KK97,231,1961205,,Contig,46.7,kingella,0
GCA_030181255.1,HMT-646,Kingella,kingae,,KK96,174,1942533,,Contig,46.74,kingella,0
GCA_030181285.1,HMT-646,Kingella,kingae,,KK93,211,1931571,,Contig,46.67,kingella,0
GCA_030181305.1,HMT-646,Kingella,kingae,,KK92,206,1981258,,Contig,46.66,kingella,0
GCA_030181325.1,HMT-646,Kingella,kingae,,KK94,185,1943101,,Contig,46.74,kingella,0
GCA_030181345.1,HMT-646,Kingella,kingae,,KK86,213,1982234,,Contig,46.64,kingella,0
GCA_030181355.1,HMT-646,Kingella,kingae,,KK80,217,1985461,,Contig,46.65,kingella,0
GCA_030181365.1,HMT-646,Kingella,kingae,,KK82,211,1951817,,Contig,46.72,kingella,0
GCA_030181405.1,HMT-646,Kingella,kingae,,KK79,207,1985343,,Contig,46.7,kingella,0
GCA_030181425.1,HMT-646,Kingella,kingae,,KK70,191,1961905,,Contig,46.66,kingella,0
GCA_030181445.1,HMT-646,Kingella,kingae,,KK69,180,1919283,,Contig,46.76,kingella,0
GCA_030181465.1,HMT-646,Kingella,kingae,,KK65,240,1990257,,Contig,46.63,kingella,0
GCA_030181475.1,HMT-646,Kingella,kingae,,KK68,235,1997440,,Contig,46.68,kingella,0
GCA_030181505.1,HMT-646,Kingella,kingae,,KK64,200,1956024,,Contig,46.69,kingella,0
GCA_030181525.1,HMT-646,Kingella,kingae,,KK63,277,1981643,,Contig,46.78,kingella,0
GCA_030181545.1,HMT-646,Kingella,kingae,,KK61,224,1947712,,Contig,46.66,kingella,0
GCA_030181565.1,HMT-646,Kingella,kingae,,KK6,210,1960805,,Contig,46.66,kingella,0
GCA_030181575.1,HMT-646,Kingella,kingae,,KK57,172,1941865,,Contig,46.74,kingella,0
GCA_030181595.1,HMT-646,Kingella,kingae,,KK56,220,1971416,,Contig,46.8,kingella,0
GCA_030181625.1,HMT-646,Kingella,kingae,,KK48,260,1962270,,Contig,46.6,kingella,0
GCA_030181645.1,HMT-646,Kingella,kingae,,KK29,190,1927304,,Contig,46.71,kingella,0
GCA_030181665.1,HMT-646,Kingella,kingae,,KK243,208,1935919,,Contig,46.79,kingella,0
GCA_030181675.1,HMT-646,Kingella,kingae,,KK21,205,1931626,,Contig,46.78,kingella,0
GCA_030181705.1,HMT-646,Kingella,kingae,,KK200,221,1983581,,Contig,46.76,kingella,0
GCA_030181715.1,HMT-646,Kingella,kingae,,KK2,224,1974858,,Contig,46.68,kingella,0
GCA_030181745.1,HMT-646,Kingella,kingae,,KK197,284,1998194,,Contig,46.68,kingella,0
GCA_030181765.1,HMT-646,Kingella,kingae,,KK181,191,1929130,,Contig,46.69,kingella,0
GCA_030181785.1,HMT-646,Kingella,kingae,,KK19,208,1928480,,Contig,46.7,kingella,0
GCA_030181805.1,HMT-646,Kingella,kingae,,KK16,233,1959784,,Contig,46.69,kingella,0
GCA_030181815.1,HMT-646,Kingella,kingae,,KK171,192,1939893,,Contig,46.64,kingella,0
GCA_030181845.1,HMT-646,Kingella,kingae,,KK138,228,1971118,,Contig,46.66,kingella,0
GCA_030181865.1,HMT-646,Kingella,kingae,,PYKK125,204,1979494,,Contig,46.7,kingella,0
GCA_030181885.1,HMT-646,Kingella,kingae,,KK124,209,1996919,,Contig,46.67,kingella,0
GCA_030181915.1,HMT-646,Kingella,kingae,,KK123,198,1996233,,Contig,46.67,kingella,0
GCA_030181925.1,HMT-646,Kingella,kingae,,KK119,259,1968033,,Contig,46.66,kingella,0
GCA_030181985.1,HMT-646,Kingella,kingae,,KK103,193,1958793,,Contig,46.67,kingella,0
GCA_030182005.1,HMT-646,Kingella,kingae,,KK03,214,1979234,,Contig,46.66,kingella,0
GCA_030182015.1,HMT-646,Kingella,kingae,,KK101,229,1975200,,Contig,46.67,kingella,0
GCA_030182065.1,HMT-646,Kingella,kingae,,KK01,207,1962625,,Contig,46.65,kingella,0
GCA_030182085.1,HMT-646,Kingella,kingae,,KahiriBlood,191,1963794,,Contig,46.66,kingella,0
GCA_030182105.1,HMT-646,Kingella,kingae,,KahiriPH1,206,1962296,,Contig,46.67,kingella,0
GCA_030182125.1,HMT-646,Kingella,kingae,,KK129,205,1971649,,Contig,46.68,kingella,0
GCA_030182145.1,HMT-646,Kingella,kingae,,ItzPH1,208,1982091,,Contig,46.66,kingella,0
GCA_030182155.1,HMT-646,Kingella,kingae,,ItzBlood,237,1985027,,Contig,46.66,kingella,0
GCA_030182185.1,HMT-646,Kingella,kingae,,IDOPH2,199,1960038,,Contig,46.67,kingella,0
GCA_030182205.1,HMT-646,Kingella,kingae,,IDOPH1,219,1967805,,Contig,46.7,kingella,0
GCA_030182225.1,HMT-646,Kingella,kingae,,CC062,227,1975766,,Contig,46.61,kingella,0
GCA_030182245.1,HMT-646,Kingella,kingae,,IDOBlood,203,1966161,,Contig,46.65,kingella,0
GCA_030182285.1,HMT-646,Kingella,kingae,,BB300,188,1956729,,Contig,46.8,kingella,0
GCA_030182305.1,HMT-646,Kingella,kingae,,AA574,199,1923955,,Contig,46.72,kingella,0
GCA_030182315.1,HMT-646,Kingella,kingae,,BB285,174,1924862,,Contig,46.7,kingella,0
GCA_030182365.1,HMT-646,Kingella,kingae,,AA026,247,1973779,,Contig,46.66,kingella,0
GCA_030182385.1,HMT-646,Kingella,kingae,,AA097,178,1926327,,Contig,46.72,kingella,0
GCA_030182405.1,HMT-646,Kingella,kingae,,AA010,214,1981813,,Contig,46.76,kingella,0
GCA_900111845.1,HMT-646,Kingella,kingae,,ATCC 23330,59,1953889,,Contig,46.64,kingella,0
GCA_900451155.1,HMT-646,Kingella,kingae,,NCTC10746,5,2092391,,Contig,46.39,kingella,0
GCA_900475905.1,HMT-646,Kingella,kingae,,NCTC10529,1,2006553,,Complete Genome,46.57,kingella,0
GCA_000751855.1,HMT-405,Kingella,negevensis,,Pharynx,78,2130549,,Contig,45.47,kingella,0
GCA_030177875.1,HMT-405,Kingella,negevensis,,D2292,1,2201616,,Chromosome,45.49,kingella,0
GCA_030177895.1,HMT-405,Kingella,negevensis,,SW7208426,1,2142207,,Chromosome,45.38,kingella,0
GCA_030180945.1,HMT-405,Kingella,negevensis,,CC443,17,2214609,,Contig,45.49,kingella,0
GCA_030180955.1,HMT-405,Kingella,negevensis,,CC132,45,2096725,,Contig,45.47,kingella,0
GCA_030180965.1,HMT-405,Kingella,negevensis,,AA267,107,2088117,,Contig,45.61,kingella,0
GCA_030180985.1,HMT-405,Kingella,negevensis,,BB331,3,2211394,,Contig,45.49,kingella,0
GCA_030180995.1,HMT-405,Kingella,negevensis,,BB526,3,2211538,,Contig,45.49,kingella,0
GCA_030181045.1,HMT-405,Kingella,negevensis,,CC505b,39,2166202,,Contig,45.47,kingella,0
GCA_030181055.1,HMT-405,Kingella,negevensis,,EPA014,5,2210087,,Contig,45.49,kingella,0
GCA_030181065.1,HMT-405,Kingella,negevensis,,PED555,30,2160838,,Contig,45.47,kingella,0
GCA_030181105.1,HMT-405,Kingella,negevensis,,D7641,11,2189528,,Contig,45.45,kingella,0
GCA_030181115.1,HMT-405,Kingella,negevensis,,PVC1712,20,2194274,,Contig,45.5,kingella,0
GCA_900177895.1,HMT-405,Kingella,negevensis,,SW7208426,12,2187398,,Scaffold,45.96,kingella,0
GCA_900182485.2,HMT-405,Kingella,negevensis,,kingella_eburonensis,108,2109050,,Contig,45.54,kingella,0
GCA_000160435.1,HMT-706,Kingella,oralis,,ATCC 51147,5,2406675,,Scaffold,54.34,kingella,0
GCA_014054985.1,HMT-706,Kingella,oralis,,DSM 18271,2,2420532,,Complete Genome,54.3,kingella,0
GCA_016623605.1,HMT-706,Kingella,oralis,,Marseille-Q4569,9,2502986,,Scaffold,54.03,kingella,0
GCA_000215745.1,HMT-153,Klebsiella,aerogenes,,KCTC 2190,1,5280350,,Complete Genome,54.85,klebsiella,0
GCA_000334515.1,HMT-153,Klebsiella,aerogenes,,EA1509E,3,5591105,,Complete Genome,54.91,klebsiella,0
GCA_003417445.1,HMT-153,Klebsiella,aerogenes,,ATCC 13048,61,5236772,,Contig,54.84,klebsiella,0
GCA_003546885.1,HMT-153,Klebsiella,aerogenes,,FDAARGOS_327,3,5400171,,Complete Genome,54.95,klebsiella,0
GCA_009732795.1,HMT-153,Klebsiella,aerogenes,,Y6,1,5266224,,Complete Genome,54.92,klebsiella,0
GCA_009909445.1,HMT-153,Klebsiella,aerogenes,,HNHF1,2,5487999,,Complete Genome,54.71,klebsiella,0
GCA_011604725.1,HMT-153,Klebsiella,aerogenes,,35,6,5378629,,Complete Genome,54.45,klebsiella,0
GCA_014169215.1,HMT-153,Klebsiella,aerogenes,,WP5-W18-CRE-01,2,5462605,,Complete Genome,54.81,klebsiella,0
GCA_027595705.1,HMT-153,Klebsiella,aerogenes,,S33_CRE34,3,5487446,,Complete Genome,54.84,klebsiella,0
GCA_900635435.1,HMT-153,Klebsiella,aerogenes,,NCTC10006,13,5265473,,Complete Genome,54.93,klebsiella,0
GCA_000281755.1,HMT-731,Klebsiella,pneumoniae,,DSM 30104,27,5512347,,Contig,57.02,klebsiella,0
GCA_000614665.1,HMT-731,Klebsiella,pneumoniae,,JCM 1662,201,5470076,,Contig,57.01,klebsiella,0
GCA_000742135.1,HMT-731,Klebsiella,pneumoniae,,ATCC 13883,5,5545784,,Scaffold,57.01,klebsiella,0
GCA_000788015.1,HMT-731,Klebsiella,pneumoniae,,ATCC 13883,87,5725870,,Scaffold,57.08,klebsiella,0
GCA_001590945.1,HMT-731,Klebsiella,pneumoniae,,NBRC 14940,141,5463002,,Contig,57.05,klebsiella,0
GCA_001646625.1,HMT-731,Klebsiella,pneumoniae,,W14,3,5495481,,Complete Genome,57.13,klebsiella,0
GCA_001908715.1,HMT-731,Klebsiella,pneumoniae,,CAV1217,5,5379063,,Complete Genome,57.11,klebsiella,0
GCA_001908895.1,HMT-731,Klebsiella,pneumoniae,,Kp_Goe_821588,3,5526153,,Complete Genome,57.3,klebsiella,0
GCA_002156725.1,HMT-731,Klebsiella,pneumoniae,,BK13043,4,5896654,,Complete Genome,56.99,klebsiella,0
GCA_002248115.3,HMT-731,Klebsiella,pneumoniae,,KPCTRSRTH07,11,5827024,,Complete Genome,56.88,klebsiella,0
GCA_000735365.1,HMT-865,Kluyvera,ascorbata,,ATCC 33433,253,4932354,,Contig,54.34,kluyvera,0
GCA_003789135.1,HMT-865,Kluyvera,ascorbata,,OT2,227,5368186,,Contig,53.89,kluyvera,0
GCA_015099135.1,HMT-865,Kluyvera,ascorbata,,TP1631,6,5371308,,Complete Genome,53.98,kluyvera,0
GCA_015135575.1,HMT-865,Kluyvera,ascorbata,,STW0522-44,12,5625027,,Complete Genome,53.75,kluyvera,0
GCA_023195735.1,HMT-865,Kluyvera,ascorbata,,SK,2,5062542,,Complete Genome,54.04,kluyvera,0
GCA_027681865.1,HMT-865,Kluyvera,ascorbata,,AF57-07b16A,49,4943478,,Scaffold,54.22,kluyvera,0
GCA_900452265.1,HMT-865,Kluyvera,ascorbata,,NCTC9737,5,5126625,,Contig,54.15,kluyvera,0
GCA_902485085.1,HMT-865,Kluyvera,ascorbata,,MGYG-HGUT-03358,196,4968008,,Contig,54.22,kluyvera,0
GCA_946481935.1,HMT-865,Kluyvera,ascorbata,,SRR12180963_bin.2_metawrap_v1.3.0_MAG,62,4828268,yes,Contig,54.36,kluyvera,0
GCA_000286355.1,HMT-189,Kocuria,atrinae,,C3-8,221,3197170,,Contig,63.74,kocuria,0
GCA_001275345.1,HMT-084,Kocuria,palustris,,MU14/1,1,2854447,,Complete Genome,70.5,kocuria,0
GCA_001483775.1,HMT-084,Kocuria,palustris,,CD07_3,18,2833425,,Contig,70.41,kocuria,0
GCA_016907795.1,HMT-084,Kocuria,palustris,,TAGA27,1,2897960,,Contig,70.25,kocuria,0
GCA_017167265.1,HMT-084,Kocuria,palustris,,F6_7S_B_1,34,2843704,,Scaffold,70.54,kocuria,0
GCA_017167485.1,HMT-084,Kocuria,palustris,,F6_1S_P_2,31,2844162,,Scaffold,70.54,kocuria,0
GCA_017167505.1,HMT-084,Kocuria,palustris,,F5_7S_P7,32,2844494,,Scaffold,70.54,kocuria,0
GCA_017167685.1,HMT-084,Kocuria,palustris,,F5_7S_P2B,32,2843686,,Contig,70.54,kocuria,0
GCA_017167735.1,HMT-084,Kocuria,palustris,,F5_7S_P2A,33,2844036,,Scaffold,70.55,kocuria,0
GCA_017167825.1,HMT-084,Kocuria,palustris,,F5_7S_P11C,36,2843288,,Scaffold,70.54,kocuria,0
GCA_001812045.1,HMT-197,Kocuria,rhizophila,,HMSC066H03,8,2772250,,Scaffold,70.56,kocuria,0
GCA_002208685.2,HMT-197,Kocuria,rhizophila,,FDAARGOS_302,1,2697877,,Complete Genome,71.16,kocuria,0
GCA_002861865.1,HMT-197,Kocuria,rhizophila,,UMB0131,8,2833561,,Scaffold,70.45,kocuria,0
GCA_003667225.1,HMT-197,Kocuria,rhizophila,,TA68,195,2701536,,Contig,70.73,kocuria,0
GCA_004563945.1,HMT-197,Kocuria,rhizophila,,4R-31,26,2659245,,Contig,70.7,kocuria,0
GCA_017598955.1,HMT-197,Kocuria,rhizophila,,28R2A-13,31,2414908,,Contig,70.8,kocuria,0
GCA_017723815.1,HMT-197,Kocuria,rhizophila,,28R2A-20,1,2652363,,Chromosome,70.67,kocuria,0
GCA_023373505.1,HMT-197,Kocuria,rhizophila,,Noodlococcus,1,2732108,,Complete Genome,70.6,kocuria,0
GCA_030403625.1,HMT-197,Kocuria,rhizophila,,ZSM2,31,2645906,,Contig,70.78,kocuria,0
GCA_900637835.1,HMT-197,Kocuria,rhizophila,,NCTC8340,1,2697831,,Complete Genome,71.16,kocuria,0
GCA_000023925.1,HMT-855,Kytococcus,sedentarius,,DSM 20547,1,2785024,,Complete Genome,71.63,kytococcus,0
GCA_016127495.1,HMT-855,Kytococcus,sedentarius,,FDAARGOS_1061,1,2783568,,Complete Genome,71.63,kytococcus,0
GCA_016889285.1,HMT-855,Kytococcus,sedentarius,,FDAARGOS_1200,1,2448756,,Complete Genome,72.0,kytococcus,0
GCA_900452405.1,HMT-855,Kytococcus,sedentarius,,NCTC11040,2,2803893,,Contig,71.62,kytococcus,0
GCA_003862475.1,HMT-460,Lachnoanaerobaculum,gingivalis,,KCOM 2030,12,3097953,,Contig,35.87,lachnoanaerobaculum,0
GCA_030008055.1,HMT-460,Lachnoanaerobaculum,gingivalis,,SHL-20230108WGSARO1-L360107582,1,3079059,,Complete Genome,36.14,lachnoanaerobaculum,0
GCA_000242315.1,HMT-082,Lachnoanaerobaculum,orale,,F0431,96,2945844,,Scaffold,37.78,lachnoanaerobaculum,0
GCA_001552975.1,HMT-082,Lachnoanaerobaculum,orale,,DNF00896,82,2919224,,Scaffold,37.73,lachnoanaerobaculum,0
GCA_003862485.1,HMT-082,Lachnoanaerobaculum,orale,,DSM 24553,13,2800999,,Scaffold,37.79,lachnoanaerobaculum,0
GCA_018379055.1,HMT-082,Lachnoanaerobaculum,orale,,L2_013_037G1_dasL2_013_037G1_metabat.metabat.27,43,2679619,yes,Contig,37.59,lachnoanaerobaculum,0
GCA_902477885.1,HMT-082,Lachnoanaerobaculum,orale,,MGYG-HGUT-02638,198,2571408,,Contig,37.53,lachnoanaerobaculum,0
GCA_937890375.1,HMT-082,Lachnoanaerobaculum,orale,,SRR1952558_bin.17_CONCOCT_v1.1_MAG,153,2664875,yes,Contig,37.7,lachnoanaerobaculum,0
GCA_000185385.1,HMT-494,Lachnoanaerobaculum,saburreum,,DSM 3986,37,3082404,,Scaffold,38.77,lachnoanaerobaculum,0
GCA_000257705.1,HMT-494,Lachnoanaerobaculum,saburreum,,F0468,143,3074086,,Contig,36.42,lachnoanaerobaculum,0
GCA_905371645.1,HMT-494,Lachnoanaerobaculum,saburreum,,SRR9217391-mag-bin.16,243,2391254,yes,Contig,36.9,lachnoanaerobaculum,0
GCA_000296385.1,HMT-083,Lachnoanaerobaculum,sp. HMT-083,,OBRC5-5,7,2932121,,Scaffold,37.33,lachnoanaerobaculum,0
GCA_000512995.1,HMT-083,Lachnoanaerobaculum,sp. HMT-083,,MSX33,99,2871049,,Contig,36.21,lachnoanaerobaculum,0
GCA_902485365.1,HMT-083,Lachnoanaerobaculum,sp. HMT-083,,MGYG-HGUT-03381,266,2661892,,Contig,36.3,lachnoanaerobaculum,0
GCA_000287675.1,HMT-430,Lachnoanaerobaculum,sp. HMT-430,,ICM7,38,2779958,,Contig,35.98,lachnoanaerobaculum,0
GCA_018372015.1,HMT-430,Lachnoanaerobaculum,sp. HMT-430,,L3_114_000G1_dasL3_114_000G1_concoct_19,98,2677206,yes,Contig,36.19,lachnoanaerobaculum,0
GCA_937989635.1,HMT-430,Lachnoanaerobaculum,sp. HMT-430,,SRR8114077_bin.22_CONCOCT_v1.1_MAG,234,2997613,yes,Contig,36.29,lachnoanaerobaculum,0
GCA_000209465.1,HMT-441,Lachnoanaerobaculum,sp. HMT-441,,F0167,70,3288100,,Scaffold,35.86,lachnoanaerobaculum,0
GCA_017565785.1,HMT-441,Lachnoanaerobaculum,sp. HMT-441,,Marseille-Q4761,12,3419874,,Scaffold,35.93,lachnoanaerobaculum,0
GCA_003254255.1,HMT-107,Lachnoanaerobaculum,umeaense,,DSM 23576,78,2705257,,Scaffold,34.96,lachnoanaerobaculum,0
GCA_003589745.1,HMT-107,Lachnoanaerobaculum,umeaense,,DSM 23576 = CCUG 58757,1,2810441,,Complete Genome,35.08,lachnoanaerobaculum,0
GCA_902387945.1,HMT-107,Lachnoanaerobaculum,umeaense,,MGYG-HGUT-02522,1,2810441,,Complete Genome,35.08,lachnoanaerobaculum,0
GCA_916444975.1,HMT-107,Lachnoanaerobaculum,umeaense,,DRR214960_bin.3_metaWRAP_v1.1_MAG,1,3017529,yes,Contig,35.1,lachnoanaerobaculum,0
GCA_009771075.1,HMT-924,Lachnocurva,vaginae,,Y2624,28,1603810,,Contig,31.77,lachnocurva,0
GCA_009771085.1,HMT-924,Lachnocurva,vaginae,,Y3255,42,1584131,,Scaffold,31.55,lachnocurva,0
GCA_009771115.1,HMT-924,Lachnocurva,vaginae,,Y2694,27,1515592,,Scaffold,31.51,lachnocurva,0
GCA_009771145.1,HMT-924,Lachnocurva,vaginae,,Y2266,21,1480353,,Scaffold,31.54,lachnocurva,0
GCA_011082265.1,HMT-924,Lachnocurva,vaginae,,UAB071,1,1649642,,Complete Genome,31.83,lachnocurva,0
GCA_946891925.1,HMT-924,Lachnocurva,vaginae,,SRR12830914_bin.3_metaWRAP_v1.3_MAG,30,1504372,yes,Contig,31.3,lachnocurva,0
GCA_946997855.1,HMT-924,Lachnocurva,vaginae,,SRR16916863_bin.6_metaWRAP_v1.3_MAG,24,1734492,yes,Contig,31.03,lachnocurva,0
GCA_947036975.1,HMT-924,Lachnocurva,vaginae,,SRR11293606_bin.1_metaWRAP_v1.3_MAG,15,1527680,yes,Contig,31.33,lachnocurva,0
GCA_947039925.1,HMT-924,Lachnocurva,vaginae,,ERR4705252_bin.2_metaWRAP_v1.3_MAG,11,1587070,yes,Contig,31.09,lachnocurva,0
GCA_947252375.1,HMT-924,Lachnocurva,vaginae,,SRR17635694_bin.12_metaWRAP_v1.3_MAG,17,1566416,yes,Contig,31.43,lachnocurva,0
GCA_003043955.1,HMT-096,Lachnospiraceae [G2],bacterium HMT-096,,F0428,2,2232415,,Contig,39.73,lachnospiraceae [g2],0
GCA_015259645.1,HMT-096,Lachnospiraceae [G2],bacterium HMT-096,,JCVI_32_bin.48,191,1791370,yes,Contig,39.97,lachnospiraceae [g2],0
GCA_018141845.1,HMT-096,Lachnospiraceae [G2],bacterium HMT-096,,F0428,1,2241976,,Chromosome,39.69,lachnospiraceae [g2],0
GCA_018364355.1,HMT-096,Lachnospiraceae [G2],bacterium HMT-096,,L3_114_123G1_dasL3_114_123G1_metabat.metabat.26,44,1926754,yes,Contig,39.89,lachnospiraceae [g2],0
GCA_916439015.1,HMT-096,Lachnospiraceae [G2],bacterium HMT-096,,DRR214959_bin.28_metaWRAP_v1.1_MAG,1,2386140,yes,Contig,39.79,lachnospiraceae [g2],0
GCA_916720085.1,HMT-096,Lachnospiraceae [G2],bacterium HMT-096,,SRR15235658_bin.5_metaWRAP_v1.1_MAG,56,1943189,yes,Contig,40.06,lachnospiraceae [g2],0
GCA_937990535.1,HMT-096,Lachnospiraceae [G2],bacterium HMT-096,,SRR8114010_bin.97_CONCOCT_v1.1_MAG,61,1903605,yes,Contig,39.94,lachnospiraceae [g2],0
GCA_002999035.1,HMT-500,Lachnospiraceae [G8],bacterium HMT-500,,W11650,1,3201383,,Complete Genome,45.33,lachnospiraceae [g8],0
GCA_000615205.1,HMT-568,Lacticaseibacillus,casei,,JCM 1134,178,2780019,,Contig,47.75,lacticaseibacillus,0
GCA_000829055.1,HMT-568,Lacticaseibacillus,casei,,ATCC 393,3,2952961,,Complete Genome,47.88,lacticaseibacillus,0
GCA_002192215.1,HMT-568,Lacticaseibacillus,casei,,LC5,1,3132867,,Complete Genome,47.92,lacticaseibacillus,0
GCA_008868595.1,HMT-568,Lacticaseibacillus,casei,,BIO5773,21,3084211,,Contig,47.94,lacticaseibacillus,0
GCA_015476095.1,HMT-568,Lacticaseibacillus,casei,,MGB0470,1,2940907,,Complete Genome,47.9,lacticaseibacillus,0
GCA_018363095.1,HMT-568,Lacticaseibacillus,casei,,FBL6,1,3138294,,Complete Genome,47.92,lacticaseibacillus,0
GCA_029726355.1,HMT-568,Lacticaseibacillus,casei,,DSM 115425,1,3094327,,Complete Genome,47.94,lacticaseibacillus,0
GCA_029748795.1,HMT-568,Lacticaseibacillus,casei,,DSM 115424,1,3134028,,Complete Genome,47.95,lacticaseibacillus,0
GCA_030770265.1,HMT-568,Lacticaseibacillus,casei,,NCIMB 15471,1,3055873,,Complete Genome,48.02,lacticaseibacillus,0
GCA_030770295.1,HMT-568,Lacticaseibacillus,casei,,NCIMB 15473,1,3134053,,Complete Genome,47.93,lacticaseibacillus,0
GCA_000159495.1,HMT-716,Lacticaseibacillus,paracasei,,ATCC 25302,73,2991737,,Scaffold,48.42,lacticaseibacillus,0
GCA_000194765.1,HMT-716,Lacticaseibacillus,paracasei,,BD-II,2,3127288,,Complete Genome,46.29,lacticaseibacillus,0
GCA_000829035.1,HMT-716,Lacticaseibacillus,paracasei,,JCM 8130,3,3017804,,Complete Genome,46.55,lacticaseibacillus,0
GCA_001433735.1,HMT-716,Lacticaseibacillus,paracasei,,DSM 20011,139,2820682,,Scaffold,46.52,lacticaseibacillus,0
GCA_001436385.1,HMT-716,Lacticaseibacillus,paracasei,,DSM 5622,170,2881963,,Contig,46.5,lacticaseibacillus,0
GCA_004354655.1,HMT-716,Lacticaseibacillus,paracasei,,ATCC 25302,125,3003415,,Scaffold,46.48,lacticaseibacillus,0
GCA_007989125.1,HMT-716,Lacticaseibacillus,paracasei,,NBRC 15889,130,2872191,,Contig,46.51,lacticaseibacillus,0
GCA_012955485.1,HMT-716,Lacticaseibacillus,paracasei,,347-16,3,3219033,,Complete Genome,46.14,lacticaseibacillus,0
GCA_024717335.1,HMT-716,Lacticaseibacillus,paracasei,,VHProbi M56,2,3082467,,Complete Genome,46.37,lacticaseibacillus,0
GCA_025137495.1,HMT-716,Lacticaseibacillus,paracasei,,L1,10,3434047,,Complete Genome,46.14,lacticaseibacillus,0
GCA_000026525.1,HMT-749,Lacticaseibacillus,rhamnosus,,Lc 705,2,3033106,,Complete Genome,46.68,lacticaseibacillus,0
GCA_000418475.1,HMT-749,Lacticaseibacillus,rhamnosus,,LOCK900,1,2883376,,Complete Genome,46.79,lacticaseibacillus,0
GCA_000615245.1,HMT-749,Lacticaseibacillus,rhamnosus,,JCM 1136,63,2934843,,Contig,46.68,lacticaseibacillus,0
GCA_001435405.1,HMT-749,Lacticaseibacillus,rhamnosus,,DSM 20021,38,2949099,,Scaffold,46.82,lacticaseibacillus,0
GCA_001721925.1,HMT-749,Lacticaseibacillus,rhamnosus,,LRB,1,2934954,,Complete Genome,46.78,lacticaseibacillus,0
GCA_002849515.1,HMT-749,Lacticaseibacillus,rhamnosus,,NRRL B-442,111,2974909,,Contig,46.72,lacticaseibacillus,0
GCA_003353455.1,HMT-749,Lacticaseibacillus,rhamnosus,,GG,1,3010116,,Complete Genome,46.69,lacticaseibacillus,0
GCA_007990855.1,HMT-749,Lacticaseibacillus,rhamnosus,,NBRC 3425,190,2909187,,Contig,46.6,lacticaseibacillus,0
GCA_900636965.1,HMT-749,Lacticaseibacillus,rhamnosus,,NCTC13764,1,2988387,,Complete Genome,46.76,lacticaseibacillus,0
GCA_001433755.1,HMT-883,Lactiplantibacillus,pentosus,,DSM 20314,60,3647705,,Scaffold,46.58,lactiplantibacillus,0
GCA_003627295.1,HMT-883,Lactiplantibacillus,pentosus,,ZFM222,5,3701596,,Complete Genome,46.15,lactiplantibacillus,0
GCA_003641185.1,HMT-883,Lactiplantibacillus,pentosus,,DSM 20314,2,3671373,,Complete Genome,46.34,lactiplantibacillus,0
GCA_004354685.1,HMT-883,Lactiplantibacillus,pentosus,,ATCC 8041,42,3701834,,Scaffold,46.32,lactiplantibacillus,0
GCA_007991835.1,HMT-883,Lactiplantibacillus,pentosus,,NBRC 106467,213,3541994,,Contig,46.34,lactiplantibacillus,0
GCA_023823145.1,HMT-883,Lactiplantibacillus,pentosus,,9D3,7,3812583,,Complete Genome,46.09,lactiplantibacillus,0
GCA_023972895.1,HMT-883,Lactiplantibacillus,pentosus,,KW1,5,3860943,,Complete Genome,45.99,lactiplantibacillus,0
GCA_025398935.1,HMT-883,Lactiplantibacillus,pentosus,,68-1,6,3583752,,Complete Genome,46.35,lactiplantibacillus,0
GCA_026222675.1,HMT-883,Lactiplantibacillus,pentosus,,OHF 23,1,3622037,,Complete Genome,46.41,lactiplantibacillus,0
GCA_030480485.1,HMT-883,Lactiplantibacillus,pentosus,,LB-1,9,3796630,,Complete Genome,46.15,lactiplantibacillus,0
GCA_000143745.1,HMT-861,Lactiplantibacillus,plantarum,,ATCC 14917,9,3212261,,Scaffold,44.71,lactiplantibacillus,0
GCA_000615325.1,HMT-861,Lactiplantibacillus,plantarum,,JCM 1149,39,3209456,,Contig,44.46,lactiplantibacillus,0
GCA_001434175.1,HMT-861,Lactiplantibacillus,plantarum,,CGMCC 1.2437,48,3208905,,Scaffold,44.48,lactiplantibacillus,0
GCA_001435215.1,HMT-861,Lactiplantibacillus,plantarum,,DSM 16365,210,3186310,,Scaffold,45.03,lactiplantibacillus,0
GCA_003627355.1,HMT-861,Lactiplantibacillus,plantarum,,ZFM4,4,3303780,,Complete Genome,44.5,lactiplantibacillus,0
GCA_003641165.1,HMT-861,Lactiplantibacillus,plantarum,,DSM 16365,6,3350338,,Complete Genome,44.97,lactiplantibacillus,0
GCA_007989145.1,HMT-861,Lactiplantibacillus,plantarum,,NBRC 15891,60,3191823,,Contig,44.47,lactiplantibacillus,0
GCA_007991855.1,HMT-861,Lactiplantibacillus,plantarum,,NBRC 106468,165,3128971,,Contig,45.07,lactiplantibacillus,0
GCA_014131735.1,HMT-861,Lactiplantibacillus,plantarum,,DSM 20174,2,3250154,,Complete Genome,44.5,lactiplantibacillus,0
GCA_900452585.1,HMT-861,Lactiplantibacillus,plantarum,,NCTC13644,12,3249549,,Contig,44.5,lactiplantibacillus,0
GCA_000469705.1,HMT-529,Lactobacillus,acidophilus,,CIP 76.13,34,1951821,,Scaffold,34.66,lactobacillus,0
GCA_000615165.1,HMT-529,Lactobacillus,acidophilus,,JCM 1132,26,1947720,,Contig,34.58,lactobacillus,0
GCA_000786395.1,HMT-529,Lactobacillus,acidophilus,,ATCC 4356,20,1956698,,Contig,34.59,lactobacillus,0
GCA_001433895.1,HMT-529,Lactobacillus,acidophilus,,DSM 20079,30,1954043,,Scaffold,34.6,lactobacillus,0
GCA_001591845.1,HMT-529,Lactobacillus,acidophilus,,NBRC 13951,18,1955274,,Contig,34.59,lactobacillus,0
GCA_002286215.1,HMT-529,Lactobacillus,acidophilus,,LA1,1,1991195,,Complete Genome,34.7,lactobacillus,0
GCA_003047065.1,HMT-529,Lactobacillus,acidophilus,,DSM 20079,1,2009973,,Complete Genome,34.72,lactobacillus,0
GCA_024665075.1,HMT-529,Lactobacillus,acidophilus,,LA-2,1,2030963,,Complete Genome,34.72,lactobacillus,0
GCA_025665255.1,HMT-529,Lactobacillus,acidophilus,,NC56,1,2031081,,Complete Genome,34.72,lactobacillus,0
GCA_001434005.1,HMT-817,Lactobacillus,crispatus,,DSM 20584,150,2057071,,Scaffold,36.61,lactobacillus,0
GCA_002088015.1,HMT-817,Lactobacillus,crispatus,,ATCC 33820,129,2069542,,Scaffold,36.64,lactobacillus,0
GCA_003971565.1,HMT-817,Lactobacillus,crispatus,,AB70,2,2367925,,Complete Genome,37.26,lactobacillus,0
GCA_013487905.1,HMT-817,Lactobacillus,crispatus,,1D,1,2349358,,Complete Genome,36.93,lactobacillus,0
GCA_018987235.1,HMT-817,Lactobacillus,crispatus,,ATCC 33820,1,2239089,,Complete Genome,37.0,lactobacillus,0
GCA_020042125.1,HMT-817,Lactobacillus,crispatus,,Lc1226,1,2526154,,Complete Genome,37.12,lactobacillus,0
GCA_027271175.1,HMT-817,Lactobacillus,crispatus,,Lcr-MH175,1,2471292,,Complete Genome,37.24,lactobacillus,0
GCA_029011155.1,HMT-817,Lactobacillus,crispatus,,VSI04,1,2322225,,Complete Genome,37.33,lactobacillus,0
GCA_029011475.1,HMT-817,Lactobacillus,crispatus,,VSI24,2,2269013,,Complete Genome,37.2,lactobacillus,0
GCA_000014425.1,HMT-615,Lactobacillus,gasseri,,ATCC 33323,1,1894360,,Complete Genome,35.26,lactobacillus,0
GCA_000615125.1,HMT-615,Lactobacillus,gasseri,,JCM 1131,20,1823247,,Contig,35.01,lactobacillus,0
GCA_008868295.1,HMT-615,Lactobacillus,gasseri,,ATCC 33323,34,1824918,,Contig,35.02,lactobacillus,0
GCA_017638885.1,HMT-615,Lactobacillus,gasseri,,HL20,3,1989082,,Complete Genome,35.03,lactobacillus,0
GCA_029011785.1,HMT-615,Lactobacillus,gasseri,,VSI07,2,1815045,,Complete Genome,35.12,lactobacillus,0
GCA_029823575.1,HMT-615,Lactobacillus,gasseri,,DSM 20243,26,1825792,,Contig,35.01,lactobacillus,0
GCA_900452355.1,HMT-615,Lactobacillus,gasseri,,NCTC13722,3,1899682,,Contig,35.17,lactobacillus,0
GCA_000160875.1,HMT-838,Lactobacillus,iners,,DSM 13335,12,1277649,,Scaffold,32.95,lactobacillus,0
GCA_001435015.1,HMT-838,Lactobacillus,iners,,DSM 13335,58,1267657,,Contig,32.52,lactobacillus,0
GCA_009857205.1,HMT-838,Lactobacillus,iners,,Indica1,1,1331119,,Contig,33.2,lactobacillus,0
GCA_010748955.1,HMT-838,Lactobacillus,iners,,KY,1,1339101,,Complete Genome,33.35,lactobacillus,0
GCA_011058695.1,HMT-838,Lactobacillus,iners,,C0094A1,2,1474256,,Complete Genome,33.19,lactobacillus,0
GCA_011058715.1,HMT-838,Lactobacillus,iners,,C0059G1,1,1379123,,Complete Genome,33.27,lactobacillus,0
GCA_011058735.1,HMT-838,Lactobacillus,iners,,C0011D1,2,1503611,,Complete Genome,33.26,lactobacillus,0
GCA_011058755.1,HMT-838,Lactobacillus,iners,,C0210C1,2,1507452,,Complete Genome,33.2,lactobacillus,0
GCA_011058775.1,HMT-838,Lactobacillus,iners,,C0322A1,1,1318700,,Complete Genome,33.09,lactobacillus,0
GCA_011058795.1,HMT-838,Lactobacillus,iners,,C0254C1,1,1314822,,Complete Genome,33.02,lactobacillus,0
GCA_000155915.2,HMT-839,Lactobacillus,jensenii,,1153,1,1746219,,Scaffold,34.86,lactobacillus,0
GCA_001436455.1,HMT-839,Lactobacillus,jensenii,,DSM 20557,99,1610627,,Scaffold,34.34,lactobacillus,0
GCA_001936235.1,HMT-839,Lactobacillus,jensenii,,SNUV360,1,1672949,,Complete Genome,34.44,lactobacillus,0
GCA_018094625.1,HMT-839,Lactobacillus,jensenii,,ATCC 25258,44,1616878,,Contig,34.33,lactobacillus,0
GCA_022454195.1,HMT-839,Lactobacillus,jensenii,,DZD_CM_38_S806-bin_1,27,1594674,yes,Scaffold,34.07,lactobacillus,0
GCA_022454245.1,HMT-839,Lactobacillus,jensenii,,DZD_CM_35_S803-bin_1,25,1529884,yes,Scaffold,34.03,lactobacillus,0
GCA_000008065.1,HMT-819,Lactobacillus,johnsonii,,NCC 533,1,1992676,,Complete Genome,34.61,lactobacillus,0
GCA_000159355.1,HMT-819,Lactobacillus,johnsonii,,ATCC 33200,32,1780499,,Scaffold,34.74,lactobacillus,0
GCA_000219475.3,HMT-819,Lactobacillus,johnsonii,,pf01,3,1973006,,Complete Genome,34.66,lactobacillus,0
GCA_001433975.1,HMT-819,Lactobacillus,johnsonii,,ATCC 33200,37,1773599,,Contig,34.43,lactobacillus,0
GCA_001714745.1,HMT-819,Lactobacillus,johnsonii,,BS15,2,2159316,,Complete Genome,34.84,lactobacillus,0
GCA_002176835.1,HMT-819,Lactobacillus,johnsonii,,UMNLJ22,3,2042390,,Complete Genome,35.09,lactobacillus,0
GCA_003428395.1,HMT-819,Lactobacillus,johnsonii,,IDCC9203,1,1898461,,Complete Genome,34.72,lactobacillus,0
GCA_010586925.1,HMT-819,Lactobacillus,johnsonii,,G2A,3,2177933,,Complete Genome,34.54,lactobacillus,0
GCA_013487865.1,HMT-819,Lactobacillus,johnsonii,,3DG,1,1995616,,Complete Genome,34.41,lactobacillus,0
GCA_014841035.1,HMT-819,Lactobacillus,johnsonii,,GHZ10a,3,2015225,,Complete Genome,35.0,lactobacillus,0
GCA_000159415.1,HMT-461,Lactobacillus,ultunensis,,DSM 16047,48,2248406,,Scaffold,38.27,lactobacillus,0
GCA_001436305.1,HMT-461,Lactobacillus,ultunensis,,DSM 16047,105,2161766,,Contig,35.95,lactobacillus,0
GCA_016647595.1,HMT-461,Lactobacillus,ultunensis,,Kx293C1,2,2246389,,Complete Genome,36.05,lactobacillus,0
GCA_902374155.1,HMT-461,Lactobacillus,ultunensis,,MGYG-HGUT-01335,48,2248406,,Scaffold,38.27,lactobacillus,0
GCA_000615405.1,HMT-804,Lactococcus,lactis,,JCM 5805,88,2527003,,Contig,35.23,lactococcus,0
GCA_000835975.1,HMT-804,Lactococcus,lactis,,JCM 5805,88,2545792,,Contig,35.24,lactococcus,0
GCA_001456385.1,HMT-804,Lactococcus,lactis,,ATCC 19435,171,2547291,,Contig,35.29,lactococcus,0
GCA_001514475.1,HMT-804,Lactococcus,lactis,,NBRC 100933,40,2547623,,Contig,35.24,lactococcus,0
GCA_002441815.1,HMT-804,Lactococcus,lactis,,ATCC 19435,76,2463410,,Contig,35.23,lactococcus,0
GCA_004354485.1,HMT-804,Lactococcus,lactis,,ATCC 19435,82,2627820,,Scaffold,35.45,lactococcus,0
GCA_009663915.1,HMT-804,Lactococcus,lactis,,NCDO176,120,2445329,,Contig,35.1,lactococcus,0
GCA_017821195.2,HMT-804,Lactococcus,lactis,,DRC3,7,2641059,,Complete Genome,35.11,lactococcus,0
GCA_029023865.1,HMT-804,Lactococcus,lactis,,DSM 20481,3,2590459,,Complete Genome,35.38,lactococcus,0
GCA_900099625.1,HMT-804,Lactococcus,lactis,,ATCC 19435,51,2514221,,Scaffold,35.24,lactococcus,0
GCA_000024225.1,HMT-723,Lancefieldella,parvula,,DSM 20469,1,1543805,,Complete Genome,45.69,lancefieldella,0
GCA_902480595.1,HMT-723,Lancefieldella,parvula,,MGYG-HGUT-02908,13,1338544,,Contig,45.43,lancefieldella,0
GCA_905371835.1,HMT-723,Lancefieldella,parvula,,SRR9217392-mag-bin.20,188,1047741,yes,Contig,46.15,lancefieldella,0
GCA_937923135.1,HMT-723,Lancefieldella,parvula,,ERR589666_bin.30_CONCOCT_v1.1_MAG,20,1536504,yes,Contig,45.63,lancefieldella,0
GCA_000174015.1,HMT-750,Lancefieldella,rimae,,ATCC 49626,9,1626291,,Contig,49.26,lancefieldella,0
GCA_001438885.1,HMT-750,Lancefieldella,rimae,,DSM 7090,9,1629936,,Scaffold,49.34,lancefieldella,0
GCA_001813205.1,HMT-750,Lancefieldella,rimae,,HMSC064B08,18,1592142,,Scaffold,49.14,lancefieldella,0
GCA_015354135.1,HMT-750,Lancefieldella,rimae,,JCVI_32_bin.21,34,1581027,yes,Contig,49.58,lancefieldella,0
GCA_000411555.1,HMT-199,Lancefieldella,sp. HMT-199,,F0494,2,1665560,,Scaffold,51.96,lancefieldella,0
GCA_905373115.1,HMT-199,Lancefieldella,sp. HMT-199,,SRR9217449-mag-bin.6,28,1652381,yes,Contig,51.98,lancefieldella,0
GCA_949152215.1,HMT-199,Lancefieldella,sp. HMT-199,,Marseille-Q7238,1,1599921,,Complete Genome,51.9,lancefieldella,0
GCA_959025365.1,HMT-199,Lancefieldella,sp. HMT-199,,ERR10149248_bin.7_MetaWRAP_v1.3_MAG,79,1625686,yes,Contig,52.29,lancefieldella,0
GCA_003892345.1,HMT-409,Lautropia,dentalis,,KCOM 2505,12,3827229,,Scaffold,65.12,lautropia,0
GCA_915068305.1,HMT-409,Lautropia,dentalis,,SRR2037090_bin.20_metaWRAP_v1.1_MAG,224,3475311,yes,Contig,65.06,lautropia,0
GCA_938003205.1,HMT-409,Lautropia,dentalis,,SRR2037089_bin.59_CONCOCT_v1.1_MAG,254,3655831,yes,Contig,65.0,lautropia,0
GCA_000186425.1,HMT-022,Lautropia,mirabilis,,ATCC 51599,8,3151925,,Scaffold,65.74,lautropia,0
GCA_015254855.1,HMT-022,Lautropia,mirabilis,,JCVI_39_bin.14,215,3096132,yes,Scaffold,65.59,lautropia,0
GCA_015254865.1,HMT-022,Lautropia,mirabilis,,JCVI_47_bin.7,170,3045803,yes,Contig,65.63,lautropia,0
GCA_028462385.1,HMT-022,Lautropia,mirabilis,,SCCH130 Lau2261318,10,3080931,,Contig,65.6,lautropia,0
GCA_030824905.1,HMT-022,Lautropia,mirabilis,,RAGGC_297,152,3187093,,Scaffold,65.26,lautropia,0
GCA_900637555.1,HMT-022,Lautropia,mirabilis,,NCTC12852,1,3172010,,Complete Genome,65.48,lautropia,0
GCA_905373045.1,HMT-022,Lautropia,mirabilis,,SRR9217430-mag-bin.2,68,3015813,yes,Contig,65.7,lautropia,0
GCA_916049875.1,HMT-022,Lautropia,mirabilis,,ERR2765003_bin.2_metaWRAP_v1.1_MAG,235,2922232,yes,Contig,65.85,lautropia,0
GCA_938046545.1,HMT-022,Lautropia,mirabilis,,ERR589467_bin.38_CONCOCT_v1.1_MAG,22,3112992,yes,Contig,65.53,lautropia,0
GCA_947097835.1,HMT-022,Lautropia,mirabilis,,SRR8786261_bin.10_metaWRAP_v1.3_MAG,211,2980196,yes,Contig,65.67,lautropia,0
GCA_001281505.1,HMT-173,Lawsonella,clevelandensis,,X1698,1,1915154,,Complete Genome,58.61,lawsonella,0
GCA_001293125.1,HMT-173,Lawsonella,clevelandensis,,X1036,1,1860551,,Complete Genome,58.59,lawsonella,0
GCA_900610365.2,HMT-173,Lawsonella,clevelandensis,,USB-603019,1,1877010,,Chromosome,58.59,lawsonella,0
GCA_905373635.1,HMT-173,Lawsonella,clevelandensis,,SRR9217479-mag-bin.15,100,1785088,yes,Contig,58.44,lawsonella,0
GCA_946223255.1,HMT-173,Lawsonella,clevelandensis,,yPK97vJ9D2_bin.2.MAG,64,1816676,yes,Contig,58.42,lawsonella,0
GCA_000211375.1,HMT-881,Lentilactobacillus,buchneri,,NRRL B-30929,4,2588309,,Complete Genome,44.23,lentilactobacillus,0
GCA_000298115.2,HMT-881,Lentilactobacillus,buchneri,,CD034,4,2563168,,Complete Genome,44.21,lentilactobacillus,0
GCA_001434735.1,HMT-881,Lentilactobacillus,buchneri,,DSM 20057,90,2446657,,Contig,44.41,lentilactobacillus,0
GCA_004354745.1,HMT-881,Lentilactobacillus,buchneri,,ATCC 4005,76,2551787,,Scaffold,44.38,lentilactobacillus,0
GCA_008369805.1,HMT-881,Lentilactobacillus,buchneri,,MGB0786,4,2583542,,Complete Genome,44.32,lentilactobacillus,0
GCA_009495465.1,HMT-881,Lentilactobacillus,buchneri,,LA1184,18,2761436,,Scaffold,44.04,lentilactobacillus,0
GCA_009495475.1,HMT-881,Lentilactobacillus,buchneri,,ATCC 4005,8,2498872,,Scaffold,44.48,lentilactobacillus,0
GCA_018314255.1,HMT-881,Lentilactobacillus,buchneri,,ATCC 4005,2,2537205,,Complete Genome,44.43,lentilactobacillus,0
GCA_023507525.1,HMT-881,Lentilactobacillus,buchneri,,PC-C1,3,2534159,,Contig,44.21,lentilactobacillus,0
GCA_028411915.1,HMT-881,Lentilactobacillus,buchneri,,Egmn17,1,2365130,,Chromosome,44.58,lentilactobacillus,0
GCA_000242275.1,HMT-424,Lentilactobacillus,kisonensis,,F0435,86,2987059,,Scaffold,41.99,lentilactobacillus,0
GCA_001311425.1,HMT-424,Lentilactobacillus,kisonensis,,JCM 15041,108,3009421,,Contig,41.7,lentilactobacillus,0
GCA_001434135.1,HMT-424,Lentilactobacillus,kisonensis,,DSM 19906,122,3006215,,Contig,41.74,lentilactobacillus,0
GCA_000238835.1,HMT-418,Lentilactobacillus,parafarraginis,,F0439,165,2854910,,Scaffold,45.65,lentilactobacillus,0
GCA_001311355.1,HMT-418,Lentilactobacillus,parafarraginis,,JCM 14109,236,3101821,,Contig,45.17,lentilactobacillus,0
GCA_001435895.1,HMT-418,Lentilactobacillus,parafarraginis,,DSM 18390,254,3081674,,Scaffold,45.23,lentilactobacillus,0
GCA_005864225.1,HMT-418,Lentilactobacillus,parafarraginis,,FAM 1079,89,2963205,,Scaffold,45.58,lentilactobacillus,0
GCA_902388245.1,HMT-418,Lentilactobacillus,parafarraginis,,MGYG-HGUT-02542,212,2852137,,Contig,45.6,lentilactobacillus,0
GCA_001311445.1,HMT-884,Lentilactobacillus,rapi,,JCM 15042,105,2844001,,Contig,42.91,lentilactobacillus,0
GCA_001436255.1,HMT-884,Lentilactobacillus,rapi,,DSM 19907,87,2854844,,Scaffold,42.96,lentilactobacillus,0
GCA_007992555.1,HMT-884,Lentilactobacillus,rapi,,NBRC 109618,166,2833656,,Contig,42.95,lentilactobacillus,0
GCA_000023905.1,HMT-563,Leptotrichia,buccalis,,DSM 1135,1,2465610,,Complete Genome,29.65,leptotrichia,0
GCA_938021125.1,HMT-563,Leptotrichia,buccalis,,ERR589367_bin.14_CONCOCT_v1.1_MAG,489,1989509,yes,Contig,30.78,leptotrichia,0
GCA_000162955.1,HMT-224,Leptotrichia,hofstadii,,F0254,10,2456453,,Scaffold,30.88,leptotrichia,0
GCA_000428965.1,HMT-224,Leptotrichia,hofstadii,,DSM 21651,18,2560738,,Scaffold,30.65,leptotrichia,0
GCA_007990525.1,HMT-224,Leptotrichia,hofstadii,,JCM16775,4,2604381,,Complete Genome,30.61,leptotrichia,0
GCA_007990635.1,HMT-213,Leptotrichia,hongkongensis,,JMUB5056,2,2284180,,Complete Genome,29.89,leptotrichia,0
GCA_030527835.1,HMT-213,Leptotrichia,hongkongensis,,S18M_Sa_5,45,2004496,,Scaffold,29.35,leptotrichia,0
GCA_000373045.1,HMT-214,Leptotrichia,shahii,,DSM 19757,20,2144606,,Scaffold,29.53,leptotrichia,0
GCA_008327825.1,HMT-214,Leptotrichia,shahii,,JCM16776,2,2161166,,Complete Genome,29.74,leptotrichia,0
GCA_018128225.1,HMT-218,Leptotrichia,sp. HMT-218,,F0707,1,2172496,,Complete Genome,28.96,leptotrichia,0
GCA_916438585.1,HMT-218,Leptotrichia,sp. HMT-218,,DRR214962_bin.4_metaWRAP_v1.1_MAG,1,2126997,yes,Contig,28.45,leptotrichia,0
GCA_916720105.1,HMT-218,Leptotrichia,sp. HMT-218,,SRR15235650_bin.2_metaWRAP_v1.1_MAG,238,1187035,yes,Contig,28.82,leptotrichia,0
GCA_937900375.1,HMT-218,Leptotrichia,sp. HMT-218,,SRR1952591_bin.11_CONCOCT_v1.1_MAG,218,1277788,yes,Contig,28.63,leptotrichia,0
GCA_013333235.2,HMT-221,Leptotrichia,sp. HMT-221,,T-B-M_MAG_00008,107,1977728,yes,Contig,29.04,leptotrichia,0
GCA_018128245.1,HMT-221,Leptotrichia,sp. HMT-221,,F0705,2,2076334,,Complete Genome,29.23,leptotrichia,0
GCA_916719885.1,HMT-221,Leptotrichia,sp. HMT-221,,SRR15235655_bin.6_metaWRAP_v1.1_MAG,221,1219079,yes,Contig,29.41,leptotrichia,0
GCA_937926905.1,HMT-221,Leptotrichia,sp. HMT-221,,SRR8114063_bin.23_CONCOCT_v1.1_MAG,138,1573472,yes,Contig,28.98,leptotrichia,0
GCA_013394795.1,HMT-223,Leptotrichia,sp. HMT-223,,F0708,4,2584194,,Contig,31.38,leptotrichia,0
GCA_000469525.1,HMT-225,Leptotrichia,sp. HMT-225,,F0581,174,2400083,,Scaffold,29.68,leptotrichia,0
GCA_030644325.1,HMT-225,Leptotrichia,sp. HMT-225,,HMT-225,1,2452811,,Complete Genome,29.72,leptotrichia,0
GCA_900104625.1,HMT-225,Leptotrichia,sp. HMT-225,,Marseille-P3007,5,2538645,,Contig,29.7,leptotrichia,0
GCA_905371625.1,HMT-225,Leptotrichia,sp. HMT-225,,SRR9217389-mag-bin.17,306,2012492,yes,Contig,29.6,leptotrichia,0
GCA_007990445.1,HMT-417,Leptotrichia,sp. HMT-417,,JMUB3936,4,2404956,,Complete Genome,30.05,leptotrichia,0
GCA_013394865.1,HMT-417,Leptotrichia,sp. HMT-417,,F0703,5,2528148,,Contig,29.94,leptotrichia,0
GCA_018373565.1,HMT-417,Leptotrichia,sp. HMT-417,,L2_037_123G1_dasL2_037_123G1_concoct_10_sub,114,2386079,yes,Contig,29.87,leptotrichia,0
GCA_901873485.1,HMT-417,Leptotrichia,sp. HMT-417,,na,64,2375404,,Contig,29.91,leptotrichia,0
GCA_916720135.1,HMT-417,Leptotrichia,sp. HMT-417,,SRR15235662_bin.26_metaWRAP_v1.1_MAG,189,2378985,yes,Contig,29.65,leptotrichia,0
GCA_938041155.1,HMT-417,Leptotrichia,sp. HMT-417,,SRR8114056_bin.29_CONCOCT_v1.1_MAG,113,2312876,yes,Contig,29.67,leptotrichia,0
GCA_002240055.1,HMT-498,Leptotrichia,sp. HMT-498,,F0590,1,2152181,,Complete Genome,29.62,leptotrichia,0
GCA_003638725.1,HMT-498,Leptotrichia,sp. HMT-498,,bin_23,138,1129771,yes,Contig,29.04,leptotrichia,0
GCA_001553645.1,HMT-847,Leptotrichia,sp. HMT-847,,F0260,1,2194935,,Complete Genome,29.79,leptotrichia,0
GCA_000469385.1,HMT-879,Leptotrichia,sp. HMT-879,,F0557,79,2415750,,Scaffold,29.94,leptotrichia,0
GCA_000373345.1,HMT-222,Leptotrichia,wadei,,DSM 19758,64,2316529,,Scaffold,29.34,leptotrichia,0
GCA_000469405.1,HMT-222,Leptotrichia,wadei,,F0279,74,2353455,,Scaffold,29.35,leptotrichia,0
GCA_001553045.1,HMT-222,Leptotrichia,wadei,,KA00185,126,2377589,,Scaffold,29.59,leptotrichia,0
GCA_007990385.1,HMT-222,Leptotrichia,wadei,,JMUB3933,1,2361227,,Complete Genome,29.59,leptotrichia,0
GCA_007990405.1,HMT-222,Leptotrichia,wadei,,JMUB3934,5,2490107,,Complete Genome,29.62,leptotrichia,0
GCA_007990545.2,HMT-222,Leptotrichia,wadei,,JCM16777,2,2337418,,Complete Genome,29.46,leptotrichia,0
GCA_000469365.1,HMT-558,Levilactobacillus,brevis,,ATCC 14869,86,2473047,,Scaffold,46.06,levilactobacillus,0
GCA_001433855.1,HMT-558,Levilactobacillus,brevis,,DSM 20054,11,2474438,,Scaffold,46.01,levilactobacillus,0
GCA_003813165.1,HMT-558,Levilactobacillus,brevis,,LMT1-73,3,2529623,,Complete Genome,45.87,levilactobacillus,0
GCA_006228205.1,HMT-558,Levilactobacillus,brevis,,UCCLBBS124,5,2728238,,Complete Genome,45.58,levilactobacillus,0
GCA_006228265.1,HMT-558,Levilactobacillus,brevis,,UCCLB95,3,2528774,,Complete Genome,45.87,levilactobacillus,0
GCA_006228305.1,HMT-558,Levilactobacillus,brevis,,UCCLB521,6,2416054,,Complete Genome,45.89,levilactobacillus,0
GCA_014905055.1,HMT-558,Levilactobacillus,brevis,,NSMJ23,8,2616331,,Complete Genome,45.59,levilactobacillus,0
GCA_022350025.1,HMT-558,Levilactobacillus,brevis,,YSJ3,8,2546891,,Complete Genome,45.76,levilactobacillus,0
GCA_025447255.1,HMT-558,Levilactobacillus,brevis,,SRCM210362,5,2628394,,Complete Genome,45.68,levilactobacillus,0
GCA_900475625.1,HMT-558,Levilactobacillus,brevis,,NCTC13768,1,2494328,,Complete Genome,46.0,levilactobacillus,0
GCA_000008925.1,HMT-756,Ligilactobacillus,salivarius,,UCC118,4,2133977,,Complete Genome,33.04,ligilactobacillus,0
GCA_000159395.1,HMT-756,Ligilactobacillus,salivarius,,ATCC 11741,32,2017251,,Scaffold,33.27,ligilactobacillus,0
GCA_001011095.1,HMT-756,Ligilactobacillus,salivarius,,Ren,3,1978364,,Complete Genome,33.04,ligilactobacillus,0
GCA_001435955.1,HMT-756,Ligilactobacillus,salivarius,,DSM 20555,62,1982601,,Contig,32.5,ligilactobacillus,0
GCA_002079585.1,HMT-756,Ligilactobacillus,salivarius,,DSM 20554,51,1971822,,Scaffold,32.62,ligilactobacillus,0
GCA_021266585.1,HMT-756,Ligilactobacillus,salivarius,,BNS11,7,2298974,,Complete Genome,32.98,ligilactobacillus,0
GCA_025398675.1,HMT-756,Ligilactobacillus,salivarius,,H1,3,2578608,,Complete Genome,32.72,ligilactobacillus,0
GCA_029823545.1,HMT-756,Ligilactobacillus,salivarius,,LMG 9477,53,1995138,,Contig,32.54,ligilactobacillus,0
GCA_030062785.1,HMT-756,Ligilactobacillus,salivarius,,S92,6,2276271,,Complete Genome,32.8,ligilactobacillus,0
GCA_000161935.1,HMT-816,Limosilactobacillus,coleohominis,,101-4-CHN,12,1725829,,Scaffold,42.04,limosilactobacillus,0
GCA_947253215.1,HMT-816,Limosilactobacillus,coleohominis,,SRR17635602_bin.5_metaWRAP_v1.3_MAG,56,1708830,yes,Contig,41.38,limosilactobacillus,0
GCA_000159215.1,HMT-608,Limosilactobacillus,fermentum,,ATCC 14931,74,1867005,,Scaffold,54.55,limosilactobacillus,0
GCA_000466785.3,HMT-608,Limosilactobacillus,fermentum,,3872,2,2330492,,Complete Genome,50.61,limosilactobacillus,0
GCA_002192435.1,HMT-608,Limosilactobacillus,fermentum,,LAC FRN-92,1,2063606,,Complete Genome,51.79,limosilactobacillus,0
GCA_003255875.1,HMT-608,Limosilactobacillus,fermentum,,CBA7106,1,2042277,,Complete Genome,51.66,limosilactobacillus,0
GCA_011032745.1,HMT-608,Limosilactobacillus,fermentum,,AGR1487,1,1939032,,Complete Genome,52.17,limosilactobacillus,0
GCA_013394085.1,HMT-608,Limosilactobacillus,fermentum,,DSM 20052,1,1887974,,Chromosome,52.52,limosilactobacillus,0
GCA_016617695.1,HMT-608,Limosilactobacillus,fermentum,,B44,1,2110953,,Complete Genome,51.57,limosilactobacillus,0
GCA_018884205.1,HMT-608,Limosilactobacillus,fermentum,,YLF016,1,2094354,,Complete Genome,51.46,limosilactobacillus,0
GCA_029223925.1,HMT-608,Limosilactobacillus,fermentum,,KUFM408,1,2077616,,Complete Genome,51.51,limosilactobacillus,0
GCA_029823225.1,HMT-608,Limosilactobacillus,fermentum,,LMG 6902,112,1817617,,Contig,52.67,limosilactobacillus,0
GCA_000180015.1,HMT-709,Limosilactobacillus,oris,,PB013-T2-3,89,2115990,,Contig,49.77,limosilactobacillus,0
GCA_000221505.2,HMT-709,Limosilactobacillus,oris,,F0423,20,2174937,,Contig,49.73,limosilactobacillus,0
GCA_001434465.1,HMT-709,Limosilactobacillus,oris,,DSM 4864,75,2031774,,Contig,49.98,limosilactobacillus,0
GCA_026094485.1,HMT-709,Limosilactobacillus,oris,,BE7N,62,2129000,,Contig,50.05,limosilactobacillus,0
GCA_027692585.1,HMT-709,Limosilactobacillus,oris,,OF48-6pH5A,73,2155462,,Scaffold,49.82,limosilactobacillus,0
GCA_030053195.1,HMT-709,Limosilactobacillus,oris,,BSLO1801,6,2064446,,Complete Genome,49.25,limosilactobacillus,0
GCA_901873565.1,HMT-709,Limosilactobacillus,oris,,Lactobacillus_oris_BgEED19,85,2130048,,Contig,49.74,limosilactobacillus,0
GCA_934190745.1,HMT-709,Limosilactobacillus,oris,,REFINED_METABAT215_TOP10_CONTIGS_1500_ASSEMBLY_K77_MERGED__Hadza_MoBio_hadza-I-L_I_2_2614.21,24,1834222,yes,Contig,50.21,limosilactobacillus,0
GCA_947381755.1,HMT-709,Limosilactobacillus,oris,,J30,171,1923258,,Contig,49.88,limosilactobacillus,0
GCA_001027985.1,HMT-882,Limosilactobacillus,panis,,DSM 6035,219,2082789,,Contig,47.87,limosilactobacillus,0
GCA_001435935.1,HMT-882,Limosilactobacillus,panis,,DSM 6035,150,2006512,,Scaffold,48.08,limosilactobacillus,0
GCA_019797825.1,HMT-882,Limosilactobacillus,panis,,MT-01,3,2129075,,Complete Genome,46.88,limosilactobacillus,0
GCA_000010005.1,HMT-818,Limosilactobacillus,reuteri,,JCM 1112,1,2039414,,Complete Genome,38.88,limosilactobacillus,0
GCA_000016825.1,HMT-818,Limosilactobacillus,reuteri,,DSM 20016,1,1999618,,Complete Genome,38.87,limosilactobacillus,0
GCA_001434615.1,HMT-818,Limosilactobacillus,reuteri,,DSM 20016,150,1935860,,Scaffold,38.63,limosilactobacillus,0
GCA_001618905.1,HMT-818,Limosilactobacillus,reuteri,,ZLR003,1,2234097,,Complete Genome,38.66,limosilactobacillus,0
GCA_003072625.1,HMT-818,Limosilactobacillus,reuteri,,WHH1689,1,2044184,,Complete Genome,39.31,limosilactobacillus,0
GCA_013694365.1,HMT-818,Limosilactobacillus,reuteri,,CNEI-KCA3,1,2085667,,Complete Genome,39.43,limosilactobacillus,0
GCA_020023775.1,HMT-818,Limosilactobacillus,reuteri,,SD-LRE2-IT,1,2313802,,Complete Genome,38.8,limosilactobacillus,0
GCA_021228055.1,HMT-818,Limosilactobacillus,reuteri,,VHProbi M07,1,2041530,,Complete Genome,38.89,limosilactobacillus,0
GCA_030585585.1,HMT-818,Limosilactobacillus,reuteri,,NL02,3,2111986,,Complete Genome,38.81,limosilactobacillus,0
GCA_030721705.1,HMT-818,Limosilactobacillus,reuteri,,RE225,2,2280129,,Complete Genome,38.65,limosilactobacillus,0
GCA_000159435.1,HMT-051,Limosilactobacillus,vaginalis,,ATCC 49540,112,1877332,,Scaffold,42.87,limosilactobacillus,0
GCA_001435915.1,HMT-051,Limosilactobacillus,vaginalis,,DSM 5837,149,1787468,,Scaffold,40.47,limosilactobacillus,0
GCA_009362935.1,HMT-051,Limosilactobacillus,vaginalis,,LV515,1,1894710,,Complete Genome,40.53,limosilactobacillus,0
GCA_025311515.1,HMT-051,Limosilactobacillus,vaginalis,,AM_LB9,2,1883554,,Complete Genome,40.37,limosilactobacillus,0
GCA_025677785.1,HMT-051,Limosilactobacillus,vaginalis,,GSH01,1,1779643,,Complete Genome,40.71,limosilactobacillus,0
GCA_026935945.1,HMT-051,Limosilactobacillus,vaginalis,,VAG1,14,1844314,,Scaffold,40.57,limosilactobacillus,0
GCA_028607005.1,HMT-051,Limosilactobacillus,vaginalis,,LV1494_C165,1,1837310,,Complete Genome,40.59,limosilactobacillus,0
GCA_000307025.1,HMT-825,Listeria,monocytogenes,,ATCC 19117,1,2951805,,Complete Genome,37.99,listeria,0
GCA_000438685.2,HMT-825,Listeria,monocytogenes,,N1-011A,2,3243301,,Complete Genome,37.97,listeria,0
GCA_000525815.1,HMT-825,Listeria,monocytogenes,,FSL F6-684,34,2845956,,Contig,37.93,listeria,0
GCA_000743465.1,HMT-825,Listeria,monocytogenes,,FSL F6-684,1,2852103,,Scaffold,38.0,listeria,0
GCA_000800335.1,HMT-825,Listeria,monocytogenes,,NTSN,1,2904500,,Complete Genome,38.04,listeria,0
GCA_001188045.2,HMT-825,Listeria,monocytogenes,,FDAARGOS_57,2,2935398,,Complete Genome,38.0,listeria,0
GCA_001454905.1,HMT-825,Listeria,monocytogenes,,WSLC 1033,1,2950820,,Complete Genome,37.99,listeria,0
GCA_001483405.1,HMT-825,Listeria,monocytogenes,,Lm 3163,1,2927751,,Complete Genome,38.0,listeria,0
GCA_009730635.1,HMT-825,Listeria,monocytogenes,,N843_15,1,2896666,,Complete Genome,37.95,listeria,0
GCA_900187225.1,HMT-825,Listeria,monocytogenes,,NCTC10357,1,2864663,,Complete Genome,38.06,listeria,0
GCA_000724775.3,HMT-614,Lysinibacillus,fusiformis,,RB-21,1,4843789,,Complete Genome,37.62,lysinibacillus,0
GCA_001726065.1,HMT-614,Lysinibacillus,fusiformis,,M5,3,4892467,,Scaffold,37.43,lysinibacillus,0
GCA_003049525.1,HMT-614,Lysinibacillus,fusiformis,,ATCC 7055,64,4796895,,Contig,37.34,lysinibacillus,0
GCA_003367495.1,HMT-614,Lysinibacillus,fusiformis,,NRRL NRS-350,82,4788243,,Contig,37.35,lysinibacillus,0
GCA_004101885.1,HMT-614,Lysinibacillus,fusiformis,,KCCM 35418,1,4785706,,Complete Genome,37.52,lysinibacillus,0
GCA_006540205.1,HMT-614,Lysinibacillus,fusiformis,,NBRC 15717,71,4763064,,Contig,37.31,lysinibacillus,0
GCA_025398895.1,HMT-614,Lysinibacillus,fusiformis,,HJ.T1,2,4856088,,Complete Genome,37.49,lysinibacillus,0
GCA_028994155.1,HMT-614,Lysinibacillus,fusiformis,,G5.M11b,4,4845046,,Complete Genome,37.52,lysinibacillus,0
GCA_030435155.1,HMT-614,Lysinibacillus,fusiformis,,PWPW_T2,18,4820104,,Scaffold,37.13,lysinibacillus,0
GCA_000146855.1,HMT-796,Peptoanaerobacter,margaretiae,,ATCC 43715,14,2511030,,Scaffold,33.46,peptoanaerobacter,0
GCA_000177555.1,HMT-841,Megasphaera,lornae,,28L,34,1726197,,Contig,46.05,megasphaera,0
GCA_000214495.2,HMT-841,Megasphaera,lornae,,UPII 199-6,45,1640787,,Contig,46.37,megasphaera,0
GCA_000287695.1,HMT-796,Peptoanaerobacter,margaretiae,,AS15,52,2654638,,Contig,32.24,peptoanaerobacter,0
GCA_001553395.1,HMT-841,Megasphaera,lornae,,DNF00751,45,1729361,,Scaffold,46.11,megasphaera,0
GCA_009735755.1,HMT-841,Megasphaera,lornae,,M1-70,112,1774475,,Contig,46.33,megasphaera,0
GCA_946891365.1,HMT-841,Megasphaera,lornae,,ERR9538876_bin.6_metaWRAP_v1.3_MAG,15,1588748,yes,Contig,46.63,megasphaera,0
GCA_946892435.1,HMT-841,Megasphaera,lornae,,SRR12830927_bin.1_metaWRAP_v1.3_MAG,30,1739563,yes,Contig,46.03,megasphaera,0
GCA_946997615.1,HMT-841,Megasphaera,lornae,,SRR16916866_bin.5_metaWRAP_v1.3_MAG,14,1649515,yes,Contig,46.45,megasphaera,0
GCA_947039735.1,HMT-841,Megasphaera,lornae,,ERR4705195_bin.10_metaWRAP_v1.3_MAG,18,1589103,yes,Contig,46.59,megasphaera,0
GCA_947087535.1,HMT-841,Megasphaera,lornae,,SRR11749285_bin.1_metaWRAP_v1.3_MAG,16,1659626,yes,Contig,46.21,megasphaera,0
GCA_947254525.1,HMT-841,Megasphaera,lornae,,SRR17635500_bin.2_metaWRAP_v1.3_MAG,14,1742612,yes,Contig,45.99,megasphaera,0
GCA_000165735.1,HMT-122,Megasphaera,micronuciformis,,F0359,38,1765528,,Scaffold,45.44,megasphaera,0
GCA_015263935.1,HMT-122,Megasphaera,micronuciformis,,JCVI_43_bin.7,182,1557149,yes,Scaffold,45.66,megasphaera,0
GCA_015263965.1,HMT-122,Megasphaera,micronuciformis,,JCVI_40_bin.9,195,1535703,yes,Contig,45.73,megasphaera,0
GCA_015263995.1,HMT-122,Megasphaera,micronuciformis,,JCVI_38_bin.8,158,1613244,yes,Contig,45.73,megasphaera,0
GCA_015264035.1,HMT-122,Megasphaera,micronuciformis,,JCVI_32_bin.5,106,1515867,yes,Contig,45.8,megasphaera,0
GCA_015264065.1,HMT-122,Megasphaera,micronuciformis,,JCVI_23_bin.31,127,1617894,yes,Scaffold,45.62,megasphaera,0
GCA_018367555.1,HMT-122,Megasphaera,micronuciformis,,L3_098_220G1_dasL3_098_220G1_concoct_36,22,1654445,yes,Contig,45.41,megasphaera,0
GCA_018381695.1,HMT-122,Megasphaera,micronuciformis,,L2_021_251G1_dasL2_021_251G1_concoct_12,28,1707670,yes,Contig,45.49,megasphaera,0
GCA_902406345.1,HMT-122,Megasphaera,micronuciformis,,MGYG-HGUT-04289,14,1684653,,Contig,45.36,megasphaera,0
GCA_905194015.1,HMT-122,Megasphaera,micronuciformis,,ERR1190793-bin.22,36,1906698,yes,Contig,45.67,megasphaera,0
GCA_915063675.1,HMT-122,Megasphaera,micronuciformis,,SRR2037090_bin.21_metaWRAP_v1.1_MAG,63,1611607,yes,Contig,45.53,megasphaera,0
GCA_916715755.1,HMT-122,Megasphaera,micronuciformis,,SRR15235649_bin.18_metaWRAP_v1.1_MAG,94,1614537,yes,Contig,45.66,megasphaera,0
GCA_934190915.1,HMT-122,Megasphaera,micronuciformis,,REFINED_METABAT215_TOP10_CONTIGS_1500_ASSEMBLY_K77_MERGED__Hadza_MoBio_hadza-I-L_I_2_2614.25,12,1670054,yes,Contig,45.42,megasphaera,0
GCA_938028225.1,HMT-122,Megasphaera,micronuciformis,,ERR589623_bin.60_CONCOCT_v1.1_MAG,22,1691667,yes,Contig,45.44,megasphaera,0
GCA_959019185.1,HMT-122,Megasphaera,micronuciformis,,SRR13494483_bin.14_MetaWRAP_v1.3_MAG,9,1696494,yes,Contig,45.38,megasphaera,0
GCA_959021785.1,HMT-122,Megasphaera,micronuciformis,,ERR10149268_bin.3_MetaWRAP_v1.3_MAG,8,1726712,yes,Contig,45.28,megasphaera,0
GCA_000279145.1,HMT-983,Melioribacter,roseus,,P3M-2,1,3300414,,Complete Genome,41.33,melioribacter,0
GCA_000009625.1,HMT-659,Mesorhizobium,japonicum,,MAFF 303099,3,7596297,,Complete Genome,62.51,mesorhizobium,0
GCA_000504265.1,HMT-659,Mesorhizobium,japonicum,,R7A,1,6529530,,Scaffold,62.93,mesorhizobium,0
GCA_001671545.1,HMT-659,Mesorhizobium,japonicum,,R7ANS::ICEMcbSym1271,15,6508905,,Contig,62.94,mesorhizobium,0
GCA_009761735.1,HMT-659,Mesorhizobium,japonicum,,R7A,1,6529994,,Complete Genome,62.94,mesorhizobium,0
GCA_012913625.1,HMT-659,Mesorhizobium,japonicum,,R7A,1,6530403,,Complete Genome,62.94,mesorhizobium,0
GCA_012913645.1,HMT-659,Mesorhizobium,japonicum,,R7Astar,1,6530403,,Complete Genome,62.94,mesorhizobium,0
GCA_012972105.1,HMT-659,Mesorhizobium,japonicum,,R7AstarV2,1,6530396,,Complete Genome,62.94,mesorhizobium,0
GCA_012972145.1,HMT-659,Mesorhizobium,japonicum,,R7ANSstar,1,6028604,,Complete Genome,63.24,mesorhizobium,0
GCA_013367855.1,HMT-632,Metamycoplasma,hominis,,FBG,1,780024,,Complete Genome,26.99,metamycoplasma,0
GCA_013367975.1,HMT-632,Metamycoplasma,hominis,,SS25,1,672843,,Complete Genome,27.03,metamycoplasma,0
GCA_013368015.1,HMT-632,Metamycoplasma,hominis,,SP10291,1,750518,,Complete Genome,26.93,metamycoplasma,0
GCA_013368035.1,HMT-632,Metamycoplasma,hominis,,SP3615,1,715990,,Complete Genome,27.1,metamycoplasma,0
GCA_021460215.1,HMT-632,Metamycoplasma,hominis,,MIN-132,1,708710,,Complete Genome,27.22,metamycoplasma,0
GCA_000420105.1,HMT-704,Metamycoplasma,orale,,ATCC 23714,21,710549,,Contig,25.36,metamycoplasma,0
GCA_000485555.1,HMT-754,Metamycoplasma,salivarium,,ATCC 23064,17,713526,,Contig,26.44,metamycoplasma,0
GCA_021600285.1,HMT-754,Metamycoplasma,salivarium,,ATCC 14277,7,718941,,Contig,26.5,metamycoplasma,0
GCA_021600305.1,HMT-754,Metamycoplasma,salivarium,,ATCC 23557,6,718986,,Contig,26.49,metamycoplasma,0
GCA_021600325.1,HMT-754,Metamycoplasma,salivarium,,ATCC 33130,9,736914,,Contig,26.51,metamycoplasma,0
GCA_900660445.2,HMT-754,Metamycoplasma,salivarium,,NCTC10113,1,728347,,Complete Genome,26.42,metamycoplasma,0
GCA_000529525.1,HMT-815,Methanobrevibacter,oralis,,JMR01,14,2107831,,Scaffold,28.61,methanobrevibacter,0
GCA_001639275.1,HMT-815,Methanobrevibacter,oralis,,DSM 7256,136,2140433,,Contig,27.71,methanobrevibacter,0
GCA_900289035.1,HMT-815,Methanobrevibacter,oralis,,M2 CSUR P5920,106,2124480,,Scaffold,27.74,methanobrevibacter,0
GCA_902384065.1,HMT-815,Methanobrevibacter,oralis,,MGYG-HGUT-02162,60,2083511,,Contig,27.77,methanobrevibacter,0
GCA_912073625.1,HMT-815,Methanobrevibacter,oralis,,YH,14,1953936,,Contig,27.85,methanobrevibacter,0
GCA_000226315.1,HMT-330,Micavibrio,aeruginosavorus,,ARL-13,1,2481983,,Complete Genome,54.71,micavibrio,0
GCA_000348745.1,HMT-330,Micavibrio,aeruginosavorus,,EPB,1,2458610,,Complete Genome,54.96,micavibrio,0
GCA_001423805.1,HMT-185,Microbacterium,ginsengisoli,,Leaf347,34,2942136,,Contig,70.41,microbacterium,0
GCA_001725695.1,HMT-185,Microbacterium,ginsengisoli,,na,127,2638424,,Scaffold,70.65,microbacterium,0
GCA_001897265.1,HMT-185,Microbacterium,ginsengisoli,,71-23,55,3008215,,Scaffold,70.56,microbacterium,0
GCA_002694325.1,HMT-185,Microbacterium,ginsengisoli,,IN25,94,2931884,,Contig,70.21,microbacterium,0
GCA_005503465.1,HMT-185,Microbacterium,ginsengisoli,,4NA327F11,57,2979209,,Contig,70.19,microbacterium,0
GCA_017306455.1,HMT-185,Microbacterium,ginsengisoli,,SCN18_10_11_15_R2_B_70_295,18,2902864,,Scaffold,70.48,microbacterium,0
GCA_017306515.1,HMT-185,Microbacterium,ginsengisoli,,SCN18_26_2_15_R4_P_70_222,23,2953160,,Scaffold,70.19,microbacterium,0
GCA_937997015.1,HMT-185,Microbacterium,ginsengisoli,,SRR3901706_bin.73_CONCOCT_v1.1_MAG,41,2801048,yes,Contig,70.61,microbacterium,0
GCA_000411455.1,HMT-186,Microbacterium,sp. HMT-186,,F0373,7,3168064,,Scaffold,69.28,microbacterium,0
GCA_003634765.1,HMT-186,Microbacterium,sp. HMT-186,,AG790,14,3144229,,Scaffold,69.67,microbacterium,0
GCA_000023205.1,HMT-087,Micrococcus,luteus,,NCTC 2665,1,2501097,,Complete Genome,73.0,micrococcus,0
GCA_000180435.1,HMT-087,Micrococcus,luteus,,type strain: DSM 20030 = NCTC 2665,134,2320592,,Contig,73.01,micrococcus,0
GCA_006094415.1,HMT-087,Micrococcus,luteus,,ATCC 4698,1,2560556,,Complete Genome,73.07,micrococcus,0
GCA_007667915.1,HMT-087,Micrococcus,luteus,,DE0446,107,2575371,,Scaffold,72.61,micrococcus,0
GCA_007677545.1,HMT-087,Micrococcus,luteus,,DE0230,270,2746747,,Scaffold,72.55,micrococcus,0
GCA_008868275.1,HMT-087,Micrococcus,luteus,,ATCC 4698,299,2407404,,Contig,73.15,micrococcus,0
GCA_014138885.1,HMT-087,Micrococcus,luteus,,DSM 21948,2,2552467,,Contig,72.9,micrococcus,0
GCA_014874165.1,HMT-087,Micrococcus,luteus,,DSM 24531,2,2469491,,Contig,73.03,micrococcus,0
GCA_022664405.1,HMT-087,Micrococcus,luteus,,DSM 27472,64,2516961,,Scaffold,72.94,micrococcus,0
GCA_900475555.1,HMT-087,Micrococcus,luteus,,NCTC2665,1,2495693,,Complete Genome,73.0,micrococcus,0
GCA_000155955.1,HMT-684,Mitsuokella,multacida,,DSM 20544,6,2577056,,Scaffold,58.11,mitsuokella,0
GCA_003470225.1,HMT-684,Mitsuokella,multacida,,AM25-21AC,24,2505597,,Scaffold,58.24,mitsuokella,0
GCA_021531445.1,HMT-684,Mitsuokella,multacida,,An892,43,2357375,,Contig,58.41,mitsuokella,0
GCA_027665925.1,HMT-684,Mitsuokella,multacida,,AM81-05CM05A,67,2423285,,Scaffold,58.27,mitsuokella,0
GCA_027670005.1,HMT-684,Mitsuokella,multacida,,AM38-7BH,55,2323222,,Scaffold,58.51,mitsuokella,0
GCA_027670365.1,HMT-684,Mitsuokella,multacida,,AM32-5,88,2453376,,Scaffold,58.25,mitsuokella,0
GCA_027670565.1,HMT-684,Mitsuokella,multacida,,AM29-17AC,159,2414057,,Scaffold,58.26,mitsuokella,0
GCA_027671285.1,HMT-684,Mitsuokella,multacida,,AM25-2,136,2479331,,Scaffold,58.21,mitsuokella,0
GCA_902373875.1,HMT-684,Mitsuokella,multacida,,MGYG-HGUT-01316,6,2577056,,Scaffold,58.11,mitsuokella,0
GCA_934233785.1,HMT-684,Mitsuokella,multacida,,REFINED_METABAT215_TOP10_CONTIGS_1500_ASSEMBLY_K77_MERGED__Nepal_MoBio_Fiber-Hadza-Nepal_D_17_CHE100,16,2376554,yes,Contig,58.56,mitsuokella,0
GCA_000469545.1,HMT-131,Mitsuokella,sp. HMT-131,,W9106,25,2313357,,Scaffold,56.59,mitsuokella,0
GCA_905373255.1,HMT-131,Mitsuokella,sp. HMT-131,,SRR9217457-mag-bin.4,230,2128654,yes,Contig,56.11,mitsuokella,0
GCA_937922535.1,HMT-131,Mitsuokella,sp. HMT-131,,ERR589661_bin.72_CONCOCT_v1.1_MAG,84,2443777,yes,Contig,56.38,mitsuokella,0
GCA_000148485.2,HMT-830,Mobiluncus,mulieris,,FB024-16,46,2384880,,Contig,55.06,mobiluncus,0
GCA_000160615.1,HMT-830,Mobiluncus,mulieris,,ATCC 35243,15,2435166,,Scaffold,55.82,mobiluncus,0
GCA_000176775.1,HMT-830,Mobiluncus,mulieris,,28-1,55,2452380,,Contig,55.07,mobiluncus,0
GCA_002206485.2,HMT-830,Mobiluncus,mulieris,,FDAARGOS_303,5,2662734,,Contig,55.16,mobiluncus,0
GCA_012976625.1,HMT-830,Mobiluncus,mulieris,,13,42,2593700,,Contig,54.93,mobiluncus,0
GCA_014204735.1,HMT-830,Mobiluncus,mulieris,,DSM 2710,1,2481783,,Contig,55.02,mobiluncus,0
GCA_025698165.1,HMT-830,Mobiluncus,mulieris,,M17,52,2430094,,Scaffold,55.18,mobiluncus,0
GCA_900450465.1,HMT-830,Mobiluncus,mulieris,,NCTC11819,8,2510813,,Contig,55.0,mobiluncus,0
GCA_900453215.1,HMT-830,Mobiluncus,mulieris,,NCTC11658,12,2529093,,Contig,55.05,mobiluncus,0
GCA_900453275.1,HMT-830,Mobiluncus,mulieris,,NCTC11497,7,2661365,,Contig,54.92,mobiluncus,0
GCA_002998925.1,HMT-593,Mogibacterium,diversum,,CCUG 47132,1,1815831,,Complete Genome,40.96,mogibacterium,0
GCA_013333095.2,HMT-593,Mogibacterium,diversum,,T-C-M_MAG_00002,63,1570902,yes,Contig,41.18,mogibacterium,0
GCA_015263615.1,HMT-593,Mogibacterium,diversum,,JCVI_47_bin.23,94,1492257,yes,Contig,41.54,mogibacterium,0
GCA_015263645.1,HMT-593,Mogibacterium,diversum,,JCVI_8_bin.1,142,1524311,yes,Scaffold,41.48,mogibacterium,0
GCA_015263765.1,HMT-593,Mogibacterium,diversum,,JCVI_23_bin.10,81,1535808,yes,Scaffold,41.46,mogibacterium,0
GCA_015263815.1,HMT-593,Mogibacterium,diversum,,JCVI_12_bin.13,78,1626275,yes,Scaffold,41.04,mogibacterium,0
GCA_019417565.1,HMT-593,Mogibacterium,diversum,,HRGM_Genome_2975,68,1561857,,Scaffold,41.66,mogibacterium,0
GCA_023303005.1,HMT-593,Mogibacterium,diversum,,JCVI-JB-Md32,1,1770007,,Complete Genome,40.95,mogibacterium,0
GCA_030825185.1,HMT-593,Mogibacterium,diversum,,RAGGC_219,102,1546418,,Scaffold,41.61,mogibacterium,0
GCA_030644205.1,HMT-691,Mogibacterium,neglectum,,ATCC 700924,3,1747241,,Complete Genome,40.41,mogibacterium,0
GCA_002243385.1,HMT-742,Mogibacterium,pumilum,,ATCC 700696,1,1862768,,Chromosome,41.72,mogibacterium,0
GCA_000293155.1,HMT-042,Mogibacterium,timidum,,CM50,44,1888523,,Contig,44.18,mogibacterium,0
GCA_000525775.1,HMT-042,Mogibacterium,timidum,,ATCC 33093,30,1806210,,Contig,44.31,mogibacterium,0
GCA_013394805.1,HMT-042,Mogibacterium,timidum,,W9173,2,1859163,,Contig,44.21,mogibacterium,0
GCA_019416225.1,HMT-042,Mogibacterium,timidum,,HRGM_Genome_3781,21,1497968,,Contig,45.34,mogibacterium,0
GCA_905373865.1,HMT-042,Mogibacterium,timidum,,SRR9217490-mag-bin.8,21,1564676,yes,Contig,45.3,mogibacterium,0
GCA_938045515.1,HMT-042,Mogibacterium,timidum,,ERR589642_bin.35_CONCOCT_v1.1_MAG,68,1637933,yes,Contig,45.21,mogibacterium,0
GCA_000092265.1,HMT-833,Moraxella,catarrhalis,,BBH18,1,1863286,,Complete Genome,41.67,moraxella,0
GCA_000192905.2,HMT-833,Moraxella,catarrhalis,,7169,35,1903901,,Contig,41.65,moraxella,0
GCA_000193025.2,HMT-833,Moraxella,catarrhalis,,BC8,32,1912542,,Contig,41.56,moraxella,0
GCA_000193045.2,HMT-833,Moraxella,catarrhalis,,CO72,25,1947635,,Contig,41.4,moraxella,0
GCA_000193065.2,HMT-833,Moraxella,catarrhalis,,101P30B1,26,1866092,,Contig,41.65,moraxella,0
GCA_000302495.1,HMT-833,Moraxella,catarrhalis,,RH4,9,1836691,,Contig,41.64,moraxella,0
GCA_000740455.1,HMT-833,Moraxella,catarrhalis,,25240,1,1941566,,Complete Genome,41.49,moraxella,0
GCA_000766665.1,HMT-833,Moraxella,catarrhalis,,25239,1,1887974,,Complete Genome,41.6,moraxella,0
GCA_001632285.1,HMT-833,Moraxella,catarrhalis,,CCUG 353,18,1885013,,Scaffold,41.56,moraxella,0
GCA_001656095.1,HMT-833,Moraxella,catarrhalis,,F18,26,1953951,,Contig,41.74,moraxella,0
GCA_001656115.1,HMT-833,Moraxella,catarrhalis,,A9,24,1905073,,Contig,41.69,moraxella,0
GCA_001656255.1,HMT-833,Moraxella,catarrhalis,,Z18,30,1881225,,Contig,41.61,moraxella,0
GCA_001656455.1,HMT-833,Moraxella,catarrhalis,,N12,26,1889361,,Contig,41.61,moraxella,0
GCA_001656475.1,HMT-833,Moraxella,catarrhalis,,N1,22,1884914,,Contig,41.6,moraxella,0
GCA_001679075.1,HMT-833,Moraxella,catarrhalis,,CCUG 58286,13,1900421,,Scaffold,41.53,moraxella,0
GCA_001679105.1,HMT-833,Moraxella,catarrhalis,,CCUG 18283,24,1909123,,Scaffold,41.61,moraxella,0
GCA_001679345.1,HMT-833,Moraxella,catarrhalis,,CCUG 57283,10,1830335,,Scaffold,41.69,moraxella,0
GCA_001997265.1,HMT-833,Moraxella,catarrhalis,,CDPH_C53,20,1879987,,Contig,41.54,moraxella,0
GCA_002073215.2,HMT-833,Moraxella,catarrhalis,,FDAARGOS_213,1,1907985,,Complete Genome,41.59,moraxella,0
GCA_002080125.1,HMT-833,Moraxella,catarrhalis,,CCRI-195ME,2,1994386,,Complete Genome,41.56,moraxella,0
GCA_002984125.1,HMT-833,Moraxella,catarrhalis,,FDAARGOS_304,1,1941980,,Complete Genome,41.5,moraxella,0
GCA_003443915.1,HMT-833,Moraxella,catarrhalis,,MC1,1,1843517,,Chromosome,41.78,moraxella,0
GCA_003443935.1,HMT-833,Moraxella,catarrhalis,,MC5,1,1852323,,Chromosome,41.71,moraxella,0
GCA_003443955.1,HMT-833,Moraxella,catarrhalis,,MC6,1,1839052,,Chromosome,41.82,moraxella,0
GCA_003443975.1,HMT-833,Moraxella,catarrhalis,,MC8,1,1849375,,Chromosome,41.77,moraxella,0
GCA_003625535.1,HMT-833,Moraxella,catarrhalis,,COPD_M127,22,1913827,,Contig,41.43,moraxella,0
GCA_003625545.1,HMT-833,Moraxella,catarrhalis,,COPD_M118,21,1868250,,Contig,41.73,moraxella,0
GCA_003625605.1,HMT-833,Moraxella,catarrhalis,,COPD_M100,23,1969349,,Contig,41.43,moraxella,0
GCA_003625615.1,HMT-833,Moraxella,catarrhalis,,COPD_M97,21,1969852,,Contig,41.41,moraxella,0
GCA_003625665.1,HMT-833,Moraxella,catarrhalis,,COPD_M70,37,1932872,,Contig,41.48,moraxella,0
GCA_003625775.1,HMT-833,Moraxella,catarrhalis,,COPD_M19,26,1955970,,Contig,41.36,moraxella,0
GCA_003625785.1,HMT-833,Moraxella,catarrhalis,,COPD_M16,36,1904835,,Contig,41.51,moraxella,0
GCA_003625805.1,HMT-833,Moraxella,catarrhalis,,COPD_M10,29,1911462,,Contig,41.5,moraxella,0
GCA_003625895.1,HMT-833,Moraxella,catarrhalis,,COPD_M1,24,1844646,,Contig,41.64,moraxella,0
GCA_003625935.1,HMT-833,Moraxella,catarrhalis,,COPD_M130,26,1880933,,Contig,41.63,moraxella,0
GCA_003626005.1,HMT-833,Moraxella,catarrhalis,,COPD_M112,27,1967181,,Contig,41.48,moraxella,0
GCA_003626055.1,HMT-833,Moraxella,catarrhalis,,COPD_M106,24,1953139,,Contig,41.39,moraxella,0
GCA_003626105.1,HMT-833,Moraxella,catarrhalis,,COPD_M85,20,1857468,,Contig,41.55,moraxella,0
GCA_003626115.1,HMT-833,Moraxella,catarrhalis,,COPD_M88,36,1970293,,Contig,41.46,moraxella,0
GCA_003626155.1,HMT-833,Moraxella,catarrhalis,,COPD_M82,27,1954148,,Contig,41.36,moraxella,0
GCA_003626185.1,HMT-833,Moraxella,catarrhalis,,COPD_M76,20,1953749,,Contig,41.36,moraxella,0
GCA_003626215.1,HMT-833,Moraxella,catarrhalis,,COPD_M73,27,1953245,,Contig,41.36,moraxella,0
GCA_003626235.1,HMT-833,Moraxella,catarrhalis,,COPD_M67,37,1937011,,Contig,41.45,moraxella,0
GCA_003626305.1,HMT-833,Moraxella,catarrhalis,,COPD_M52,13,1830233,,Contig,41.65,moraxella,0
GCA_003626335.1,HMT-833,Moraxella,catarrhalis,,COPD_M49,20,1930767,,Contig,41.65,moraxella,0
GCA_003626355.1,HMT-833,Moraxella,catarrhalis,,COPD_M47,28,1883800,,Contig,41.63,moraxella,0
GCA_003626375.1,HMT-833,Moraxella,catarrhalis,,COPD_M46,33,1882190,,Contig,41.64,moraxella,0
GCA_003626415.1,HMT-833,Moraxella,catarrhalis,,COPD_M40,31,1883417,,Contig,41.63,moraxella,0
GCA_003971285.1,HMT-833,Moraxella,catarrhalis,,74P50B1,1,1832216,,Complete Genome,41.75,moraxella,0
GCA_003971305.1,HMT-833,Moraxella,catarrhalis,,142P87B1,1,1909077,,Complete Genome,41.6,moraxella,0
GCA_003971325.1,HMT-833,Moraxella,catarrhalis,,46P58B1,1,2045324,,Complete Genome,41.55,moraxella,0
GCA_003971345.1,HMT-833,Moraxella,catarrhalis,,74P58B1,1,1832141,,Complete Genome,41.75,moraxella,0
GCA_003971365.1,HMT-833,Moraxella,catarrhalis,,5P47B2,1,1933669,,Complete Genome,41.5,moraxella,0
GCA_003985305.1,HMT-833,Moraxella,catarrhalis,,173P27B1,27,1940208,,Contig,41.43,moraxella,0
GCA_003985315.1,HMT-833,Moraxella,catarrhalis,,5P54B2,2,1945525,,Contig,41.49,moraxella,0
GCA_003985335.1,HMT-833,Moraxella,catarrhalis,,173P31B1,18,1938288,,Contig,41.44,moraxella,0
GCA_009378035.1,HMT-833,Moraxella,catarrhalis,,T6,31,1925717,,Contig,41.58,moraxella,0
GCA_009378055.1,HMT-833,Moraxella,catarrhalis,,4737718Q,30,2105661,,Contig,41.29,moraxella,0
GCA_009378085.1,HMT-833,Moraxella,catarrhalis,,MC24,26,1876829,,Contig,41.57,moraxella,0
GCA_009378105.1,HMT-833,Moraxella,catarrhalis,,T12,30,1918394,,Contig,41.58,moraxella,0
GCA_009378215.1,HMT-833,Moraxella,catarrhalis,,BE4L,19,1866821,,Scaffold,41.64,moraxella,0
GCA_009378225.1,HMT-833,Moraxella,catarrhalis,,BBH18,25,1834438,,Contig,41.64,moraxella,0
GCA_009378245.1,HMT-833,Moraxella,catarrhalis,,A16,27,1865432,,Scaffold,41.66,moraxella,0
GCA_009378275.1,HMT-833,Moraxella,catarrhalis,,ATCC43617a,31,1908377,,Scaffold,41.67,moraxella,0
GCA_009378425.1,HMT-833,Moraxella,catarrhalis,,78/191/1,36,1974606,,Contig,41.37,moraxella,0
GCA_009378535.1,HMT-833,Moraxella,catarrhalis,,64/108/1,17,2006492,,Contig,41.31,moraxella,0
GCA_009378585.1,HMT-833,Moraxella,catarrhalis,,5550565E,27,1893317,,Contig,41.7,moraxella,0
GCA_009378595.1,HMT-833,Moraxella,catarrhalis,,5267783B,27,1993570,,Contig,41.42,moraxella,0
GCA_009378645.1,HMT-833,Moraxella,catarrhalis,,5021466N,25,1893992,,Contig,41.55,moraxella,0
GCA_009378685.1,HMT-833,Moraxella,catarrhalis,,5021467Y,24,1893322,,Contig,41.55,moraxella,0
GCA_009378725.1,HMT-833,Moraxella,catarrhalis,,5/131/1,31,1891472,,Scaffold,41.46,moraxella,0
GCA_009378755.1,HMT-833,Moraxella,catarrhalis,,5008863L,37,1894162,,Contig,41.64,moraxella,0
GCA_009378825.1,HMT-833,Moraxella,catarrhalis,,4789849F,35,1878510,,Scaffold,41.67,moraxella,0
GCA_009378835.1,HMT-833,Moraxella,catarrhalis,,41/539/1,36,1870485,,Scaffold,41.64,moraxella,0
GCA_009378895.1,HMT-833,Moraxella,catarrhalis,,39/355/1,26,1949682,,Contig,41.63,moraxella,0
GCA_009378915.1,HMT-833,Moraxella,catarrhalis,,3753746B,26,1990466,,Contig,41.49,moraxella,0
GCA_009378925.1,HMT-833,Moraxella,catarrhalis,,3481088Y,26,1969511,,Contig,41.39,moraxella,0
GCA_009379015.1,HMT-833,Moraxella,catarrhalis,,3331584D,30,1959709,,Scaffold,41.49,moraxella,0
GCA_009379145.1,HMT-833,Moraxella,catarrhalis,,23/41/1,31,1952307,,Scaffold,41.35,moraxella,0
GCA_009379155.1,HMT-833,Moraxella,catarrhalis,,2047127K,27,1851887,,Contig,41.72,moraxella,0
GCA_009379215.1,HMT-833,Moraxella,catarrhalis,,2046210Y,37,1937521,,Contig,41.44,moraxella,0
GCA_009379265.1,HMT-833,Moraxella,catarrhalis,,2023641W,28,1853097,,Contig,41.69,moraxella,0
GCA_009379305.1,HMT-833,Moraxella,catarrhalis,,2019228G,31,1850800,,Scaffold,41.6,moraxella,0
GCA_009379395.1,HMT-833,Moraxella,catarrhalis,,1583718S,29,1994652,,Contig,41.42,moraxella,0
GCA_009379425.1,HMT-833,Moraxella,catarrhalis,,129/464/4,25,1840934,,Contig,41.62,moraxella,0
GCA_009379475.1,HMT-833,Moraxella,catarrhalis,,113/391/3,24,1844379,,Contig,41.61,moraxella,0
GCA_009379515.1,HMT-833,Moraxella,catarrhalis,,1098655R,23,1896815,,Contig,41.66,moraxella,0
GCA_009379565.1,HMT-833,Moraxella,catarrhalis,,107/374/3,32,1920126,,Contig,41.43,moraxella,0
GCA_009379585.1,HMT-833,Moraxella,catarrhalis,,1034084Q,23,1871110,,Scaffold,41.56,moraxella,0
GCA_009379625.1,HMT-833,Moraxella,catarrhalis,,1028680K,20,1819933,,Contig,41.71,moraxella,0
GCA_009379655.1,HMT-833,Moraxella,catarrhalis,,102/402/3,37,1962029,,Contig,41.61,moraxella,0
GCA_009379685.1,HMT-833,Moraxella,catarrhalis,,1020848M,25,1929449,,Contig,41.56,moraxella,0
GCA_009379715.1,HMT-833,Moraxella,catarrhalis,,20236154,24,1869929,,Contig,41.54,moraxella,0
GCA_022341345.1,HMT-833,Moraxella,catarrhalis,,P17N,33,1936065,,Contig,41.41,moraxella,0
GCA_022341385.1,HMT-833,Moraxella,catarrhalis,,P12N,21,1826282,,Contig,41.7,moraxella,0
GCA_028583345.1,HMT-833,Moraxella,catarrhalis,,RSM43,11,1887239,,Contig,41.61,moraxella,0
GCA_028583365.1,HMT-833,Moraxella,catarrhalis,,MC14,12,1839813,,Contig,41.6,moraxella,0
GCA_028583385.1,HMT-833,Moraxella,catarrhalis,,RSM163,6,1890202,,Contig,41.43,moraxella,0
GCA_900453095.1,HMT-833,Moraxella,catarrhalis,,NCTC3622,8,2026608,,Contig,41.49,moraxella,0
GCA_900476075.1,HMT-833,Moraxella,catarrhalis,,NCTC11020,1,1907984,,Complete Genome,41.59,moraxella,0
GCA_002014765.1,HMT-154,Moraxella,lincolnii,,CCUG 9405,29,2076923,,Scaffold,42.73,moraxella,0
GCA_001679005.1,HMT-098,Moraxella,nonliquefaciens,,CCUG 348,37,2279879,,Scaffold,42.0,moraxella,0
GCA_001679125.1,HMT-098,Moraxella,nonliquefaciens,,CCUG 47514,45,2112543,,Scaffold,42.37,moraxella,0
GCA_001679155.1,HMT-098,Moraxella,nonliquefaciens,,CCUG 60284,43,2194559,,Scaffold,42.22,moraxella,0
GCA_016028775.1,HMT-098,Moraxella,nonliquefaciens,,FDAARGOS_869,2,2343743,,Complete Genome,41.99,moraxella,0
GCA_016127895.1,HMT-098,Moraxella,nonliquefaciens,,FDAARGOS_1006,2,2323347,,Complete Genome,42.03,moraxella,0
GCA_022346965.1,HMT-098,Moraxella,nonliquefaciens,,ACRPA,63,2230443,,Contig,42.6,moraxella,0
GCA_029991895.1,HMT-098,Moraxella,nonliquefaciens,,CCUG 73409,44,2214555,,Contig,42.54,moraxella,0
GCA_030015085.1,HMT-098,Moraxella,nonliquefaciens,,CCUG 73410,36,2180020,,Contig,42.46,moraxella,0
GCA_001553955.1,HMT-711,Moraxella,osloensis,,CCUG 350,5,2649137,,Complete Genome,43.54,moraxella,0
GCA_001679175.1,HMT-711,Moraxella,osloensis,,CCUG 350,76,2594948,,Scaffold,43.56,moraxella,0
GCA_016028755.1,HMT-711,Moraxella,osloensis,,FDAARGOS_870,1,2435828,,Complete Genome,43.85,moraxella,0
GCA_900453115.1,HMT-711,Moraxella,osloensis,,NCTC10465,6,2691416,,Contig,43.5,moraxella,0
GCA_030644385.1,HMT-097,Moryella,sp. HMT-097,,F0698,1,2151431,,Complete Genome,55.1,moryella,0
GCA_000026685.1,HMT-823,Mycobacterium,leprae,,na,1,3268071,,Complete Genome,57.8,mycobacterium,0
GCA_000195855.1,HMT-823,Mycobacterium,leprae,,TN,1,3268203,,Complete Genome,57.8,mycobacterium,0
GCA_001648835.1,HMT-823,Mycobacterium,leprae,,7935681,107,3266556,,Scaffold,57.78,mycobacterium,0
GCA_001653495.1,HMT-823,Mycobacterium,leprae,,3125609,107,3266420,,Scaffold,57.75,mycobacterium,0
GCA_003253775.1,HMT-823,Mycobacterium,leprae,,MRHRU-235-G,1,3187112,,Complete Genome,57.81,mycobacterium,0
GCA_003584725.1,HMT-823,Mycobacterium,leprae,,Kyoto-2,1,3268122,,Complete Genome,57.8,mycobacterium,0
GCA_000153685.2,HMT-822,Mycobacterium,tuberculosis,,Haarlem,1,4408224,,Complete Genome,65.63,mycobacterium,0
GCA_000195955.2,HMT-822,Mycobacterium,tuberculosis,,H37Rv,1,4411532,,Complete Genome,65.61,mycobacterium,0
GCA_000277735.2,HMT-822,Mycobacterium,tuberculosis,,H37Rv,1,4411709,,Complete Genome,65.62,mycobacterium,0
GCA_000364825.1,HMT-822,Mycobacterium,tuberculosis,,Beijing/NITR203,1,4411128,,Complete Genome,65.61,mycobacterium,0
GCA_000667805.1,HMT-822,Mycobacterium,tuberculosis,,H37Rv,7,4412618,,Scaffold,65.91,mycobacterium,0
GCA_000786505.1,HMT-822,Mycobacterium,tuberculosis,,49-02,1,4412379,,Complete Genome,65.61,mycobacterium,0
GCA_001275565.2,HMT-822,Mycobacterium,tuberculosis,,SCAID 187.0,1,4411829,,Complete Genome,65.6,mycobacterium,0
GCA_001895805.1,HMT-822,Mycobacterium,tuberculosis,,I0004000-1,1,4365724,,Complete Genome,65.61,mycobacterium,0
GCA_002886865.1,HMT-822,Mycobacterium,tuberculosis,,GG-186-10,1,4411478,,Complete Genome,65.61,mycobacterium,0
GCA_014899365.1,HMT-822,Mycobacterium,tuberculosis,,SEA14318P6C4,1,4426614,,Complete Genome,65.6,mycobacterium,0
GCA_000317305.3,HMT-692,Mycolicibacterium,neoaurum,,VKM Ac-1815D,1,5421267,,Complete Genome,66.89,mycolicibacterium,0
GCA_000691525.1,HMT-692,Mycolicibacterium,neoaurum,,ATCC 25795,42,5468381,,Contig,66.68,mycolicibacterium,0
GCA_000724065.1,HMT-692,Mycolicibacterium,neoaurum,,DSM 44074,10,5536033,,Scaffold,66.81,mycolicibacterium,0
GCA_001580405.1,HMT-692,Mycolicibacterium,neoaurum,,NRRL B-3805,1,5421338,,Complete Genome,66.89,mycolicibacterium,0
GCA_003367335.1,HMT-692,Mycolicibacterium,neoaurum,,HGMS2,1,5421383,,Complete Genome,66.88,mycolicibacterium,0
GCA_005670605.1,HMT-692,Mycolicibacterium,neoaurum,,DSM 44074,27,5477923,,Scaffold,66.68,mycolicibacterium,0
GCA_006715585.1,HMT-692,Mycolicibacterium,neoaurum,,NRRL B-3805,1,5366707,,Contig,67.0,mycolicibacterium,0
GCA_018363015.1,HMT-692,Mycolicibacterium,neoaurum,,MN2019,1,5756799,,Complete Genome,66.5,mycolicibacterium,0
GCA_027627515.1,HMT-692,Mycolicibacterium,neoaurum,,DSM 43536,1,5577310,,Chromosome,66.79,mycolicibacterium,0
GCA_027857015.1,HMT-692,Mycolicibacterium,neoaurum,,DSM 1381,1,5578016,,Chromosome,66.79,mycolicibacterium,0
GCA_000027325.1,HMT-616,Mycoplasmoides,genitalium,,G-37,1,580076,,Complete Genome,31.69,mycoplasmoides,0
GCA_000292405.1,HMT-616,Mycoplasmoides,genitalium,,M2321,1,579977,,Complete Genome,31.67,mycoplasmoides,0
GCA_000292445.1,HMT-616,Mycoplasmoides,genitalium,,M6282,1,579504,,Complete Genome,31.67,mycoplasmoides,0
GCA_000292485.1,HMT-616,Mycoplasmoides,genitalium,,M6320,1,579796,,Complete Genome,31.68,mycoplasmoides,0
GCA_000292505.1,HMT-616,Mycoplasmoides,genitalium,,M2288,1,579558,,Complete Genome,31.67,mycoplasmoides,0
GCA_000143945.1,HMT-732,Mycoplasmoides,pneumoniae,,FH,1,811088,,Complete Genome,40.0,mycoplasmoides,0
GCA_001272795.1,HMT-732,Mycoplasmoides,pneumoniae,,85084,1,816404,,Complete Genome,40.01,mycoplasmoides,0
GCA_001272835.1,HMT-732,Mycoplasmoides,pneumoniae,,FH,1,817207,,Complete Genome,39.98,mycoplasmoides,0
GCA_002090215.1,HMT-732,Mycoplasmoides,pneumoniae,,S63-tet-R,1,816435,,Complete Genome,40.01,mycoplasmoides,0
GCA_002127985.1,HMT-732,Mycoplasmoides,pneumoniae,,685,1,816292,,Complete Genome,40.0,mycoplasmoides,0
GCA_002128185.1,HMT-732,Mycoplasmoides,pneumoniae,,K27,1,817038,,Complete Genome,39.98,mycoplasmoides,0
GCA_009939745.1,HMT-732,Mycoplasmoides,pneumoniae,,16-734,1,818445,,Complete Genome,39.97,mycoplasmoides,0
GCA_009945165.1,HMT-732,Mycoplasmoides,pneumoniae,,11-129,1,816432,,Complete Genome,40.01,mycoplasmoides,0
GCA_009946845.1,HMT-732,Mycoplasmoides,pneumoniae,,10-1213,1,816521,,Complete Genome,40.01,mycoplasmoides,0
GCA_900660465.1,HMT-732,Mycoplasmoides,pneumoniae,,NCTC10119,2,823017,,Complete Genome,39.94,mycoplasmoides,0
GCA_000148625.1,HMT-607,Mycoplasmopsis,fermentans,,JER,1,977524,,Complete Genome,26.95,mycoplasmopsis,0
GCA_000186005.1,HMT-607,Mycoplasmopsis,fermentans,,M64,1,1118751,,Complete Genome,26.86,mycoplasmopsis,0
GCA_000209735.1,HMT-607,Mycoplasmopsis,fermentans,,PG18,1,1004014,,Chromosome,27.02,mycoplasmopsis,0
GCA_003704055.1,HMT-607,Mycoplasmopsis,fermentans,,MF-I1,48,928572,,Contig,26.86,mycoplasmopsis,0
GCA_003704075.1,HMT-607,Mycoplasmopsis,fermentans,,MF-I2,46,921097,,Contig,26.9,mycoplasmopsis,0
GCA_004151455.1,HMT-870,Nanogingivalis,gingivitcus,,TM7_CMJM_G6_1_HOT_870,17,625762,,Contig,32.34,nanogingivalis,0
GCA_015257785.3,HMT-399,Nanogingivalis,sp. HMT-399,,JCVI_28_bin.11,1,691584,yes,Complete Genome,36.44,nanogingivalis,0
GCA_015257795.3,HMT-399,Nanogingivalis,sp. HMT-399,,JCVI_27_bin.3,1,663355,yes,Complete Genome,36.41,nanogingivalis,0
GCA_015257815.1,HMT-399,Nanogingivalis,sp. HMT-399,,.JCVI_1_bin.12,48,640359,yes,Scaffold,36.32,nanogingivalis,0
GCA_015256915.3,HMT-400,Nanogingivalis,sp. HMT-400,,JCVI_32_bin.49,1,637739,yes,Complete Genome,35.36,nanogingivalis,0
GCA_013333405.2,HMT-401,Nanogingivalis,sp. HMT-401,,T-A-F_MAG_00016,74,607771,yes,Contig,35.8,nanogingivalis,0
GCA_004138445.1,HMT-356,Nanoperiomorbus,periodonticus,,TM7_ EAM_G5_2_HOT_356,24,730081,,Contig,50.46,nanoperiomorbus,0
GCA_004138455.1,HMT-356,Nanoperiomorbus,periodonticus,,TM7_ EAM_G5_1_HOT_356,35,740889,,Contig,50.8,nanoperiomorbus,0
GCA_013333515.2,HMT-356,Nanoperiomorbus,periodonticus,,P-C-M_MAG_00010,53,808514,yes,Contig,50.54,nanoperiomorbus,0
GCA_005697565.1,HMT-957,Nanosynbacter,featherlites,,BB001,1,782344,,Complete Genome,47.96,nanosynbacter,0
GCA_005697215.1,HMT-488,Nanosynbacter,fur,,AC001,1,889964,,Complete Genome,50.58,nanosynbacter,0
GCA_010202115.1,HMT-488,Nanosynbacter,fur,,FS15P,1,931438,,Complete Genome,50.78,nanosynbacter,0
GCA_010202465.1,HMT-488,Nanosynbacter,fur,,FS13P,1,831234,,Complete Genome,50.94,nanosynbacter,0
GCA_010202645.1,HMT-488,Nanosynbacter,fur,,FS07P,1,848784,,Complete Genome,50.79,nanosynbacter,0
GCA_010202845.1,HMT-488,Nanosynbacter,fur,,FS05P-B,1,853179,,Complete Genome,50.74,nanosynbacter,0
GCA_013098515.1,HMT-488,Nanosynbacter,fur,,CM010,1,839600,,Complete Genome,50.76,nanosynbacter,0
GCA_013099015.1,HMT-488,Nanosynbacter,fur,,CM002,1,877855,,Complete Genome,50.74,nanosynbacter,0
GCA_013099195.1,HMT-488,Nanosynbacter,fur,,CM001,1,856991,,Complete Genome,50.66,nanosynbacter,0
GCA_013100805.1,HMT-488,Nanosynbacter,fur,,FS03P,1,858111,,Complete Genome,50.67,nanosynbacter,0
GCA_013100825.1,HMT-488,Nanosynbacter,fur,,CM006,1,893660,,Complete Genome,50.43,nanosynbacter,0
GCA_013100845.1,HMT-488,Nanosynbacter,fur,,AC002,1,847999,,Complete Genome,50.81,nanosynbacter,0
GCA_013333695.2,HMT-488,Nanosynbacter,fur,,P-B-F_MAG_00030,31,759152,yes,Contig,51.13,nanosynbacter,0
GCA_013394755.1,HMT-488,Nanosynbacter,fur,,HB001,1,847999,,Complete Genome,50.81,nanosynbacter,0
GCA_030253515.1,HMT-488,Nanosynbacter,fur,,ML1,1,823929,,Complete Genome,51.04,nanosynbacter,0
GCA_000803625.1,HMT-952,Nanosynbacter,lyticus,,TM7x,1,705138,,Complete Genome,44.45,nanosynbacter,0
GCA_005697395.1,HMT-952,Nanosynbacter,lyticus,,TM7x,1,705178,,Complete Genome,44.45,nanosynbacter,0
GCA_007845265.1,HMT-352,Nanosynbacter,sp. HMT-352,,TM7_HOT_352-SAG8,28,703325,,Contig,43.34,nanosynbacter,0
GCA_015257495.1,HMT-352,Nanosynbacter,sp. HMT-352,,JCVI_1_bin.14,15,727057,yes,Scaffold,43.29,nanosynbacter,0
GCA_020912025.1,HMT-352,Nanosynbacter,sp. HMT-352,,OHS0013,39,760861,,Contig,43.15,nanosynbacter,0
GCA_021222645.1,HMT-352,Nanosynbacter,sp. HMT-352,,KC1,1,677938,,Complete Genome,42.87,nanosynbacter,0
GCA_022819345.1,HMT-352,Nanosynbacter,sp. HMT-352,,TM7-037,1,718383,,Chromosome,43.25,nanosynbacter,0
GCA_022819365.1,HMT-352,Nanosynbacter,sp. HMT-352,,TM7-072,1,733310,,Chromosome,43.31,nanosynbacter,0
GCA_022819385.1,HMT-352,Nanosynbacter,sp. HMT-352,,TM7-001,1,771907,,Chromosome,43.26,nanosynbacter,0
GCA_022828245.1,HMT-352,Nanosynbacter,sp. HMT-352,,TM7-008,2,725580,,Contig,43.18,nanosynbacter,0
GCA_022828255.1,HMT-352,Nanosynbacter,sp. HMT-352,,TM7-075,2,730938,,Contig,43.16,nanosynbacter,0
GCA_022828285.1,HMT-352,Nanosynbacter,sp. HMT-352,,TM7-033,3,718486,,Contig,43.24,nanosynbacter,0
GCA_022828295.1,HMT-352,Nanosynbacter,sp. HMT-352,,TM7-057,6,758480,,Contig,43.25,nanosynbacter,0
GCA_022828325.1,HMT-352,Nanosynbacter,sp. HMT-352,,TM7-076,4,756098,,Contig,43.22,nanosynbacter,0
GCA_022828365.1,HMT-352,Nanosynbacter,sp. HMT-352,,TM7-087,3,741912,,Contig,43.39,nanosynbacter,0
GCA_022828375.1,HMT-352,Nanosynbacter,sp. HMT-352,,TM7-053,2,755984,,Contig,43.2,nanosynbacter,0
GCA_007845255.1,HMT-353,Nanosynbacter,sp. HMT-353,,TM7_HOT_353-SAG1,65,628606,,Scaffold,46.35,nanosynbacter,0
GCA_004138395.1,HMT-367,Nanosyncoccus,alces,,TM7_G3_2_Rum_HOT_351B,6,726940,,Contig,43.27,nanosyncoccus,0
GCA_004138405.1,HMT-371,Nanosyncoccus,nanoralicus,,TM7_KMM_G3_1_HOT_351,29,563736,,Scaffold,40.6,nanosyncoccus,0
GCA_015257395.1,HMT-371,Nanosyncoccus,nanoralicus,,JCVI_5_bin.8,58,848618,yes,Scaffold,39.97,nanosyncoccus,0
GCA_007845165.1,HMT-351,Nanosyncoccus,sp. HMT-351,,TM7_HOT_351-SAG3,53,620127,,Contig,41.14,nanosyncoccus,0
GCA_013332955.2,HMT-351,Nanosyncoccus,sp. HMT-351,,T-D-F_MAG_00010,53,725630,yes,Contig,41.09,nanosyncoccus,0
GCA_013333135.2,HMT-351,Nanosyncoccus,sp. HMT-351,,T-B-M_MAG_00012,35,738377,yes,Contig,40.9,nanosyncoccus,0
GCA_015257445.1,HMT-351,Nanosyncoccus,sp. HMT-351,,JCVI_47_bin.30,185,714681,yes,Contig,41.04,nanosyncoccus,0
GCA_015257455.1,HMT-351,Nanosyncoccus,sp. HMT-351,,JCVI_44_bin.1,35,721923,yes,Scaffold,41.17,nanosyncoccus,0
GCA_015257485.1,HMT-351,Nanosyncoccus,sp. HMT-351,,JCVI_32_bin.36,32,667180,yes,Contig,41.36,nanosyncoccus,0
GCA_007845135.1,HMT-364,Nanosyncoccus,sp. HMT-364,,TM7_HOT_351-SAG4,58,622110,,Contig,41.68,nanosyncoccus,0
GCA_013332965.2,HMT-364,Nanosyncoccus,sp. HMT-364,,T-D-F_MAG_00008,56,758611,yes,Contig,41.43,nanosyncoccus,0
GCA_013333155.2,HMT-364,Nanosyncoccus,sp. HMT-364,,T-C-F_MAG_00008,37,826344,yes,Contig,41.28,nanosyncoccus,0
GCA_013333205.2,HMT-364,Nanosyncoccus,sp. HMT-364,,T-B-M_MAG_00011,72,737067,yes,Contig,41.35,nanosyncoccus,0
GCA_013333375.2,HMT-364,Nanosyncoccus,sp. HMT-364,,T-A-F_MAG_00015,53,635716,yes,Contig,41.2,nanosyncoccus,0
GCA_013333415.2,HMT-364,Nanosyncoccus,sp. HMT-364,,T-A-F_MAG_00011,31,778783,yes,Contig,41.32,nanosyncoccus,0
GCA_015257505.1,HMT-364,Nanosyncoccus,sp. HMT-364,,JCVI_1_bin.4,26,776077,yes,Scaffold,41.29,nanosyncoccus,0
GCA_000194925.1,HMT-013,Neisseria,bacilliformis,,ATCC BAA-1200,13,2470575,,Scaffold,60.17,neisseria,0
GCA_001063965.1,HMT-013,Neisseria,bacilliformis,,203_NMEN,72,2400000,,Scaffold,59.25,neisseria,0
GCA_001067635.1,HMT-013,Neisseria,bacilliformis,,914_NLAC,174,2360941,,Contig,59.78,neisseria,0
GCA_014055025.1,HMT-013,Neisseria,bacilliformis,,DSM 23338,1,2492712,,Complete Genome,59.44,neisseria,0
GCA_937890425.1,HMT-013,Neisseria,bacilliformis,,SRR1952572_bin.59_CONCOCT_v1.1_MAG,216,2197701,yes,Contig,59.52,neisseria,0
GCA_000173895.1,HMT-956,Neisseria,cinerea,,ATCC 14685,35,1872773,,Contig,50.81,neisseria,0
GCA_003044675.1,HMT-956,Neisseria,cinerea,,C2012028592,11,1901573,,Contig,50.49,neisseria,0
GCA_003044745.1,HMT-956,Neisseria,cinerea,,C2013024221,16,1865434,,Contig,50.97,neisseria,0
GCA_003044825.1,HMT-956,Neisseria,cinerea,,C2014013859,13,1876226,,Contig,50.7,neisseria,0
GCA_003044855.1,HMT-956,Neisseria,cinerea,,C2014019557,11,1922289,,Contig,50.76,neisseria,0
GCA_014596375.1,HMT-956,Neisseria,cinerea,,RH3002v2f,26,1953373,,Contig,50.61,neisseria,0
GCA_016028715.1,HMT-956,Neisseria,cinerea,,FDAARGOS_871,1,1832901,,Complete Genome,50.9,neisseria,0
GCA_021025975.1,HMT-956,Neisseria,cinerea,,CCUG 2156,29,1861283,,Scaffold,50.78,neisseria,0
GCA_900475315.1,HMT-956,Neisseria,cinerea,,NCTC10294,1,1832904,,Complete Genome,50.9,neisseria,0
GCA_963394825.1,HMT-956,Neisseria,cinerea,,CCUG 27178 A,42,1815848,,Contig,50.72,neisseria,0
GCA_963394925.1,HMT-956,Neisseria,cinerea,,type strain: CCUG 346,57,2002810,,Contig,50.41,neisseria,0
GCA_963394945.1,HMT-956,Neisseria,cinerea,,CCUG 25879,32,1914781,,Contig,50.99,neisseria,0
GCA_963395045.1,HMT-956,Neisseria,cinerea,,CCUG 28662,26,1789067,,Contig,50.88,neisseria,0
GCA_000176755.2,HMT-598,Neisseria,elongata,,ATCC 29315,153,2275949,,Contig,54.02,neisseria,0
GCA_000818035.1,HMT-598,Neisseria,elongata,,ATCC 29315,1,2256647,,Complete Genome,54.26,neisseria,0
GCA_001061435.1,HMT-598,Neisseria,elongata,,1279_NMEN,114,2365781,,Contig,54.23,neisseria,0
GCA_001064875.1,HMT-598,Neisseria,elongata,,404_NMEN,78,2404281,,Scaffold,53.83,neisseria,0
GCA_001064935.1,HMT-598,Neisseria,elongata,,431_NMEN,77,2398408,,Scaffold,53.84,neisseria,0
GCA_001807735.1,HMT-598,Neisseria,elongata,,HMSC31F04,87,2257660,,Scaffold,54.23,neisseria,0
GCA_003044605.1,HMT-598,Neisseria,elongata,,C2010010207,48,2489623,,Contig,53.86,neisseria,0
GCA_003044625.1,HMT-598,Neisseria,elongata,,C2011003085,31,2320322,,Contig,54.16,neisseria,0
GCA_003044725.1,HMT-598,Neisseria,elongata,,C2013018262,35,2469171,,Contig,54.1,neisseria,0
GCA_003044785.1,HMT-598,Neisseria,elongata,,C2014003241,35,2399453,,Contig,54.02,neisseria,0
GCA_003044985.1,HMT-598,Neisseria,elongata,,C2013010062,53,2509681,,Contig,53.45,neisseria,0
GCA_003351545.1,HMT-598,Neisseria,elongata,,M15911,1,2397276,,Complete Genome,53.86,neisseria,0
GCA_003351685.1,HMT-598,Neisseria,elongata,,M15910,1,2534634,,Complete Genome,53.91,neisseria,0
GCA_016900855.1,HMT-598,Neisseria,elongata,,AR-0945,94,2586963,,Scaffold,53.79,neisseria,0
GCA_900113545.1,HMT-598,Neisseria,elongata,,ATCC 25295,23,2360727,,Scaffold,53.87,neisseria,0
GCA_900453895.1,HMT-598,Neisseria,elongata,,NCTC10660,2,2406516,,Contig,53.85,neisseria,0
GCA_900475815.1,HMT-598,Neisseria,elongata,,NCTC11050,1,2249415,,Complete Genome,54.28,neisseria,0
GCA_905371655.1,HMT-598,Neisseria,elongata,,SRR9217389-mag-bin.9,137,2044086,yes,Contig,54.63,neisseria,0
GCA_915066195.1,HMT-598,Neisseria,elongata,,SRR1045097_bin.5_metaWRAP_v1.1_MAG,243,2156470,yes,Contig,54.43,neisseria,0
GCA_938046305.1,HMT-598,Neisseria,elongata,,ERR589473_bin.60_CONCOCT_v1.1_MAG,62,2390250,yes,Contig,54.13,neisseria,0
GCA_001812225.1,HMT-609,Neisseria,flava,,HMSC072F04,128,2419950,,Scaffold,51.33,neisseria,0
GCA_002863285.1,HMT-609,Neisseria,flava,,UMB0321,47,2466093,,Scaffold,51.16,neisseria,0
GCA_003044345.1,HMT-609,Neisseria,flava,,C2006001571,123,2587278,,Contig,51.29,neisseria,0
GCA_015263535.1,HMT-609,Neisseria,flava,,JCVI_32_bin.62,198,2189526,yes,Scaffold,51.2,neisseria,0
GCA_017753665.1,HMT-609,Neisseria,flava,,NS20201025,1,2566407,,Complete Genome,51.06,neisseria,0
GCA_019815155.1,HMT-609,Neisseria,flava,,MA1-1,77,2485932,,Contig,51.16,neisseria,0
GCA_916438715.1,HMT-609,Neisseria,flava,,DRR214962_bin.25_metaWRAP_v1.1_MAG,1,2595480,yes,Contig,50.97,neisseria,0
GCA_937975755.1,HMT-609,Neisseria,flava,,ERR589646_bin.92_CONCOCT_v1.1_MAG,138,2431739,yes,Contig,51.01,neisseria,0
GCA_000173935.1,HMT-610,Neisseria,flavescens,,NRL30031/H210,117,2205588,,Contig,49.2,neisseria,0
GCA_001618015.1,HMT-610,Neisseria,flavescens,,CD-NF1,38,2253927,,Contig,49.29,neisseria,0
GCA_001618065.1,HMT-610,Neisseria,flavescens,,CD-NF2,73,2345024,,Contig,48.75,neisseria,0
GCA_001618075.1,HMT-610,Neisseria,flavescens,,CD-NF3,37,2333017,,Contig,48.83,neisseria,0
GCA_001618085.1,HMT-610,Neisseria,flavescens,,CNF,67,2316621,,Contig,48.9,neisseria,0
GCA_001810105.1,HMT-610,Neisseria,flavescens,,HMSC068C04,122,2328971,,Scaffold,48.76,neisseria,0
GCA_001837185.1,HMT-610,Neisseria,flavescens,,HMSC064D07,71,2259121,,Scaffold,49.06,neisseria,0
GCA_005221285.1,HMT-610,Neisseria,flavescens,,ATCC 13120,1,2231882,,Complete Genome,49.05,neisseria,0
GCA_014596365.2,HMT-610,Neisseria,flavescens,,KH1003-01,4,2376255,,Contig,48.99,neisseria,0
GCA_023635085.1,HMT-610,Neisseria,flavescens,,SG0010,5,2420185,,Contig,48.74,neisseria,0
GCA_024205725.1,HMT-610,Neisseria,flavescens,,TT0073,1,2409157,,Complete Genome,49.04,neisseria,0
GCA_024205745.1,HMT-610,Neisseria,flavescens,,HP0015,1,2213981,,Complete Genome,49.03,neisseria,0
GCA_024205785.1,HMT-610,Neisseria,flavescens,,HP0069,1,2277784,,Complete Genome,48.97,neisseria,0
GCA_900453805.1,HMT-610,Neisseria,flavescens,,NCTC8263,4,2291788,,Contig,49.05,neisseria,0
GCA_900453905.1,HMT-610,Neisseria,flavescens,,NCTC9388,39,2283263,,Contig,49.03,neisseria,0
GCA_900454015.1,HMT-610,Neisseria,flavescens,,NCTC9390,10,2284162,,Contig,49.01,neisseria,0
GCA_901873995.1,HMT-610,Neisseria,flavescens,,Neisseria_subflava_BgEED22,76,2211994,,Contig,49.3,neisseria,0
GCA_905205105.1,HMT-610,Neisseria,flavescens,,SRR7721899-bin.5,64,2265075,yes,Contig,48.82,neisseria,0
GCA_905369895.1,HMT-610,Neisseria,flavescens,,DRR046069-mag-bin.2,134,2197657,yes,Contig,48.98,neisseria,0
GCA_916709915.1,HMT-610,Neisseria,flavescens,,SRR15235657_bin.2_metaWRAP_v1.1_MAG,50,2197236,yes,Contig,48.84,neisseria,0
GCA_934216815.1,HMT-610,Neisseria,flavescens,,REFINED_METABAT215_TOP10_CONTIGS_1500_ASSEMBLY_K77_MERGED__Nepal_MoBio_Fiber-Hadza-Nepal_H_9_THA1076,28,2148174,yes,Contig,49.02,neisseria,0
GCA_963394955.1,HMT-610,Neisseria,flavescens,,CCUG 17913,104,2213989,,Contig,49.15,neisseria,0
GCA_963394965.1,HMT-610,Neisseria,flavescens,,CCUG 806,112,2215124,,Contig,49.16,neisseria,0
GCA_001047275.1,HMT-621,Neisseria,gonorrhoeae,,35/02,1,2173235,,Complete Genome,52.6,neisseria,0
GCA_003315235.1,HMT-621,Neisseria,gonorrhoeae,,DSM 9188,72,2142774,,Scaffold,52.44,neisseria,0
GCA_004332555.2,HMT-621,Neisseria,gonorrhoeae,,TFG-B2,2,2224611,,Complete Genome,52.41,neisseria,0
GCA_016802425.1,HMT-621,Neisseria,gonorrhoeae,,SRRSH204,3,2260630,,Complete Genome,52.35,neisseria,0
GCA_021193625.2,HMT-621,Neisseria,gonorrhoeae,,10574,2,2218166,,Complete Genome,52.43,neisseria,0
GCA_025170155.2,HMT-621,Neisseria,gonorrhoeae,,10720,2,2224044,,Complete Genome,52.42,neisseria,0
GCA_025170665.2,HMT-621,Neisseria,gonorrhoeae,,10612,2,2225204,,Complete Genome,52.44,neisseria,0
GCA_030644965.1,HMT-621,Neisseria,gonorrhoeae,,NJ1914215,1,2216433,,Complete Genome,52.41,neisseria,0
GCA_900087685.2,HMT-621,Neisseria,gonorrhoeae,,WHO_Y,2,2233133,,Complete Genome,52.35,neisseria,0
GCA_900186935.1,HMT-621,Neisseria,gonorrhoeae,,NCTC13799,1,2172222,,Complete Genome,52.56,neisseria,0
GCA_000173995.1,HMT-649,Neisseria,lactamica,,ATCC 23970,101,2171992,,Contig,52.22,neisseria,0
GCA_000180595.1,HMT-649,Neisseria,lactamica,,Y92-1009,44,2023964,,Contig,52.39,neisseria,0
GCA_000193795.2,HMT-649,Neisseria,lactamica,,NS19,132,2138393,,Contig,52.29,neisseria,0
GCA_000196295.1,HMT-649,Neisseria,lactamica,,020-06,1,2220606,,Complete Genome,52.28,neisseria,0
GCA_000741965.1,HMT-649,Neisseria,lactamica,,ATCC 23970,1,2182033,,Scaffold,52.18,neisseria,0
GCA_002022745.1,HMT-649,Neisseria,lactamica,,Y92-1009,1,2146723,,Complete Genome,52.34,neisseria,0
GCA_002318615.1,HMT-649,Neisseria,lactamica,,NlUS07x1,60,2123177,,Contig,52.32,neisseria,0
GCA_003351565.1,HMT-649,Neisseria,lactamica,,M17106,1,2200224,,Complete Genome,52.63,neisseria,0
GCA_003492145.1,HMT-649,Neisseria,lactamica,,M37142,36,2240538,,Contig,51.99,neisseria,0
GCA_003492155.1,HMT-649,Neisseria,lactamica,,M37110,34,2260405,,Contig,52.21,neisseria,0
GCA_003492195.1,HMT-649,Neisseria,lactamica,,M37058,40,2153695,,Contig,52.28,neisseria,0
GCA_003492345.1,HMT-649,Neisseria,lactamica,,M37073,20,2227184,,Contig,52.31,neisseria,0
GCA_003492385.1,HMT-649,Neisseria,lactamica,,M37155,33,2189734,,Contig,52.26,neisseria,0
GCA_003492425.1,HMT-649,Neisseria,lactamica,,M37130,50,2303282,,Contig,52.13,neisseria,0
GCA_003492465.1,HMT-649,Neisseria,lactamica,,M37094,31,2202297,,Contig,52.28,neisseria,0
GCA_003492555.1,HMT-649,Neisseria,lactamica,,M37157,33,2213525,,Contig,52.3,neisseria,0
GCA_003492625.1,HMT-649,Neisseria,lactamica,,M37137,34,2272111,,Contig,52.1,neisseria,0
GCA_003492765.1,HMT-649,Neisseria,lactamica,,M37078,45,2177704,,Contig,52.19,neisseria,0
GCA_003492775.1,HMT-649,Neisseria,lactamica,,M37136,27,2226877,,Contig,52.25,neisseria,0
GCA_003492845.1,HMT-649,Neisseria,lactamica,,M37131,31,2138875,,Contig,52.31,neisseria,0
GCA_003492865.1,HMT-649,Neisseria,lactamica,,M37101,48,2192826,,Contig,52.0,neisseria,0
GCA_003492955.1,HMT-649,Neisseria,lactamica,,M37119,33,2185479,,Contig,52.09,neisseria,0
GCA_003493045.1,HMT-649,Neisseria,lactamica,,M37107,49,2172334,,Contig,52.33,neisseria,0
GCA_003493185.1,HMT-649,Neisseria,lactamica,,M37132,17,2168597,,Contig,52.26,neisseria,0
GCA_003493215.1,HMT-649,Neisseria,lactamica,,M37079,46,2198057,,Contig,52.41,neisseria,0
GCA_003493855.1,HMT-649,Neisseria,lactamica,,M37146,37,2174338,,Contig,52.1,neisseria,0
GCA_003495405.1,HMT-649,Neisseria,lactamica,,M37179,43,2194397,,Contig,52.29,neisseria,0
GCA_003495565.1,HMT-649,Neisseria,lactamica,,M37177,19,2128602,,Contig,52.37,neisseria,0
GCA_003495575.1,HMT-649,Neisseria,lactamica,,M37164,40,2137233,,Contig,52.21,neisseria,0
GCA_003495835.1,HMT-649,Neisseria,lactamica,,M37163,26,2224996,,Contig,52.28,neisseria,0
GCA_003496195.1,HMT-649,Neisseria,lactamica,,M37167,42,2160444,,Contig,52.25,neisseria,0
GCA_003496425.1,HMT-649,Neisseria,lactamica,,M37140,19,2194463,,Contig,52.41,neisseria,0
GCA_003496485.1,HMT-649,Neisseria,lactamica,,M37084,33,2173500,,Contig,52.32,neisseria,0
GCA_003496665.1,HMT-649,Neisseria,lactamica,,M17105,71,2182710,,Contig,52.28,neisseria,0
GCA_900454095.1,HMT-649,Neisseria,lactamica,,NCTC10618,2,2106061,,Contig,52.44,neisseria,0
GCA_900454145.1,HMT-649,Neisseria,lactamica,,NCTC10616,3,2185892,,Contig,52.32,neisseria,0
GCA_901482445.1,HMT-649,Neisseria,lactamica,,NCTC10617,1,2198889,,Complete Genome,52.12,neisseria,0
GCA_963394815.1,HMT-649,Neisseria,lactamica,,8206,120,2162688,,Contig,52.36,neisseria,0
GCA_963394845.1,HMT-649,Neisseria,lactamica,,09002S1,124,2179828,,Contig,52.36,neisseria,0
GCA_963394895.1,HMT-649,Neisseria,lactamica,,014-24,129,2215879,,Contig,52.22,neisseria,0
GCA_963395025.1,HMT-649,Neisseria,lactamica,,030-24,100,2151514,,Contig,52.29,neisseria,0
GCA_000220865.1,HMT-099,Neisseria,macacae,,ATCC 33926,66,2748368,,Scaffold,52.37,neisseria,0
GCA_022749495.1,HMT-099,Neisseria,macacae,,ATCC 33926,1,2801968,,Complete Genome,51.1,neisseria,0
GCA_902374455.1,HMT-099,Neisseria,macacae,,MGYG-HGUT-01381,66,2748368,,Scaffold,52.37,neisseria,0
GCA_963394935.1,HMT-099,Neisseria,macacae,,CCUG 41451,146,2730464,,Contig,51.1,neisseria,0
GCA_000008805.1,HMT-669,Neisseria,meningitidis,,MC58,1,2272360,,Complete Genome,51.53,neisseria,0
GCA_000009105.1,HMT-669,Neisseria,meningitidis,,Z2491,1,2184406,,Complete Genome,51.81,neisseria,0
GCA_000014105.1,HMT-669,Neisseria,meningitidis,,53442,1,2153416,,Complete Genome,51.7,neisseria,0
GCA_000026965.1,HMT-669,Neisseria,meningitidis,,8013,1,2277550,,Complete Genome,51.43,neisseria,0
GCA_000083565.1,HMT-669,Neisseria,meningitidis,,alpha14,1,2145295,,Complete Genome,51.95,neisseria,0
GCA_000191425.1,HMT-669,Neisseria,meningitidis,,G2136,1,2184862,,Complete Genome,51.68,neisseria,0
GCA_000191465.1,HMT-669,Neisseria,meningitidis,,M01-240149,1,2223518,,Complete Genome,51.44,neisseria,0
GCA_000191485.1,HMT-669,Neisseria,meningitidis,,M01-240355,1,2287777,,Complete Genome,51.5,neisseria,0
GCA_000191505.1,HMT-669,Neisseria,meningitidis,,M04-240196,1,2250449,,Complete Genome,51.4,neisseria,0
GCA_000191525.1,HMT-669,Neisseria,meningitidis,,NZ-05/33,1,2248966,,Complete Genome,51.33,neisseria,0
GCA_000253215.1,HMT-669,Neisseria,meningitidis,,WUE 2594,1,2227255,,Complete Genome,51.84,neisseria,0
GCA_000626595.1,HMT-669,Neisseria,meningitidis,,510612,1,2188020,,Complete Genome,51.83,neisseria,0
GCA_000787195.2,HMT-669,Neisseria,meningitidis,,L91543,1,2173191,,Complete Genome,51.72,neisseria,0
GCA_000800235.1,HMT-669,Neisseria,meningitidis,,NM3686,1,2195266,,Complete Genome,51.65,neisseria,0
GCA_000800275.1,HMT-669,Neisseria,meningitidis,,M7124,1,2179483,,Complete Genome,51.73,neisseria,0
GCA_000800315.1,HMT-669,Neisseria,meningitidis,,NM3682,1,2196674,,Complete Genome,51.64,neisseria,0
GCA_000800355.1,HMT-669,Neisseria,meningitidis,,NM3683,1,2199215,,Complete Genome,51.64,neisseria,0
GCA_000800415.1,HMT-669,Neisseria,meningitidis,,M10208,1,2183230,,Complete Genome,51.68,neisseria,0
GCA_001029815.1,HMT-669,Neisseria,meningitidis,,B6116/77,1,2187672,,Complete Genome,51.66,neisseria,0
GCA_001697105.1,HMT-669,Neisseria,meningitidis,,DE8669,1,2230103,,Complete Genome,51.42,neisseria,0
GCA_001697125.1,HMT-669,Neisseria,meningitidis,,DE10444,1,2170619,,Complete Genome,51.63,neisseria,0
GCA_001697165.1,HMT-669,Neisseria,meningitidis,,DE8555,1,2207932,,Complete Genome,51.81,neisseria,0
GCA_001697205.1,HMT-669,Neisseria,meningitidis,,WUE2121,1,2206847,,Complete Genome,51.82,neisseria,0
GCA_001697305.1,HMT-669,Neisseria,meningitidis,,M22718,1,2173408,,Complete Genome,51.73,neisseria,0
GCA_001697325.1,HMT-669,Neisseria,meningitidis,,M12752,1,2173879,,Complete Genome,51.73,neisseria,0
GCA_001697345.1,HMT-669,Neisseria,meningitidis,,M22819,1,2173686,,Complete Genome,51.65,neisseria,0
GCA_001697365.1,HMT-669,Neisseria,meningitidis,,M22809,1,2182171,,Complete Genome,51.63,neisseria,0
GCA_001697385.1,HMT-669,Neisseria,meningitidis,,M09293,1,2161510,,Complete Genome,51.78,neisseria,0
GCA_001697405.1,HMT-669,Neisseria,meningitidis,,M22189,1,2172699,,Complete Genome,51.74,neisseria,0
GCA_001697425.1,HMT-669,Neisseria,meningitidis,,M07149,1,2173513,,Complete Genome,51.73,neisseria,0
GCA_001697465.1,HMT-669,Neisseria,meningitidis,,M08001,1,2162199,,Complete Genome,51.78,neisseria,0
GCA_001697485.1,HMT-669,Neisseria,meningitidis,,M22748,1,2157503,,Complete Genome,51.78,neisseria,0
GCA_001697545.1,HMT-669,Neisseria,meningitidis,,M22769,1,2168495,,Complete Genome,51.74,neisseria,0
GCA_001697565.1,HMT-669,Neisseria,meningitidis,,M22745,1,2163399,,Complete Genome,51.77,neisseria,0
GCA_001697585.1,HMT-669,Neisseria,meningitidis,,M24730,1,2175362,,Complete Genome,51.74,neisseria,0
GCA_001697605.1,HMT-669,Neisseria,meningitidis,,M22801,1,2172426,,Complete Genome,51.73,neisseria,0
GCA_001697625.1,HMT-669,Neisseria,meningitidis,,M22804,1,2174791,,Complete Genome,51.65,neisseria,0
GCA_001697645.1,HMT-669,Neisseria,meningitidis,,M25438,1,2171975,,Complete Genome,51.74,neisseria,0
GCA_001697665.1,HMT-669,Neisseria,meningitidis,,M23413,1,2173723,,Complete Genome,51.73,neisseria,0
GCA_001697685.1,HMT-669,Neisseria,meningitidis,,M22722,1,2172888,,Complete Genome,51.73,neisseria,0
GCA_001697705.1,HMT-669,Neisseria,meningitidis,,M25070,1,2168001,,Complete Genome,51.73,neisseria,0
GCA_001697725.1,HMT-669,Neisseria,meningitidis,,M09261,1,2154341,,Complete Genome,51.82,neisseria,0
GCA_001697745.1,HMT-669,Neisseria,meningitidis,,M25462,1,2174042,,Complete Genome,51.73,neisseria,0
GCA_001697765.1,HMT-669,Neisseria,meningitidis,,M27559,1,2173745,,Complete Genome,51.73,neisseria,0
GCA_001697805.1,HMT-669,Neisseria,meningitidis,,M22759,1,2168308,,Complete Genome,51.74,neisseria,0
GCA_001697825.1,HMT-669,Neisseria,meningitidis,,M25087,1,2167991,,Complete Genome,51.72,neisseria,0
GCA_001697845.1,HMT-669,Neisseria,meningitidis,,M22783,1,2180570,,Complete Genome,51.64,neisseria,0
GCA_001697865.1,HMT-669,Neisseria,meningitidis,,M22828,1,2172926,,Complete Genome,51.67,neisseria,0
GCA_001697885.1,HMT-669,Neisseria,meningitidis,,M25459,1,2173115,,Complete Genome,51.73,neisseria,0
GCA_001697925.1,HMT-669,Neisseria,meningitidis,,M07161,1,2169790,,Complete Genome,51.75,neisseria,0
GCA_001697945.1,HMT-669,Neisseria,meningitidis,,M25476,1,2168191,,Complete Genome,51.73,neisseria,0
GCA_001697965.1,HMT-669,Neisseria,meningitidis,,M25456,1,2173106,,Complete Genome,51.73,neisseria,0
GCA_001697985.1,HMT-669,Neisseria,meningitidis,,M25419,1,2189560,,Complete Genome,51.71,neisseria,0
GCA_001698025.1,HMT-669,Neisseria,meningitidis,,M22822,1,2173901,,Complete Genome,51.67,neisseria,0
GCA_001698045.1,HMT-669,Neisseria,meningitidis,,M07162,1,2193742,,Complete Genome,51.67,neisseria,0
GCA_001698065.1,HMT-669,Neisseria,meningitidis,,M08000,1,2162376,,Complete Genome,51.77,neisseria,0
GCA_001698085.1,HMT-669,Neisseria,meningitidis,,M24705,1,2175832,,Complete Genome,51.66,neisseria,0
GCA_001750825.1,HMT-669,Neisseria,meningitidis,,331401,1,2191116,,Complete Genome,51.86,neisseria,0
GCA_001974965.1,HMT-669,Neisseria,meningitidis,,38277,1,2264278,,Complete Genome,51.4,neisseria,0
GCA_002073235.2,HMT-669,Neisseria,meningitidis,,FDAARGOS_214,1,2397461,,Complete Genome,51.05,neisseria,0
GCA_002073275.2,HMT-669,Neisseria,meningitidis,,FDAARGOS_215,1,2305818,,Complete Genome,51.43,neisseria,0
GCA_002073555.2,HMT-669,Neisseria,meningitidis,,FDAARGOS_211,1,2305805,,Complete Genome,51.43,neisseria,0
GCA_002073575.2,HMT-669,Neisseria,meningitidis,,FDAARGOS_209,1,2181232,,Complete Genome,51.89,neisseria,0
GCA_002073595.2,HMT-669,Neisseria,meningitidis,,FDAARGOS_210,1,2273276,,Complete Genome,51.52,neisseria,0
GCA_002073675.2,HMT-669,Neisseria,meningitidis,,FDAARGOS_212,1,2244886,,Complete Genome,51.5,neisseria,0
GCA_002075815.1,HMT-669,Neisseria,meningitidis,,COL-201504-11,1,2195573,,Complete Genome,51.65,neisseria,0
GCA_002556585.1,HMT-669,Neisseria,meningitidis,,M26417,1,2247997,,Complete Genome,51.59,neisseria,0
GCA_002951575.1,HMT-669,Neisseria,meningitidis,,M21273,1,2203850,,Complete Genome,51.61,neisseria,0
GCA_003355255.1,HMT-669,Neisseria,meningitidis,,M21717,1,2188300,,Complete Genome,51.67,neisseria,0
GCA_003355275.1,HMT-669,Neisseria,meningitidis,,M26263,1,2264367,,Complete Genome,51.56,neisseria,0
GCA_003355295.1,HMT-669,Neisseria,meningitidis,,M22814,1,2190201,,Complete Genome,51.81,neisseria,0
GCA_003355315.1,HMT-669,Neisseria,meningitidis,,M23347,1,2291778,,Complete Genome,51.47,neisseria,0
GCA_003355335.1,HMT-669,Neisseria,meningitidis,,M21374,1,2207023,,Complete Genome,51.58,neisseria,0
GCA_003355395.1,HMT-669,Neisseria,meningitidis,,M22425,1,2239545,,Complete Genome,51.47,neisseria,0
GCA_003355435.1,HMT-669,Neisseria,meningitidis,,M18727,1,2280611,,Complete Genome,51.29,neisseria,0
GCA_008329765.1,HMT-669,Neisseria,meningitidis,,12-221,1,2167947,,Complete Genome,51.69,neisseria,0
GCA_008330745.1,HMT-669,Neisseria,meningitidis,,14-563,1,2166707,,Complete Genome,51.71,neisseria,0
GCA_008330765.1,HMT-669,Neisseria,meningitidis,,12-176,1,2168615,,Complete Genome,51.67,neisseria,0
GCA_008330785.1,HMT-669,Neisseria,meningitidis,,14-Nov,1,2156539,,Complete Genome,51.75,neisseria,0
GCA_008330805.1,HMT-669,Neisseria,meningitidis,,7-Nov,1,2157444,,Complete Genome,51.77,neisseria,0
GCA_008330865.1,HMT-669,Neisseria,meningitidis,,98-182,1,2167995,,Complete Genome,51.7,neisseria,0
GCA_008330885.1,HMT-669,Neisseria,meningitidis,,95-134,1,2165984,,Complete Genome,51.71,neisseria,0
GCA_008330905.1,HMT-669,Neisseria,meningitidis,,12-330,1,2169717,,Complete Genome,51.69,neisseria,0
GCA_009664675.1,HMT-669,Neisseria,meningitidis,,AUSMDU00005726,1,2166248,,Complete Genome,51.76,neisseria,0
GCA_009664695.1,HMT-669,Neisseria,meningitidis,,AUSMDU00010537,1,2185677,,Complete Genome,51.66,neisseria,0
GCA_015679665.1,HMT-669,Neisseria,meningitidis,,16-579,1,2179401,,Complete Genome,51.7,neisseria,0
GCA_015679705.1,HMT-669,Neisseria,meningitidis,,16-306,1,2169328,,Complete Genome,51.72,neisseria,0
GCA_015679735.1,HMT-669,Neisseria,meningitidis,,16-92,1,2176177,,Complete Genome,51.72,neisseria,0
GCA_015679815.1,HMT-669,Neisseria,meningitidis,,15-215,1,2179038,,Complete Genome,51.71,neisseria,0
GCA_015679845.1,HMT-669,Neisseria,meningitidis,,15-198,1,2179025,,Complete Genome,51.71,neisseria,0
GCA_015679865.1,HMT-669,Neisseria,meningitidis,,14-627,1,2196100,,Complete Genome,51.64,neisseria,0
GCA_015679885.1,HMT-669,Neisseria,meningitidis,,14-159,1,2170460,,Complete Genome,51.74,neisseria,0
GCA_015679905.1,HMT-669,Neisseria,meningitidis,,12-208,1,2171562,,Complete Genome,51.72,neisseria,0
GCA_015679925.1,HMT-669,Neisseria,meningitidis,,11-251,1,2182561,,Complete Genome,51.69,neisseria,0
GCA_015732665.1,HMT-669,Neisseria,meningitidis,,15-193,1,2172196,,Complete Genome,51.74,neisseria,0
GCA_015732685.1,HMT-669,Neisseria,meningitidis,,15-123,1,2171633,,Complete Genome,51.74,neisseria,0
GCA_017347365.1,HMT-669,Neisseria,meningitidis,,NIID777,1,2158475,,Complete Genome,51.69,neisseria,0
GCA_022869645.1,HMT-669,Neisseria,meningitidis,,PartJ-Nmeningitidis-RM8376,1,2181327,,Complete Genome,51.89,neisseria,0
GCA_900638555.1,HMT-669,Neisseria,meningitidis,,NCTC10025,1,2186098,,Complete Genome,51.88,neisseria,0
GCA_000173875.1,HMT-682,Neisseria,mucosa,,ATCC 25996,67,2578748,,Contig,51.1,neisseria,0
GCA_001063455.1,HMT-682,Neisseria,mucosa,,480_NMEN,145,2444482,,Scaffold,51.05,neisseria,0
GCA_001807625.1,HMT-682,Neisseria,mucosa,,HMSC03D10,140,2535716,,Scaffold,51.37,neisseria,0
GCA_001809245.1,HMT-682,Neisseria,mucosa,,HMSC059F02,167,2476213,,Scaffold,51.04,neisseria,0
GCA_001809595.1,HMT-682,Neisseria,mucosa,,HMSC055F11,147,2464647,,Scaffold,51.17,neisseria,0
GCA_001838365.1,HMT-682,Neisseria,mucosa,,HMSC064F04,141,2485776,,Scaffold,51.24,neisseria,0
GCA_001838375.1,HMT-682,Neisseria,mucosa,,HMSC070E12,149,2437021,,Scaffold,51.34,neisseria,0
GCA_002073715.2,HMT-682,Neisseria,mucosa,,FDAARGOS_260,1,2783943,,Complete Genome,50.95,neisseria,0
GCA_003028315.1,HMT-682,Neisseria,mucosa,,ATCC 19696,1,2688408,,Complete Genome,51.1,neisseria,0
GCA_003044395.1,HMT-682,Neisseria,mucosa,,C2004002444,134,2600550,,Contig,50.84,neisseria,0
GCA_003044445.1,HMT-682,Neisseria,mucosa,,C2008000159,56,2464790,,Contig,51.16,neisseria,0
GCA_003044765.1,HMT-682,Neisseria,mucosa,,C2014002478,124,2529169,,Contig,51.21,neisseria,0
GCA_007667085.1,HMT-682,Neisseria,mucosa,,DE0496,198,2484173,,Scaffold,50.92,neisseria,0
GCA_007667125.1,HMT-682,Neisseria,mucosa,,DE0493,187,2480214,,Scaffold,50.93,neisseria,0
GCA_018373235.1,HMT-682,Neisseria,mucosa,,L3_108_039G1_dasL3_108_039G1_concoct_28,222,2458797,yes,Contig,50.91,neisseria,0
GCA_030216405.1,HMT-682,Neisseria,mucosa,,UMB7974A,211,2513859,,Contig,51.26,neisseria,0
GCA_030226275.1,HMT-682,Neisseria,mucosa,,UMB7973B,204,2524525,,Contig,51.29,neisseria,0
GCA_900454435.1,HMT-682,Neisseria,mucosa,,NCTC 10774,6,2654294,,Contig,51.1,neisseria,0
GCA_900654175.1,HMT-682,Neisseria,mucosa,,N32,123,2541217,,Contig,51.02,neisseria,0
GCA_905372215.1,HMT-682,Neisseria,mucosa,,SRR9217402-mag-bin.1,161,2431597,yes,Contig,51.42,neisseria,0
GCA_963394835.1,HMT-682,Neisseria,mucosa,,CCUG 32112,167,2501603,,Contig,50.97,neisseria,0
GCA_963394975.1,HMT-682,Neisseria,mucosa,,CCUG 32036,52,2316150,,Contig,51.18,neisseria,0
GCA_000090875.1,HMT-014,Neisseria,oralis,,F0314,11,2515760,,Scaffold,53.08,neisseria,0
GCA_005886145.1,HMT-014,Neisseria,oralis,,F0314,1,2502158,,Chromosome,52.86,neisseria,0
GCA_905372545.1,HMT-014,Neisseria,oralis,,SRR9217415-mag-bin.5,21,2461449,yes,Contig,52.65,neisseria,0
GCA_938029425.1,HMT-014,Neisseria,oralis,,ERR589377_bin.87_CONCOCT_v1.1_MAG,85,2409296,yes,Contig,52.86,neisseria,0
GCA_000173955.1,HMT-101,Neisseria,perflava,,NJ9703,63,2292986,,Contig,49.01,neisseria,0
GCA_001060175.1,HMT-101,Neisseria,perflava,,1044_NMEN,84,2233620,,Scaffold,49.15,neisseria,0
GCA_001061795.1,HMT-101,Neisseria,perflava,,1045_NMEN,81,2246977,,Scaffold,49.16,neisseria,0
GCA_001063405.1,HMT-101,Neisseria,perflava,,433_NMEN,51,2397512,,Scaffold,49.08,neisseria,0
GCA_001809345.1,HMT-101,Neisseria,perflava,,HMSC072B12,52,2217005,,Scaffold,49.22,neisseria,0
GCA_001810035.1,HMT-101,Neisseria,perflava,,HMSC058F07,51,2261793,,Scaffold,49.27,neisseria,0
GCA_001811065.1,HMT-101,Neisseria,perflava,,HMSC075C12,76,2328563,,Scaffold,49.16,neisseria,0
GCA_001811365.1,HMT-101,Neisseria,perflava,,HMSC061E12,37,2229188,,Scaffold,48.95,neisseria,0
GCA_001811855.1,HMT-101,Neisseria,perflava,,HMSC063B05,70,2206325,,Scaffold,49.13,neisseria,0
GCA_001811945.1,HMT-101,Neisseria,perflava,,HMSC071A01,52,2271132,,Scaffold,49.21,neisseria,0
GCA_001812055.1,HMT-101,Neisseria,perflava,,HMSC067H04,56,2302917,,Scaffold,49.16,neisseria,0
GCA_001812725.1,HMT-101,Neisseria,perflava,,HMSC067G12,53,2304183,,Scaffold,49.15,neisseria,0
GCA_001812885.1,HMT-101,Neisseria,perflava,,HMSC067G11,55,2302204,,Scaffold,49.14,neisseria,0
GCA_001814095.1,HMT-101,Neisseria,perflava,,HMSC068C12,55,2209874,,Scaffold,49.27,neisseria,0
GCA_001814445.1,HMT-101,Neisseria,perflava,,HMSC066B07,138,2249644,,Scaffold,49.17,neisseria,0
GCA_001815375.1,HMT-101,Neisseria,perflava,,HMSC065C04,48,2314384,,Scaffold,48.93,neisseria,0
GCA_001836315.1,HMT-101,Neisseria,perflava,,HMSC056A04,37,2239820,,Scaffold,48.97,neisseria,0
GCA_001837365.1,HMT-101,Neisseria,perflava,,HMSC066F04,53,2217149,,Scaffold,49.03,neisseria,0
GCA_001838135.1,HMT-101,Neisseria,perflava,,HMSC078H04,39,2238578,,Scaffold,49.05,neisseria,0
GCA_002847985.1,HMT-101,Neisseria,perflava,,UMB0210,22,2311158,,Scaffold,48.84,neisseria,0
GCA_002863305.2,HMT-101,Neisseria,perflava,,UMB0023,1,2344520,,Complete Genome,48.84,neisseria,0
GCA_003044355.1,HMT-101,Neisseria,perflava,,C2005001510,42,2355736,,Contig,49.12,neisseria,0
GCA_003044525.1,HMT-101,Neisseria,perflava,,C2009010520,21,2176785,,Contig,49.14,neisseria,0
GCA_003044585.1,HMT-101,Neisseria,perflava,,C2011004960,20,2226776,,Contig,49.1,neisseria,0
GCA_003044925.1,HMT-101,Neisseria,perflava,,C2011020198,28,2422689,,Contig,48.92,neisseria,0
GCA_003351665.1,HMT-101,Neisseria,perflava,,M18660,1,2321871,,Complete Genome,48.98,neisseria,0
GCA_015263375.1,HMT-101,Neisseria,perflava,,JCVI_39_bin.16,69,2148734,yes,Scaffold,49.15,neisseria,0
GCA_015263545.1,HMT-101,Neisseria,perflava,,JCVI_46_bin.6,28,2217615,yes,Scaffold,49.04,neisseria,0
GCA_023472875.1,HMT-101,Neisseria,perflava,,CCUG 17915,85,2265569,,Contig,49.11,neisseria,0
GCA_900654165.1,HMT-101,Neisseria,perflava,,N13,34,2207472,,Contig,49.25,neisseria,0
GCA_902485275.1,HMT-101,Neisseria,perflava,,MGYG-HGUT-03388,16,2136685,,Contig,49.28,neisseria,0
GCA_905371485.1,HMT-101,Neisseria,perflava,,SRR6059123-mag-bin.5,39,2153782,yes,Contig,49.37,neisseria,0
GCA_916048815.1,HMT-101,Neisseria,perflava,,ERR2764996_bin.3_metaWRAP_v1.1_MAG,13,2203954,yes,Contig,49.25,neisseria,0
GCA_916050295.1,HMT-101,Neisseria,perflava,,ERR2764978_bin.4_metaWRAP_v1.1_MAG,185,2169971,yes,Contig,49.54,neisseria,0
GCA_927911295.1,HMT-101,Neisseria,perflava,,ERR3827195_bin.2_metaWRAP_v1.1_MAG,115,2246445,yes,Contig,49.23,neisseria,0
GCA_937936115.1,HMT-101,Neisseria,perflava,,SRR8114063_bin.40_CONCOCT_v1.1_MAG,23,2144886,yes,Contig,49.16,neisseria,0
GCA_963394995.1,HMT-101,Neisseria,perflava,,CCUG 7826,35,2232609,,Contig,49.32,neisseria,0
GCA_000176735.1,HMT-737,Neisseria,polysaccharea,,ATCC 43768,139,2030958,,Contig,52.0,neisseria,0
GCA_000193775.2,HMT-737,Neisseria,polysaccharea,,NS342,288,2169528,,Scaffold,51.39,neisseria,0
GCA_003045035.1,HMT-737,Neisseria,polysaccharea,,C2013011231,46,2124254,,Contig,51.53,neisseria,0
GCA_003355195.1,HMT-737,Neisseria,polysaccharea,,M18661,1,2024930,,Complete Genome,52.13,neisseria,0
GCA_003495225.1,HMT-737,Neisseria,polysaccharea,,M38962,16,2057444,,Contig,52.01,neisseria,0
GCA_015711285.1,HMT-737,Neisseria,polysaccharea,,ind_11,60,2087788,,Scaffold,51.64,neisseria,0
GCA_018224585.1,HMT-737,Neisseria,polysaccharea,,Marseille-Q1983,118,2196582,,Scaffold,51.52,neisseria,0
GCA_962707545.1,HMT-737,Neisseria,polysaccharea,,4fa87c50-ed1b-11e5-88b1-3c4a9275d6c6,59,2040588,,Contig,51.98,neisseria,0
GCA_962713235.1,HMT-737,Neisseria,polysaccharea,,5a80ab70-ed1b-11e5-bc69-3c4a9275d6c6,61,2066844,,Contig,52.09,neisseria,0
GCA_962715115.1,HMT-737,Neisseria,polysaccharea,,SAMPLE_WTCHG_311190_282102,66,2047697,,Contig,51.96,neisseria,0
GCA_962715145.1,HMT-737,Neisseria,polysaccharea,,SAMPLE_WTCHG_311190_222102,73,2077665,,Contig,51.76,neisseria,0
GCA_962719605.1,HMT-737,Neisseria,polysaccharea,,5a557cc0-ed1b-11e5-bc69-3c4a9275d6c6,79,2091671,,Contig,51.97,neisseria,0
GCA_962720465.1,HMT-737,Neisseria,polysaccharea,,SAMPLE_WTCHG_311190_272102,65,2072317,,Contig,52.1,neisseria,0
GCA_962724685.1,HMT-737,Neisseria,polysaccharea,,SAMPLE_WTCHG_311190_303102,60,2044889,,Contig,51.95,neisseria,0
GCA_962724695.1,HMT-737,Neisseria,polysaccharea,,SAMPLE_WTCHG_311190_285102,65,2028948,,Contig,51.99,neisseria,0
GCA_962728725.1,HMT-737,Neisseria,polysaccharea,,5a6ad980-ed1b-11e5-bc69-3c4a9275d6c6,80,2082280,,Contig,52.04,neisseria,0
GCA_962728865.1,HMT-737,Neisseria,polysaccharea,,5a75aef0-ed1b-11e5-bc69-3c4a9275d6c6,80,2033226,,Contig,52.0,neisseria,0
GCA_962728915.1,HMT-737,Neisseria,polysaccharea,,5a8ae4a0-ed1b-11e5-bc69-3c4a9275d6c6,69,2027523,,Contig,52.04,neisseria,0
GCA_962729065.1,HMT-737,Neisseria,polysaccharea,,5aa179e0-ed1b-11e5-bc69-3c4a9275d6c6,66,2123641,,Contig,51.58,neisseria,0
GCA_962746765.1,HMT-737,Neisseria,polysaccharea,,SAMPLE_WTCHG_311190_286102,83,2129071,,Contig,51.62,neisseria,0
GCA_962747745.1,HMT-737,Neisseria,polysaccharea,,SAMPLE_WTCHG_311190_229102,67,2036939,,Contig,52.01,neisseria,0
GCA_962747755.1,HMT-737,Neisseria,polysaccharea,,SAMPLE_WTCHG_311190_259102,58,2033671,,Contig,52.03,neisseria,0
GCA_962747925.1,HMT-737,Neisseria,polysaccharea,,5a960830-ed1b-11e5-bc69-3c4a9275d6c6,74,2027189,,Contig,52.04,neisseria,0
GCA_963392915.1,HMT-737,Neisseria,polysaccharea,,M_571-sc-2011-12-13T12:42:02Z-1324698,48,2114309,,Contig,52.12,neisseria,0
GCA_963392925.1,HMT-737,Neisseria,polysaccharea,,M_198-sc-2011-12-13T12:41:33Z-1324658,57,2029584,,Contig,52.02,neisseria,0
GCA_963392945.1,HMT-737,Neisseria,polysaccharea,,M_264-sc-2011-12-13T12:41:49Z-1324680,49,2001699,,Contig,52.13,neisseria,0
GCA_963392955.1,HMT-737,Neisseria,polysaccharea,,M_286-sc-2011-12-13T12:41:50Z-1324682,56,2000976,,Contig,52.15,neisseria,0
GCA_963392985.1,HMT-737,Neisseria,polysaccharea,,M_104-sc-2011-12-13T12:41:24Z-1324647,54,2016191,,Contig,52.1,neisseria,0
GCA_963393065.1,HMT-737,Neisseria,polysaccharea,,M_442-sc-2011-12-13T12:41:59Z-1324693,51,2009666,,Contig,52.13,neisseria,0
GCA_963393115.1,HMT-737,Neisseria,polysaccharea,,M_856-sc-2011-12-13T12:42:08Z-1324706,43,2000913,,Contig,52.13,neisseria,0
GCA_963393145.1,HMT-737,Neisseria,polysaccharea,,M_104A-sc-2011-12-13T12:41:25Z-1324648,49,2016110,,Contig,52.09,neisseria,0
GCA_963393175.1,HMT-737,Neisseria,polysaccharea,,M_223-sc-2011-12-13T12:41:39Z-1324667,44,2060076,,Contig,52.2,neisseria,0
GCA_963393195.1,HMT-737,Neisseria,polysaccharea,,M_080-sc-2011-12-13T12:41:18Z-1324639,54,2067297,,Contig,52.17,neisseria,0
GCA_963394855.1,HMT-737,Neisseria,polysaccharea,,CCUG 18031,45,2003518,,Contig,52.14,neisseria,0
GCA_963394865.1,HMT-737,Neisseria,polysaccharea,,CCUG 24846,65,1992246,,Contig,51.97,neisseria,0
GCA_963394875.1,HMT-737,Neisseria,polysaccharea,,CCUG 24845,51,2015242,,Contig,52.12,neisseria,0
GCA_963394905.1,HMT-737,Neisseria,polysaccharea,,CCUG 27182,65,2043961,,Contig,51.79,neisseria,0
GCA_000174655.1,HMT-764,Neisseria,sicca,,ATCC 29256,61,2830772,,Contig,50.9,neisseria,0
GCA_000193735.2,HMT-764,Neisseria,sicca,,4320,169,2519401,,Contig,50.81,neisseria,0
GCA_000260655.1,HMT-764,Neisseria,sicca,,VK64,210,2638449,,Contig,51.2,neisseria,0
GCA_001808875.1,HMT-764,Neisseria,sicca,,HMSC064E01,130,2707625,,Scaffold,50.91,neisseria,0
GCA_001813335.1,HMT-764,Neisseria,sicca,,HMSC055H02,81,2419681,,Scaffold,51.54,neisseria,0
GCA_003044425.1,HMT-764,Neisseria,sicca,,C2007003584,24,2443310,,Contig,51.39,neisseria,0
GCA_003044565.1,HMT-764,Neisseria,sicca,,C2010005502,16,2782649,,Contig,50.72,neisseria,0
GCA_014054945.1,HMT-764,Neisseria,sicca,,DSM 17713,1,2864419,,Complete Genome,50.91,neisseria,0
GCA_901873385.1,HMT-764,Neisseria,sicca,,Neisseria_sicca_BgEED21,64,2494758,,Contig,51.14,neisseria,0
GCA_000318235.2,HMT-020,Neisseria,sp. HMT-020,,F0370,118,2358903,,Scaffold,58.68,neisseria,0
GCA_002237445.1,HMT-020,Neisseria,sp. HMT-020,,KEM232,1,2371912,,Complete Genome,58.52,neisseria,0
GCA_000175275.1,HMT-476,Neisseria,subflava,,SK114,31,2204114,,Contig,49.26,neisseria,0
GCA_000186165.1,HMT-476,Neisseria,subflava,,C102,7,2169437,,Scaffold,49.82,neisseria,0
GCA_000763635.1,HMT-476,Neisseria,subflava,,C6A,34,2138952,,Contig,49.69,neisseria,0
GCA_001061215.1,HMT-476,Neisseria,subflava,,1210_NMEN,84,2281658,,Scaffold,49.43,neisseria,0
GCA_001064605.1,HMT-476,Neisseria,subflava,,338.rep1_NLAC,59,2154030,,Scaffold,49.85,neisseria,0
GCA_001064635.1,HMT-476,Neisseria,subflava,,338.rep2_NMEN,57,2154389,,Scaffold,49.85,neisseria,0
GCA_001065565.1,HMT-476,Neisseria,subflava,,583_NLAC,148,2321103,,Contig,49.41,neisseria,0
GCA_001065605.1,HMT-476,Neisseria,subflava,,595_NLAC,130,2331495,,Contig,49.42,neisseria,0
GCA_001066195.1,HMT-476,Neisseria,subflava,,768_NMEN,122,2222581,,Contig,49.5,neisseria,0
GCA_001067255.1,HMT-476,Neisseria,subflava,,776_NMEN,119,2158847,,Scaffold,49.35,neisseria,0
GCA_001067315.1,HMT-476,Neisseria,subflava,,782_NMEN,95,2183132,,Scaffold,49.36,neisseria,0
GCA_001067535.1,HMT-476,Neisseria,subflava,,840_NMEN,65,2231564,,Scaffold,49.01,neisseria,0
GCA_001808255.1,HMT-476,Neisseria,subflava,,HMSC15G01,47,2178870,,Scaffold,49.26,neisseria,0
GCA_001809585.1,HMT-476,Neisseria,subflava,,HMSC072C05,66,2186610,,Scaffold,49.44,neisseria,0
GCA_001810165.1,HMT-476,Neisseria,subflava,,HMSC070A01,26,2212676,,Scaffold,49.54,neisseria,0
GCA_001812605.1,HMT-476,Neisseria,subflava,,HMSC073G10,66,2317614,,Scaffold,49.12,neisseria,0
GCA_001812735.1,HMT-476,Neisseria,subflava,,HMSC069H12,75,2272351,,Scaffold,49.19,neisseria,0
GCA_001815615.1,HMT-476,Neisseria,subflava,,HMSC075C10,62,2227657,,Scaffold,49.46,neisseria,0
GCA_001815685.1,HMT-476,Neisseria,subflava,,HMSC056A03,103,2247105,,Scaffold,49.43,neisseria,0
GCA_001836705.1,HMT-476,Neisseria,subflava,,HMSC061B04,77,2267122,,Scaffold,49.38,neisseria,0
GCA_001836795.1,HMT-476,Neisseria,subflava,,HMSC061H08,54,2240849,,Scaffold,49.24,neisseria,0
GCA_001837245.1,HMT-476,Neisseria,subflava,,HMSC064F03,63,2254869,,Scaffold,49.35,neisseria,0
GCA_001837375.1,HMT-476,Neisseria,subflava,,HMSC066H01,28,2147245,,Scaffold,49.69,neisseria,0
GCA_001837635.1,HMT-476,Neisseria,subflava,,HMSC070H10,45,2171707,,Scaffold,49.3,neisseria,0
GCA_001838065.1,HMT-476,Neisseria,subflava,,HMSC078C12,47,2242214,,Scaffold,49.68,neisseria,0
GCA_003044385.1,HMT-476,Neisseria,subflava,,C2007002879,38,2286423,,Contig,49.05,neisseria,0
GCA_003044505.1,HMT-476,Neisseria,subflava,,C2008001664,34,2262420,,Contig,49.48,neisseria,0
GCA_003044645.1,HMT-476,Neisseria,subflava,,C2011009653,23,2313531,,Contig,48.99,neisseria,0
GCA_003044665.1,HMT-476,Neisseria,subflava,,C2011033015,36,2156548,,Contig,49.17,neisseria,0
GCA_003044845.1,HMT-476,Neisseria,subflava,,C2008002238,32,2170564,,Contig,49.18,neisseria,0
GCA_003044935.1,HMT-476,Neisseria,subflava,,C2012011976,9,2159006,,Contig,49.2,neisseria,0
GCA_003044965.1,HMT-476,Neisseria,subflava,,C2011020199,31,2291329,,Contig,49.21,neisseria,0
GCA_003045025.1,HMT-476,Neisseria,subflava,,C2014021188,23,2231960,,Contig,49.02,neisseria,0
GCA_005221305.1,HMT-476,Neisseria,subflava,,ATCC 49275,1,2195659,,Complete Genome,49.48,neisseria,0
GCA_013267835.1,HMT-476,Neisseria,subflava,,FDAARGOS_758,1,2224757,,Complete Genome,49.66,neisseria,0
GCA_014596395.2,HMT-476,Neisseria,subflava,,KH1003-02,12,2338744,,Contig,49.37,neisseria,0
GCA_014596425.2,HMT-476,Neisseria,subflava,,RH3002v2g,1,2223142,,Complete Genome,49.65,neisseria,0
GCA_015263395.1,HMT-476,Neisseria,subflava,,JCVI_22A_bin.7,123,2097332,yes,Scaffold,49.28,neisseria,0
GCA_015263565.1,HMT-476,Neisseria,subflava,,JCVI_32_bin.25,85,2020883,yes,Contig,49.61,neisseria,0
GCA_015263585.1,HMT-476,Neisseria,subflava,,JCVI_49_bin.18,84,2130540,yes,Contig,49.85,neisseria,0
GCA_015263665.1,HMT-476,Neisseria,subflava,,JCVI_41_bin.5,205,2041280,yes,Contig,49.92,neisseria,0
GCA_018373375.1,HMT-476,Neisseria,subflava,,L2_013_000G1_dasL2_013_000G1_maxbin2.maxbin.018,64,2103346,yes,Contig,49.73,neisseria,0
GCA_019334725.1,HMT-476,Neisseria,subflava,,LPB0400,1,2284668,,Complete Genome,49.05,neisseria,0
GCA_019334765.1,HMT-476,Neisseria,subflava,,ATCC 29256,1,2291167,,Complete Genome,49.06,neisseria,0
GCA_019815145.1,HMT-476,Neisseria,subflava,,MA3-1,46,2361490,,Contig,49.28,neisseria,0
GCA_023635035.1,HMT-476,Neisseria,subflava,,HP0076,3,2250070,,Contig,49.47,neisseria,0
GCA_023635065.1,HMT-476,Neisseria,subflava,,TT0074,2,2277765,,Contig,49.33,neisseria,0
GCA_023635105.1,HMT-476,Neisseria,subflava,,HP0001,4,2457335,,Contig,49.51,neisseria,0
GCA_024205685.1,HMT-476,Neisseria,subflava,,HP0048,1,2243952,,Complete Genome,49.51,neisseria,0
GCA_030218065.1,HMT-476,Neisseria,subflava,,UMB1050,229,2332356,,Contig,49.39,neisseria,0
GCA_031190635.1,HMT-476,Neisseria,subflava,,LMG 5313,1,2195884,,Complete Genome,49.48,neisseria,0
GCA_900654195.1,HMT-476,Neisseria,subflava,,N78,79,2194968,,Contig,49.44,neisseria,0
GCA_901875325.1,HMT-476,Neisseria,subflava,,Neisseria_subflava_BgEED23,51,2274583,,Contig,49.33,neisseria,0
GCA_905194225.1,HMT-476,Neisseria,subflava,,ERR1430404-bin.12,63,2198368,yes,Contig,49.7,neisseria,0
GCA_905370215.1,HMT-476,Neisseria,subflava,,DRR046100-mag-bin.6,117,2248233,yes,Contig,49.37,neisseria,0
GCA_905370285.1,HMT-476,Neisseria,subflava,,DRR241310-mag-bin.1,194,2035777,yes,Contig,49.94,neisseria,0
GCA_905371675.1,HMT-476,Neisseria,subflava,,SRR9217391-mag-bin.22,57,2245144,yes,Contig,49.19,neisseria,0
GCA_916049695.1,HMT-476,Neisseria,subflava,,ERR2764931_bin.5_metaWRAP_v1.1_MAG,134,2049743,yes,Contig,49.84,neisseria,0
GCA_916049965.1,HMT-476,Neisseria,subflava,,ERR2764907_bin.3_metaWRAP_v1.1_MAG,104,2026603,yes,Contig,49.74,neisseria,0
GCA_916050365.1,HMT-476,Neisseria,subflava,,ERR2764966_bin.3_metaWRAP_v1.1_MAG,16,2180680,yes,Contig,49.83,neisseria,0
GCA_916438255.1,HMT-476,Neisseria,subflava,,DRR214962_bin.5_metaWRAP_v1.1_MAG,1,2222429,yes,Contig,49.72,neisseria,0
GCA_916709955.1,HMT-476,Neisseria,subflava,,SRR15235667_bin.14_metaWRAP_v1.1_MAG,47,2133518,yes,Contig,49.57,neisseria,0
GCA_934216645.1,HMT-476,Neisseria,subflava,,REFINED_METABAT215_TOP10_CONTIGS_1500_ASSEMBLY_K77_MERGED__Hadza_MoBio_hadza-E-H_E_4_1847.6,145,2051616,yes,Contig,49.69,neisseria,0
GCA_943912805.1,HMT-476,Neisseria,subflava,,ALSxanwf21_bin.36.MAG,192,2033978,yes,Contig,49.38,neisseria,0
GCA_947098785.1,HMT-476,Neisseria,subflava,,SRR8786267_bin.1_metaWRAP_v1.3_MAG,152,1836096,yes,Contig,49.44,neisseria,0
GCA_963395005.1,HMT-476,Neisseria,subflava,,CCUG 4788,73,2253743,,Contig,49.29,neisseria,0
GCA_963395055.1,HMT-476,Neisseria,subflava,,CCUG 29761,60,2137566,,Contig,49.42,neisseria,0
GCA_963396205.1,HMT-476,Neisseria,subflava,,CCUG 801,58,2239536,,Contig,49.46,neisseria,0
GCA_963396215.1,HMT-476,Neisseria,subflava,,CCUG 24918,17,2218205,,Contig,49.32,neisseria,0
GCA_963396225.1,HMT-476,Neisseria,subflava,,type strain: CCUG 23930,67,2156389,,Contig,49.43,neisseria,0
GCA_963396245.1,HMT-476,Neisseria,subflava,,CCUG 25198,126,2283276,,Contig,49.31,neisseria,0
GCA_963396255.1,HMT-476,Neisseria,subflava,,CCUG 24960,71,2155950,,Contig,49.42,neisseria,0
GCA_963396265.1,HMT-476,Neisseria,subflava,,CCUG 800,77,2241736,,Contig,49.46,neisseria,0
GCA_000224255.2,HMT-092,Neisseria,weaveri,,LMG 5135,46,2183368,,Contig,49.0,neisseria,0
GCA_000224275.2,HMT-092,Neisseria,weaveri,,ATCC 51223,40,2125582,,Contig,49.02,neisseria,0
GCA_003044545.1,HMT-092,Neisseria,weaveri,,C2009035459,34,2147612,,Contig,48.98,neisseria,0
GCA_003044885.1,HMT-092,Neisseria,weaveri,,C2010015191,20,2143813,,Contig,49.01,neisseria,0
GCA_003044905.1,HMT-092,Neisseria,weaveri,,C2009028987,28,2198878,,Contig,49.06,neisseria,0
GCA_003044995.1,HMT-092,Neisseria,weaveri,,C2013013825,21,2140496,,Contig,49.05,neisseria,0
GCA_900086555.1,HMT-092,Neisseria,weaveri,,NCTC13585,1,2188497,,Complete Genome,49.0,neisseria,0
GCA_900638685.1,HMT-092,Neisseria,weaveri,,NCTC12742,1,2238481,,Complete Genome,49.09,neisseria,0
GCA_963396185.1,HMT-092,Neisseria,weaveri,,type strain: CCUG 4007,51,2203321,,Contig,49.03,neisseria,0
GCA_002149965.1,HMT-342,Novosphingobium,panipatense,,P5:ABC,99,5735120,,Scaffold,64.72,novosphingobium,0
GCA_003241455.1,HMT-342,Novosphingobium,panipatense,,S2_005_002_R2_33,69,5286817,,Contig,64.91,novosphingobium,0
GCA_009811895.1,HMT-342,Novosphingobium,panipatense,,TCA1,136,6173804,,Contig,64.28,novosphingobium,0
GCA_000466405.1,HMT-810,Olegusella,sp. HMT-810,,F0209,38,1947547,,Scaffold,49.2,olegusella,0
GCA_000233535.1,HMT-809,Olsenella,phocaeensis,,F0356,3,2163862,,Scaffold,66.48,olsenella,0
GCA_001553055.1,HMT-809,Olsenella,phocaeensis,,DNF00959,13,2134018,,Scaffold,66.66,olsenella,0
GCA_900120385.1,HMT-809,Olsenella,phocaeensis,,Marseille-P2936,37,2276769,,Scaffold,66.87,olsenella,0
GCA_959602185.1,HMT-809,Olsenella,phocaeensis,,SRR16280094_bin.39_MetaWRAP_v1.3_MAG,18,2134579,yes,Contig,66.54,olsenella,0
GCA_000468755.1,HMT-806,Olsenella,profusa,,F0195,73,2724935,,Contig,64.17,olsenella,0
GCA_030811115.1,HMT-806,Olsenella,profusa,,DSM 13989,1,2616809,,Contig,64.06,olsenella,0
GCA_937957905.1,HMT-806,Olsenella,profusa,,ERR589661_bin.12_CONCOCT_v1.1_MAG,99,2704514,yes,Contig,63.79,olsenella,0
GCA_001189515.2,HMT-807,Olsenella,sp. HMT-807,,F0089,1,3213585,,Complete Genome,62.08,olsenella,0
GCA_905371905.1,HMT-807,Olsenella,sp. HMT-807,,SRR9217392-mag-bin.5,126,2803860,yes,Contig,61.38,olsenella,0
GCA_938046675.1,HMT-807,Olsenella,sp. HMT-807,,ERR589463_bin.60_CONCOCT_v1.1_MAG,124,3056543,yes,Contig,61.46,olsenella,0
GCA_000143845.1,HMT-038,Olsenella,uli,,DSM 7084,1,2051896,,Complete Genome,64.7,olsenella,0
GCA_000524335.1,HMT-038,Olsenella,uli,,MSTE5,14,2153240,,Contig,64.49,olsenella,0
GCA_001437585.1,HMT-038,Olsenella,uli,,DSM 7084,13,2057128,,Scaffold,64.8,olsenella,0
GCA_018376335.1,HMT-038,Olsenella,uli,,L3_069_000G1_dasL3_069_000G1_concoct_2,33,2106268,yes,Contig,64.49,olsenella,0
GCA_938017755.1,HMT-038,Olsenella,uli,,ERR589728_bin.0_CONCOCT_v1.1_MAG,53,2281346,yes,Contig,64.02,olsenella,0
GCA_000214455.2,HMT-108,Oribacterium,asaccharolyticum,,F0425,1,2518361,,Contig,43.25,oribacterium,0
GCA_000238075.1,HMT-108,Oribacterium,asaccharolyticum,,ACB7,9,2520584,,Scaffold,43.44,oribacterium,0
GCA_000238055.2,HMT-934,Oribacterium,parvum,,ACB1,2,2470863,,Scaffold,42.18,oribacterium,0
GCA_000277505.1,HMT-934,Oribacterium,parvum,,ACB8,15,2481911,,Contig,42.04,oribacterium,0
GCA_916438325.1,HMT-934,Oribacterium,parvum,,DRR214959_bin.37_metaWRAP_v1.1_MAG,9,1535942,yes,Contig,42.89,oribacterium,0
GCA_000160635.1,HMT-457,Oribacterium,sinus,,F0268,43,2706954,,Scaffold,44.68,oribacterium,0
GCA_014202695.1,HMT-457,Oribacterium,sinus,,DSM 17245,25,2727810,,Scaffold,42.66,oribacterium,0
GCA_015263305.1,HMT-457,Oribacterium,sinus,,JCVI_38_bin.19,269,2217649,yes,Scaffold,43.84,oribacterium,0
GCA_902481605.1,HMT-457,Oribacterium,sinus,,MGYG-HGUT-03013,121,2494431,,Contig,43.22,oribacterium,0
GCA_937906745.1,HMT-457,Oribacterium,sinus,,SRR1952602_bin.29_CONCOCT_v1.1_MAG,233,2491691,yes,Contig,43.52,oribacterium,0
GCA_938044185.1,HMT-457,Oribacterium,sinus,,ERR589668_bin.88_CONCOCT_v1.1_MAG,279,2580463,yes,Contig,43.34,oribacterium,0
GCA_000160135.1,HMT-078,Oribacterium,sp. HMT-078,,F0262,12,2676554,,Scaffold,54.74,oribacterium,0
GCA_000469565.1,HMT-078,Oribacterium,sp. HMT-078,,F0263,69,2694758,,Scaffold,54.85,oribacterium,0
GCA_938031325.1,HMT-078,Oribacterium,sp. HMT-078,,ERR589381_bin.12_CONCOCT_v1.1_MAG,59,2649330,yes,Contig,54.97,oribacterium,0
GCA_013394775.1,HMT-102,Oribacterium,sp. HMT-102,,W9097,2,2527423,,Contig,54.65,oribacterium,0
GCA_001307855.1,HMT-028,Oryzomicrobium,terrae,,Paddy-1,50,3554045,,Scaffold,65.98,oryzomicrobium,0
GCA_008274805.1,HMT-028,Oryzomicrobium,terrae,,TPP412,1,3526415,,Complete Genome,66.11,oryzomicrobium,0
GCA_001262075.1,HMT-894,Ottowia,sp. HMT-894,,W10237,1,2925783,,Complete Genome,63.59,ottowia,0
GCA_029813755.1,HMT-894,Ottowia,sp. HMT-894,,10c7w1,119,2784541,,Contig,63.62,ottowia,0
GCA_900240305.1,HMT-894,Ottowia,sp. HMT-894,,Marseille-P4747,19,2830551,,Scaffold,63.53,ottowia,0
GCA_947096235.1,HMT-894,Ottowia,sp. HMT-894,,SRR8786267_bin.3_metaWRAP_v1.3_MAG,165,2583592,yes,Contig,63.92,ottowia,0
GCA_001298675.1,HMT-211,Paenacidovorax,caeni,,R-24608,152,4190928,,Contig,65.5,paenacidovorax,0
GCA_900116825.1,HMT-211,Paenacidovorax,caeni,,R-24608,115,4152335,,Contig,65.55,paenacidovorax,0
GCA_000193415.2,HMT-921,Paenibacillus,glucanolyticus,,V453,56,6385945,,Contig,48.8,paenibacillus,0
GCA_000517885.1,HMT-921,Paenibacillus,glucanolyticus,,FSL R5-808,89,6448388,,Contig,48.84,paenibacillus,0
GCA_001632305.1,HMT-921,Paenibacillus,glucanolyticus,,5162,1,5897585,,Chromosome,49.19,paenibacillus,0
GCA_001633025.1,HMT-921,Paenibacillus,glucanolyticus,,SLM1,3,7039886,,Contig,48.08,paenibacillus,0
GCA_001955865.1,HMT-921,Paenibacillus,glucanolyticus,,FSL R5-0817,118,7128183,,Contig,48.0,paenibacillus,0
GCA_003033945.1,HMT-921,Paenibacillus,glucanolyticus,,W10507,1,6573405,,Chromosome,48.78,paenibacillus,0
GCA_003184205.1,HMT-921,Paenibacillus,glucanolyticus,,Cedars,3,6720481,,Complete Genome,48.68,paenibacillus,0
GCA_004000885.1,HMT-921,Paenibacillus,glucanolyticus,,NBRC 15330,50,6150324,,Contig,48.57,paenibacillus,0
GCA_009377295.1,HMT-921,Paenibacillus,glucanolyticus,,J12,48,6494398,,Contig,48.99,paenibacillus,0
GCA_029893715.1,HMT-921,Paenibacillus,glucanolyticus,,LBL,52,6750056,,Contig,48.3,paenibacillus,0
GCA_000159955.1,HMT-786,Paenibacillus,phoenicis,,D14,75,5097411,,Scaffold,54.15,paenibacillus,0
GCA_025151705.1,HMT-786,Paenibacillus,phoenicis,,p3-SID1389,143,4559896,,Contig,52.69,paenibacillus,0
GCA_027665525.1,HMT-786,Paenibacillus,phoenicis,,AF83-02pH10A,226,4969493,,Scaffold,52.03,paenibacillus,0
GCA_019748915.1,HMT-048,Paenibacillus,typhae,,I2-R2,83,6926553,,Contig,51.96,paenibacillus,0
GCA_900099765.1,HMT-048,Paenibacillus,typhae,,CGMCC 1.11012,92,6740451,,Scaffold,51.66,paenibacillus,0
GCA_000163695.1,HMT-274,Paludibacteraceae [G1],bacterium HMT-274,,F0058,10,2113539,,Scaffold,43.25,paludibacteraceae [g1],0
GCA_905372485.1,HMT-274,Paludibacteraceae [G1],bacterium HMT-274,,SRR9217416-mag-bin.1,29,2138627,yes,Contig,43.14,paludibacteraceae [g1],0
GCA_937922685.1,HMT-274,Paludibacteraceae [G1],bacterium HMT-274,,SRR9217414_bin.53_CONCOCT_v1.1_MAG,73,2140109,yes,Contig,42.84,paludibacteraceae [g1],0
GCA_000012845.1,HMT-973,Parabacteroides,distasonis,,ATCC 8503,1,4811379,,Complete Genome,45.06,parabacteroides,0
GCA_006149185.1,HMT-973,Parabacteroides,distasonis,,CavFT-hAR46,1,4952323,,Complete Genome,45.2,parabacteroides,0
GCA_012851305.1,HMT-973,Parabacteroides,distasonis,,CBBP-1,1,5379509,,Complete Genome,45.06,parabacteroides,0
GCA_013267615.1,HMT-973,Parabacteroides,distasonis,,FDAARGOS_759,1,4926033,,Complete Genome,45.17,parabacteroides,0
GCA_016888905.1,HMT-973,Parabacteroides,distasonis,,FDAARGOS_1234,1,4812038,,Complete Genome,45.06,parabacteroides,0
GCA_018292145.1,HMT-973,Parabacteroides,distasonis,,CL03T12C09,1,5062790,,Complete Genome,45.13,parabacteroides,0
GCA_020735945.1,HMT-973,Parabacteroides,distasonis,,FDAARGOS_1565,1,4812066,,Complete Genome,45.06,parabacteroides,0
GCA_024758245.1,HMT-973,Parabacteroides,distasonis,,BFG-244,1,4963882,,Complete Genome,45.37,parabacteroides,0
GCA_030875795.1,HMT-973,Parabacteroides,distasonis,,GP102,1,5387833,,Complete Genome,44.79,parabacteroides,0
GCA_900683725.1,HMT-973,Parabacteroides,distasonis,,Parabacteroides distasonis 82G9,1,5212259,,Complete Genome,45.19,parabacteroides,0
GCA_003470675.1,HMT-974,Parabacteroides,merdae,,AM16-50,18,4595261,,Scaffold,45.42,parabacteroides,0
GCA_018289315.1,HMT-974,Parabacteroides,merdae,,CL06T03C08,2,4799513,,Complete Genome,45.43,parabacteroides,0
GCA_020091365.1,HMT-974,Parabacteroides,merdae,,BFG-280,1,4559639,,Complete Genome,45.41,parabacteroides,0
GCA_020735605.1,HMT-974,Parabacteroides,merdae,,FDAARGOS_1586,1,4375800,,Complete Genome,45.32,parabacteroides,0
GCA_022835275.1,HMT-974,Parabacteroides,merdae,,CE91-St3,26,5199758,,Contig,45.18,parabacteroides,0
GCA_024125345.1,HMT-974,Parabacteroides,merdae,,NB2A-29-D6,6,4718822,,Contig,45.32,parabacteroides,0
GCA_024592595.1,HMT-974,Parabacteroides,merdae,,GSH2021,2,4583119,,Contig,45.43,parabacteroides,0
GCA_024791515.1,HMT-974,Parabacteroides,merdae,,BFG-550,3,4369357,,Contig,45.41,parabacteroides,0
GCA_025151215.1,HMT-974,Parabacteroides,merdae,,ATCC 43184,1,4377447,,Complete Genome,45.32,parabacteroides,0
GCA_900445495.1,HMT-974,Parabacteroides,merdae,,NCTC13052,3,4403124,,Contig,45.3,parabacteroides,0
GCA_000622145.1,HMT-104,Paracoccus,yeei,,ATCC BAA-599,70,4428895,,Scaffold,67.49,paracoccus,0
GCA_002073635.2,HMT-104,Paracoccus,yeei,,FDAARGOS_252,8,4829607,,Complete Genome,67.06,paracoccus,0
GCA_002196965.1,HMT-104,Paracoccus,yeei,,G1212,199,4399776,,Contig,67.43,paracoccus,0
GCA_002749495.1,HMT-104,Paracoccus,yeei,,TT13,7,4620225,,Complete Genome,67.39,paracoccus,0
GCA_003285265.1,HMT-104,Paracoccus,yeei,,RSP-02,1,3592357,,Complete Genome,67.32,paracoccus,0
GCA_003612915.1,HMT-104,Paracoccus,yeei,,CCUG 32053,9,4668852,,Complete Genome,67.4,paracoccus,0
GCA_008693865.1,HMT-104,Paracoccus,yeei,,FDAARGOS_643,5,4689804,,Complete Genome,67.27,paracoccus,0
GCA_019748455.1,HMT-104,Paracoccus,yeei,,S/N-202-OC-B2,190,4360052,,Contig,67.41,paracoccus,0
GCA_904423865.1,HMT-104,Paracoccus,yeei,,Marseille-P2668,148,4688121,,Contig,67.19,paracoccus,0
GCA_943912945.1,HMT-104,Paracoccus,yeei,,h9MutR4ofj_bin.46.MAG,267,3904809,yes,Contig,68.23,paracoccus,0
GCA_000163835.1,HMT-586,Parascardovia,denticolens,,F0305,9,1897118,,Scaffold,58.44,parascardovia,0
GCA_000191785.1,HMT-586,Parascardovia,denticolens,,DSM 10105,1,1891448,,Chromosome,58.32,parascardovia,0
GCA_000269845.1,HMT-586,Parascardovia,denticolens,,IPLA 20019,38,2003311,,Contig,58.51,parascardovia,0
GCA_001042675.1,HMT-586,Parascardovia,denticolens,,JCM 12538,1,1890857,,Complete Genome,58.31,parascardovia,0
GCA_905371955.1,HMT-586,Parascardovia,denticolens,,SRR9217392-mag-bin.18,22,1849033,yes,Contig,58.78,parascardovia,0
GCA_938044075.1,HMT-586,Parascardovia,denticolens,,ERR589687_bin.28_CONCOCT_v1.1_MAG,24,1833178,yes,Contig,58.51,parascardovia,0
GCA_000154405.1,HMT-111,Parvimonas,micra,,ATCC 33270,16,1703872,,Scaffold,28.66,parvimonas,0
GCA_000493795.1,HMT-111,Parvimonas,micra,,A293,49,1680794,,Scaffold,28.37,parvimonas,0
GCA_000800295.1,HMT-111,Parvimonas,micra,,KCOM 1535; ChDC B708,1,1627009,,Complete Genome,28.61,parvimonas,0
GCA_003454775.1,HMT-111,Parvimonas,micra,,KCOM 1037,1,1661863,,Complete Genome,28.9,parvimonas,0
GCA_003938725.1,HMT-111,Parvimonas,micra,,FDAARGOS_569,2,1715975,,Contig,28.53,parvimonas,0
GCA_008633155.1,HMT-111,Parvimonas,micra,,13-07-26,14,1634483,,Scaffold,28.46,parvimonas,0
GCA_015263295.1,HMT-111,Parvimonas,micra,,JCVI_23_bin.11,70,1774636,yes,Contig,28.33,parvimonas,0
GCA_023147965.1,HMT-111,Parvimonas,micra,,EYE_66,16,1650841,,Contig,28.58,parvimonas,0
GCA_023148065.1,HMT-111,Parvimonas,micra,,EYE_30,17,1653180,,Scaffold,28.61,parvimonas,0
GCA_023148105.1,HMT-111,Parvimonas,micra,,EYE_29,14,1649822,,Scaffold,28.59,parvimonas,0
GCA_023148225.1,HMT-111,Parvimonas,micra,,EYE_25,17,1658119,,Scaffold,28.59,parvimonas,0
GCA_027460305.1,HMT-111,Parvimonas,micra,,PM79KC-AC-4,20,1731933,,Contig,29.07,parvimonas,0
GCA_027460315.1,HMT-111,Parvimonas,micra,,PM94KC-G-1,13,1672481,,Contig,28.7,parvimonas,0
GCA_027460345.1,HMT-111,Parvimonas,micra,,PM79KC-AC-3,21,1729584,,Contig,29.03,parvimonas,0
GCA_027460365.1,HMT-111,Parvimonas,micra,,PM79KC-AC-1,14,1731212,,Contig,29.03,parvimonas,0
GCA_027474905.1,HMT-111,Parvimonas,micra,,PM79KC-G-1,1,1678242,,Complete Genome,28.76,parvimonas,0
GCA_027474925.1,HMT-111,Parvimonas,micra,,PM79KC-AC-2,1,1755474,,Complete Genome,29.14,parvimonas,0
GCA_027474945.1,HMT-111,Parvimonas,micra,,PM89KC-G-1,1,1676768,,Complete Genome,28.81,parvimonas,0
GCA_027474965.1,HMT-111,Parvimonas,micra,,PM89KC-G-2,1,1676568,,Complete Genome,28.81,parvimonas,0
GCA_027474985.1,HMT-111,Parvimonas,micra,,PM89KC-AC-1,1,1663572,,Complete Genome,28.88,parvimonas,0
GCA_027475005.1,HMT-111,Parvimonas,micra,,PM102KC-G-1,1,1733605,,Complete Genome,29.04,parvimonas,0
GCA_027475025.1,HMT-111,Parvimonas,micra,,PM114KC-AC-1,1,1532745,,Complete Genome,28.42,parvimonas,0
GCA_900637905.1,HMT-111,Parvimonas,micra,,NCTC11808,1,1677398,,Complete Genome,28.53,parvimonas,0
GCA_902373675.1,HMT-111,Parvimonas,micra,,MGYG-HGUT-01301,16,1703872,,Scaffold,28.66,parvimonas,0
GCA_905198105.1,HMT-111,Parvimonas,micra,,ERR1190758-bin.22,47,1726992,yes,Contig,28.58,parvimonas,0
GCA_905373815.1,HMT-111,Parvimonas,micra,,SRR9217489-mag-bin.4,176,1561631,yes,Contig,28.42,parvimonas,0
GCA_938030085.1,HMT-111,Parvimonas,micra,,ERR589642_bin.0_CONCOCT_v1.1_MAG,41,1569637,yes,Contig,28.25,parvimonas,0
GCA_000214475.2,HMT-110,Parvimonas,sp. HMT-110,,F0139,2,1556464,,Contig,28.19,parvimonas,0
GCA_015263205.1,HMT-110,Parvimonas,sp. HMT-110,,JCVI_32_bin.37,111,1193945,yes,Contig,27.77,parvimonas,0
GCA_015263255.1,HMT-110,Parvimonas,sp. HMT-110,,JCVI_24_bin.16,85,1555998,yes,Scaffold,28.11,parvimonas,0
GCA_000223315.2,HMT-393,Parvimonas,sp. HMT-393,,F0440,5,1483165,,Contig,28.17,parvimonas,0
GCA_013333055.2,HMT-348,Parvisynbacter,sp. HMT-348,,T-C-M_MAG_00008,14,762856,yes,Contig,37.77,parvisynbacter,0
GCA_013333575.2,HMT-348,Parvisynbacter,sp. HMT-348,,P-C-F_MAG_00004,47,733643,yes,Contig,38.47,parvisynbacter,0
GCA_013333815.2,HMT-348,Parvisynbacter,sp. HMT-348,,P-B-F_MAG_00010,20,784149,yes,Contig,38.39,parvisynbacter,0
GCA_015257545.1,HMT-348,Parvisynbacter,sp. HMT-348,,JCVI_6_bin.10,22,927337,yes,Scaffold,37.79,parvisynbacter,0
GCA_015257555.2,HMT-348,Parvisynbacter,sp. HMT-348,,JCVI_32_bin.19,1,841302,yes,Complete Genome,38.21,parvisynbacter,0
GCA_015257575.1,HMT-348,Parvisynbacter,sp. HMT-348,,JCVI_1_bin.5,36,720911,yes,Scaffold,37.58,parvisynbacter,0
GCA_013333595.2,HMT-390,Parvisynbacter,sp. HMT-390,,P-C-F_MAG_00002,30,810727,yes,Contig,54.07,parvisynbacter,0
GCA_002761215.1,HMT-871,Patescibacteria [C1 O1 F1 G1],bacterium HMT-871,,HOT-871,1,1184529,,Complete Genome,25.07,patescibacteria [c1 o1 f1 g1],0
GCA_013333755.2,HMT-871,Patescibacteria [C1 O1 F1 G1],bacterium HMT-871,,P-B-F_MAG_00016,21,1010868,yes,Contig,25.01,patescibacteria [c1 o1 f1 g1],0
GCA_003260325.1,HMT-872,Patescibacteria [C1 O1 F1 G1],bacterium HMT-872,,GN02-872,11,1044027,,Contig,25.08,patescibacteria [c1 o1 f1 g1],0
GCA_003260345.1,HMT-873,Patescibacteria [C1 O1 F1 G2],bacterium HMT-873,,GN02-873,6,949611,,Contig,36.57,patescibacteria [c1 o1 f1 g2],0
GCA_013332525.2,HMT-873,Patescibacteria [C1 O1 F1 G2],bacterium HMT-873,,P-C-F_MAG_00005,34,963661,yes,Contig,37.02,patescibacteria [c1 o1 f1 g2],0
GCA_030530435.1,HMT-873,Patescibacteria [C1 O1 F1 G2],bacterium HMT-873,,S12M_Sa_6,38,922080,,Scaffold,36.43,patescibacteria [c1 o1 f1 g2],0
GCA_916720625.1,HMT-873,Patescibacteria [C1 O1 F1 G2],bacterium HMT-873,,SRR15235657_bin.8_metaWRAP_v1.1_MAG,39,911464,yes,Contig,36.46,patescibacteria [c1 o1 f1 g2],0
GCA_937876545.1,HMT-873,Patescibacteria [C1 O1 F1 G2],bacterium HMT-873,,SRR2240840_bin.21_CONCOCT_v1.1_MAG,57,892769,yes,Contig,36.62,patescibacteria [c1 o1 f1 g2],0
GCA_000162895.1,HMT-848,Peptidiphaga,gingivicola,,F0332,4,2520418,,Scaffold,64.42,peptidiphaga,0
GCA_001652275.1,HMT-848,Peptidiphaga,gingivicola,,BA112,3,2524828,,Contig,64.42,peptidiphaga,0
GCA_005886335.1,HMT-848,Peptidiphaga,gingivicola,,F0332,1,2526493,,Complete Genome,64.39,peptidiphaga,0
GCA_938045425.1,HMT-848,Peptidiphaga,gingivicola,,ERR589608_bin.6_CONCOCT_v1.1_MAG,21,2541501,yes,Contig,64.29,peptidiphaga,0
GCA_000466165.1,HMT-183,Peptidiphaga,sp. HMT-183,,F0552,73,2366015,,Scaffold,67.84,peptidiphaga,0
GCA_905372705.1,HMT-183,Peptidiphaga,sp. HMT-183,,SRR9217428-mag-bin.20,66,2202127,yes,Contig,67.97,peptidiphaga,0
GCA_927911685.1,HMT-183,Peptidiphaga,sp. HMT-183,,ERR3827207_bin.1_metaWRAP_v1.1_MAG,159,2232486,yes,Contig,67.75,peptidiphaga,0
GCA_937927035.1,HMT-183,Peptidiphaga,sp. HMT-183,,ERR589515_bin.73_CONCOCT_v1.1_MAG,32,2411043,yes,Contig,67.57,peptidiphaga,0
GCA_900167215.1,HMT-796,Peptoanaerobacter,margaretiae,,ATCC 43714,41,2553999,,Scaffold,32.17,peptoanaerobacter,0
GCA_000238095.2,HMT-081,Peptoanaerobacter,stomatis,,CM2,3,2325163,,Scaffold,30.47,peptoanaerobacter,0
GCA_000238115.1,HMT-081,Peptoanaerobacter,stomatis,,ACC19a,50,2543633,,Scaffold,30.43,peptoanaerobacter,0
GCA_000238135.1,HMT-081,Peptoanaerobacter,stomatis,,CM5,92,2596720,,Scaffold,30.52,peptoanaerobacter,0
GCA_000293035.1,HMT-081,Peptoanaerobacter,stomatis,,OBRC8,40,2553276,,Contig,30.68,peptoanaerobacter,0
GCA_013394875.1,HMT-081,Peptoanaerobacter,stomatis,,W5028,5,2575607,,Contig,30.72,peptoanaerobacter,0
GCA_000467935.1,HMT-113,Peptoniphilaceae [G1],bacterium HMT-113,,W5053,129,2088253,,Scaffold,37.2,peptoniphilaceae [g1],0
GCA_905373735.1,HMT-113,Peptoniphilaceae [G1],bacterium HMT-113,,SRR9217490-mag-bin.7,80,2073107,yes,Contig,36.95,peptoniphilaceae [g1],0
GCA_937925075.1,HMT-113,Peptoniphilaceae [G1],bacterium HMT-113,,ERR589356_bin.114_CONCOCT_v1.1_MAG,279,1193342,yes,Contig,39.06,peptoniphilaceae [g1],0
GCA_000312505.3,HMT-929,Fenollaria,massiliensis,,9401234,7,1709677,,Scaffold,34.47,fenollaria,0
GCA_001811395.1,HMT-929,Fenollaria,massiliensis,,HMSC064C01,24,1607714,,Scaffold,34.76,fenollaria,0
GCA_002998695.1,HMT-929,Fenollaria,massiliensis,,W2294,1,1646831,,Complete Genome,34.61,fenollaria,0
GCA_023347705.1,HMT-929,Fenollaria,massiliensis,,C0061C2,1,1609887,,Complete Genome,34.71,fenollaria,0
GCA_900176625.1,HMT-929,Fenollaria,massiliensis,,Marseille-P2986,15,1873678,,Scaffold,34.67,fenollaria,0
GCA_902488615.1,HMT-929,Fenollaria,massiliensis,,MGYG-HGUT-03738,84,1531797,,Contig,34.45,fenollaria,0
GCA_937940695.1,HMT-929,Fenollaria,massiliensis,,SRR12395661_bin.83_CONCOCT_v1.1_MAG,135,1569458,yes,Contig,34.66,fenollaria,0
GCA_947090005.1,HMT-929,Fenollaria,massiliensis,,SRR10258546_bin.5_metaWRAP_v1.3_MAG,106,1423838,yes,Contig,34.82,fenollaria,0
GCA_947254675.1,HMT-929,Fenollaria,massiliensis,,SRR17635492_bin.7_metaWRAP_v1.3_MAG,62,1482435,yes,Contig,34.57,fenollaria,0
GCA_016791605.1,HMT-548,Peptoniphilus,asaccharolyticus,,FDAARGOS_1135,3,2320207,,Contig,32.39,peptoniphilus,0
GCA_900176115.1,HMT-548,Peptoniphilus,asaccharolyticus,,DSM 20463,17,2232586,,Contig,32.29,peptoniphilus,0
GCA_000311825.1,HMT-187,Peptoniphilus,grossensis,,ph5,8,2101866,,Scaffold,36.18,peptoniphilus,0
GCA_001811425.1,HMT-187,Peptoniphilus,grossensis,,HMSC062D09,70,1883002,,Scaffold,34.19,peptoniphilus,0
GCA_900539075.1,HMT-187,Peptoniphilus,grossensis,,UMGS92,83,1753032,,Contig,34.14,peptoniphilus,0
GCA_902385805.1,HMT-187,Peptoniphilus,grossensis,,MGYG-HGUT-02317,77,2029837,,Contig,33.91,peptoniphilus,0
GCA_937980405.1,HMT-187,Peptoniphilus,grossensis,,SRR12395647_bin.57_CONCOCT_v1.1_MAG,142,1389669,yes,Contig,34.38,peptoniphilus,0
GCA_016403225.1,HMT-109,Peptoniphilus,harei,,FDAARGOS_1012,1,1791970,,Chromosome,34.34,peptoniphilus,0
GCA_016726485.1,HMT-109,Peptoniphilus,harei,,FDAARGOS_1136,1,1929566,,Complete Genome,33.86,peptoniphilus,0
GCA_023614525.1,HMT-109,Peptoniphilus,harei,,SAHP1,1,1917962,,Complete Genome,34.58,peptoniphilus,0
GCA_030219285.1,HMT-109,Peptoniphilus,harei,,UMB0065,19,1962376,,Contig,34.21,peptoniphilus,0
GCA_030223965.1,HMT-109,Peptoniphilus,harei,,UMB10226A,18,1966886,,Contig,34.28,peptoniphilus,0
GCA_030223985.1,HMT-109,Peptoniphilus,harei,,UMB10226B,18,1967478,,Contig,34.28,peptoniphilus,0
GCA_900454685.1,HMT-109,Peptoniphilus,harei,,NCTC13076,36,2168934,,Contig,33.75,peptoniphilus,0
GCA_900638565.1,HMT-109,Peptoniphilus,harei,,NCTC13077,1,1739102,,Complete Genome,34.42,peptoniphilus,0
GCA_949769225.1,HMT-109,Peptoniphilus,harei,,Marseille-Q7072,29,2038234,,Contig,34.25,peptoniphilus,0
GCA_900454665.1,HMT-840,Peptoniphilus,indolicus,,NCTC11088,4,2247968,,Contig,31.58,peptoniphilus,0
GCA_000176955.1,HMT-836,Peptoniphilus,lacrimalis,,315-B,71,1699205,,Contig,29.91,peptoniphilus,0
GCA_000179335.1,HMT-836,Peptoniphilus,lacrimalis,,F0141,145,1625156,,Contig,30.33,peptoniphilus,0
GCA_000378725.1,HMT-836,Peptoniphilus,lacrimalis,,DSM 7455,21,1849203,,Scaffold,30.22,peptoniphilus,0
GCA_030223725.1,HMT-836,Peptoniphilus,lacrimalis,,UMB12383B,40,1786004,,Contig,30.16,peptoniphilus,0
GCA_030223765.1,HMT-836,Peptoniphilus,lacrimalis,,UMB12383A,45,1786622,,Contig,30.17,peptoniphilus,0
GCA_030228605.1,HMT-836,Peptoniphilus,lacrimalis,,UMB10230B.2,74,1799428,,Contig,30.02,peptoniphilus,0
GCA_900454715.1,HMT-836,Peptoniphilus,lacrimalis,,NCTC13149,2,1883562,,Contig,30.34,peptoniphilus,0
GCA_946999085.1,HMT-836,Peptoniphilus,lacrimalis,,SRR16916860_bin.16_metaWRAP_v1.3_MAG,36,1573547,yes,Contig,29.93,peptoniphilus,0
GCA_947090595.1,HMT-836,Peptoniphilus,lacrimalis,,SRR10258545_bin.3_metaWRAP_v1.3_MAG,29,1853746,yes,Contig,30.09,peptoniphilus,0
GCA_947253825.1,HMT-836,Peptoniphilus,lacrimalis,,SRR17635683_bin.24_metaWRAP_v1.3_MAG,37,1495121,yes,Contig,30.0,peptoniphilus,0
GCA_000246925.2,HMT-784,Peptoniphilus,lacydonensis,,13-Jan,56,1885265,,Contig,29.91,peptoniphilus,0
GCA_018378045.1,HMT-784,Peptoniphilus,lacydonensis,,L2_039_000G1_dasL2_039_000G1_maxbin2.maxbin.073,81,1811805,yes,Contig,29.88,peptoniphilus,0
GCA_900106515.1,HMT-784,Peptoniphilus,lacydonensis,,EL1,3,1845182,,Contig,29.9,peptoniphilus,0
GCA_900538825.1,HMT-784,Peptoniphilus,lacydonensis,,UMGS62,12,1622414,,Contig,29.92,peptoniphilus,0
GCA_902481125.1,HMT-784,Peptoniphilus,lacydonensis,,MGYG-HGUT-02959,12,1622414,,Contig,29.92,peptoniphilus,0
GCA_946221985.1,HMT-784,Peptoniphilus,lacydonensis,,G1PKZQxjmC_bin.4.MAG,43,1707411,yes,Contig,29.82,peptoniphilus,0
GCA_000242675.1,HMT-105,Anaerovoracaceae [G1],infirmum,,F0142,13,1910927,,Scaffold,40.42,anaerovoracaceae [g1],0
GCA_019416205.1,HMT-105,Anaerovoracaceae [G1],infirmum,,HRGM_Genome_3787,269,1264423,,Contig,41.79,anaerovoracaceae [g1],0
GCA_900450455.1,HMT-105,Anaerovoracaceae [G1],infirmum,,NCTC12940,2,1906995,,Contig,40.18,anaerovoracaceae [g1],0
GCA_938046765.1,HMT-105,Anaerovoracaceae [G1],infirmum,,ERR589364_bin.14_CONCOCT_v1.1_MAG,59,1954565,yes,Contig,40.07,anaerovoracaceae [g1],0
GCA_947096185.1,HMT-105,Anaerovoracaceae [G1],infirmum,,SRR8786261_bin.15_metaWRAP_v1.3_MAG,184,1407999,yes,Contig,41.02,anaerovoracaceae [g1],0
GCA_000526055.1,HMT-467,Anaerovoracaceae [G1],sulci,,ATCC 35585,18,1728669,,Contig,39.88,anaerovoracaceae [g1],0
GCA_001189495.1,HMT-467,Anaerovoracaceae [G1],sulci,,ATCC 35585,1,1739380,,Complete Genome,39.92,anaerovoracaceae [g1],0
GCA_015255615.1,HMT-467,Anaerovoracaceae [G1],sulci,,JCVI_49_bin.14,115,2363855,yes,Contig,39.39,anaerovoracaceae [g1],0
GCA_015255645.1,HMT-467,Anaerovoracaceae [G1],sulci,,JCVI_48_bin.21,165,1423409,yes,Scaffold,40.75,anaerovoracaceae [g1],0
GCA_015255705.1,HMT-467,Anaerovoracaceae [G1],sulci,,JCVI_42_bin.9,127,1588988,yes,Scaffold,40.34,anaerovoracaceae [g1],0
GCA_015255725.1,HMT-467,Anaerovoracaceae [G1],sulci,,JCVI_38_bin.11,48,1712718,yes,Contig,40.03,anaerovoracaceae [g1],0
GCA_015255735.1,HMT-467,Anaerovoracaceae [G1],sulci,,JCVI_41_bin.14,54,1725057,yes,Contig,40.01,anaerovoracaceae [g1],0
GCA_015255745.1,HMT-467,Anaerovoracaceae [G1],sulci,,JCVI_37_bin.11,186,1671780,yes,Scaffold,40.31,anaerovoracaceae [g1],0
GCA_015255785.1,HMT-467,Anaerovoracaceae [G1],sulci,,JCVI_34_bin.13,34,1785280,yes,Scaffold,39.82,anaerovoracaceae [g1],0
GCA_015255805.1,HMT-467,Anaerovoracaceae [G1],sulci,,JCVI_33_bin.6,62,1698949,yes,Contig,40.07,anaerovoracaceae [g1],0
GCA_015255825.1,HMT-467,Anaerovoracaceae [G1],sulci,,JCVI_32_bin.54,42,1639903,yes,Contig,40.06,anaerovoracaceae [g1],0
GCA_015255865.1,HMT-467,Anaerovoracaceae [G1],sulci,,JCVI_28_bin.13,65,1672967,yes,Contig,40.23,anaerovoracaceae [g1],0
GCA_015255915.1,HMT-467,Anaerovoracaceae [G1],sulci,,JCVI_25_bin.2,32,1737384,yes,Contig,40.06,anaerovoracaceae [g1],0
GCA_015255975.1,HMT-467,Anaerovoracaceae [G1],sulci,,JCVI_24_bin.9,26,1835897,yes,Contig,39.76,anaerovoracaceae [g1],0
GCA_015256015.1,HMT-467,Anaerovoracaceae [G1],sulci,,JCVI_1_bin.13,72,1623809,yes,Scaffold,40.0,anaerovoracaceae [g1],0
GCA_015256025.1,HMT-467,Anaerovoracaceae [G1],sulci,,JCVI_18_bin.6,126,1743182,yes,Contig,39.89,anaerovoracaceae [g1],0
GCA_015256085.1,HMT-467,Anaerovoracaceae [G1],sulci,,JCVI_16_bin.7,173,1560527,yes,Contig,40.27,anaerovoracaceae [g1],0
GCA_015256115.1,HMT-467,Anaerovoracaceae [G1],sulci,,JCVI_12_bin.8,22,1675367,yes,Contig,39.86,anaerovoracaceae [g1],0
GCA_015256125.1,HMT-467,Anaerovoracaceae [G1],sulci,,JCVI_13_bin.4,42,1577907,yes,Scaffold,40.27,anaerovoracaceae [g1],0
GCA_015256135.1,HMT-467,Anaerovoracaceae [G1],sulci,,JCVI_14_bin.12,197,1555823,yes,Scaffold,40.25,anaerovoracaceae [g1],0
GCA_015256185.1,HMT-467,Anaerovoracaceae [G1],sulci,,JCVI_10_bin.4,36,1817673,yes,Scaffold,39.75,anaerovoracaceae [g1],0
GCA_916720415.1,HMT-467,Anaerovoracaceae [G1],sulci,,SRR15235662_bin.10_metaWRAP_v1.1_MAG,124,1634611,yes,Contig,40.18,anaerovoracaceae [g1],0
GCA_938014155.1,HMT-467,Anaerovoracaceae [G1],sulci,,SRR8114013_bin.50_CONCOCT_v1.1_MAG,24,1790637,yes,Contig,39.7,anaerovoracaceae [g1],0
GCA_000161975.1,HMT-759,Anaerovoracaceae [G5],saphenum,,ATCC 49989,1,1084901,,Scaffold,40.58,anaerovoracaceae [g5],0
GCA_905372295.1,HMT-759,Anaerovoracaceae [G5],saphenum,,SRR9217404-mag-bin.16,111,577738,yes,Contig,41.02,anaerovoracaceae [g5],0
GCA_938044195.1,HMT-759,Anaerovoracaceae [G5],saphenum,,ERR589642_bin.33_CONCOCT_v1.1_MAG,15,1072173,yes,Contig,40.22,anaerovoracaceae [g5],0
GCA_000488855.1,HMT-557,Gallibacter,brachus,,ATCC 33089,19,1544525,,Scaffold,37.94,gallibacter,0
GCA_015256235.1,HMT-557,Gallibacter,brachus,,JCVI_32_bin.35,28,1461482,yes,Contig,38.2,gallibacter,0
GCA_905373725.1,HMT-557,Gallibacter,brachus,,SRR9217489-mag-bin.1,84,1481714,yes,Contig,38.14,gallibacter,0
GCA_916438985.1,HMT-557,Gallibacter,brachus,,DRR214961_bin.18_metaWRAP_v1.1_MAG,1,1538677,yes,Contig,38.04,gallibacter,0
GCA_938046275.1,HMT-557,Gallibacter,brachus,,ERR589490_bin.53_CONCOCT_v1.1_MAG,18,1427916,yes,Contig,38.22,gallibacter,0
GCA_000178095.1,HMT-542,Peptostreptococcus,anaerobius,,653-L,73,2083092,,Contig,35.88,peptostreptococcus,0
GCA_000318115.1,HMT-542,Peptostreptococcus,anaerobius,,VPI 4330,91,1988451,,Scaffold,36.02,peptostreptococcus,0
GCA_000381525.1,HMT-542,Peptostreptococcus,anaerobius,,DSM 2949,68,2106935,,Scaffold,35.74,peptostreptococcus,0
GCA_000431415.1,HMT-542,Peptostreptococcus,anaerobius,,na,90,1900981,,Scaffold,36.07,peptostreptococcus,0
GCA_001553145.1,HMT-542,Peptostreptococcus,anaerobius,,KA00810,88,2002682,,Scaffold,35.98,peptostreptococcus,0
GCA_001563595.1,HMT-542,Peptostreptococcus,anaerobius,,MJR8628A,65,2023341,,Scaffold,35.95,peptostreptococcus,0
GCA_015548685.1,HMT-542,Peptostreptococcus,anaerobius,,BSD2780120874b_170522_E5,43,2077187,,Scaffold,35.79,peptostreptococcus,0
GCA_018369655.1,HMT-542,Peptostreptococcus,anaerobius,,L3_108_000G1_dasL3_108_000G1_concoct_14,70,1983030,yes,Contig,35.97,peptostreptococcus,0
GCA_019013055.1,HMT-542,Peptostreptococcus,anaerobius,,CD12_MAG18,207,1632659,yes,Contig,36.48,peptostreptococcus,0
GCA_020558055.1,HMT-542,Peptostreptococcus,anaerobius,,DFI.6.4,114,2079750,,Contig,35.81,peptostreptococcus,0
GCA_024462755.1,HMT-542,Peptostreptococcus,anaerobius,,DFI.6.106,95,2088515,,Contig,35.76,peptostreptococcus,0
GCA_028326405.1,HMT-542,Peptostreptococcus,anaerobius,,H2_m1001271B151109d1_201121,46,2029923,,Scaffold,36.04,peptostreptococcus,0
GCA_028326425.1,HMT-542,Peptostreptococcus,anaerobius,,F12_m1001271B151109d1_201121,46,2025859,,Scaffold,36.05,peptostreptococcus,0
GCA_028326445.1,HMT-542,Peptostreptococcus,anaerobius,,H10_m1001271B151109d1_201121,43,2025954,,Scaffold,36.03,peptostreptococcus,0
GCA_028326465.1,HMT-542,Peptostreptococcus,anaerobius,,H11_m1001271B151109d1_201121,44,2027472,,Scaffold,36.05,peptostreptococcus,0
GCA_028326485.1,HMT-542,Peptostreptococcus,anaerobius,,G4_m1001271B151109d1_201121,45,2031286,,Scaffold,36.08,peptostreptococcus,0
GCA_028326495.1,HMT-542,Peptostreptococcus,anaerobius,,G10_m1001271B151109d1_201121,47,2033547,,Scaffold,36.09,peptostreptococcus,0
GCA_028326525.1,HMT-542,Peptostreptococcus,anaerobius,,E6_m1001271B151109d1_201121,46,2022280,,Scaffold,36.03,peptostreptococcus,0
GCA_028326545.1,HMT-542,Peptostreptococcus,anaerobius,,G1_m1001271B151109d1_201121,50,2035337,,Scaffold,36.09,peptostreptococcus,0
GCA_028326565.1,HMT-542,Peptostreptococcus,anaerobius,,E11_m1001271B151109d1_201121,47,2028115,,Scaffold,36.07,peptostreptococcus,0
GCA_028326585.1,HMT-542,Peptostreptococcus,anaerobius,,D7_m1001271B151109d1_201121,45,2023578,,Scaffold,36.03,peptostreptococcus,0
GCA_028326605.1,HMT-542,Peptostreptococcus,anaerobius,,B5_m1001271B151109d1_201121,47,2032015,,Scaffold,36.04,peptostreptococcus,0
GCA_028326625.1,HMT-542,Peptostreptococcus,anaerobius,,B8_m1001271B151109d1_201121,47,2028057,,Scaffold,36.05,peptostreptococcus,0
GCA_028327965.1,HMT-542,Peptostreptococcus,anaerobius,,B1_m1001271B151109d1_201121,47,2028953,,Scaffold,36.04,peptostreptococcus,0
GCA_028327985.1,HMT-542,Peptostreptococcus,anaerobius,,A1_m1001271B151109d1_201121,44,2029988,,Scaffold,36.06,peptostreptococcus,0
GCA_028328025.1,HMT-542,Peptostreptococcus,anaerobius,,J1101312st1_D9_J1101312_190322,76,2132440,,Scaffold,35.46,peptostreptococcus,0
GCA_028328045.1,HMT-542,Peptostreptococcus,anaerobius,,J1101312st1_B2_J1101312_190322,81,2130226,,Scaffold,35.45,peptostreptococcus,0
GCA_028328065.1,HMT-542,Peptostreptococcus,anaerobius,,BSD2780120874st1_F9_BSD2780120874b_170522,43,2077619,,Scaffold,35.79,peptostreptococcus,0
GCA_028328105.1,HMT-542,Peptostreptococcus,anaerobius,,J1101312st1_E8_J1101312_190322,79,2129957,,Scaffold,35.46,peptostreptococcus,0
GCA_030227555.1,HMT-542,Peptostreptococcus,anaerobius,,UMB10161.3,76,1992791,,Contig,35.94,peptostreptococcus,0
GCA_900115025.1,HMT-542,Peptostreptococcus,anaerobius,,C,60,2116810,,Scaffold,35.71,peptostreptococcus,0
GCA_900454605.1,HMT-542,Peptostreptococcus,anaerobius,,NCTC11460,5,2256756,,Contig,35.73,peptostreptococcus,0
GCA_902461015.1,HMT-542,Peptostreptococcus,anaerobius,,MGYG-HGUT-00296,38,1868390,,Contig,35.9,peptostreptococcus,0
GCA_905196715.1,HMT-542,Peptostreptococcus,anaerobius,,ERR414493-bin.1,112,1853305,yes,Contig,36.31,peptostreptococcus,0
GCA_937974095.1,HMT-542,Peptostreptococcus,anaerobius,,SRR3546782_bin.52_CONCOCT_v1.1_MAG,62,1783490,yes,Contig,36.27,peptostreptococcus,0
GCA_946998135.1,HMT-542,Peptostreptococcus,anaerobius,,SRR16916875_bin.10_metaWRAP_v1.3_MAG,47,1860680,yes,Contig,36.02,peptostreptococcus,0
GCA_947086575.1,HMT-542,Peptostreptococcus,anaerobius,,SRR11749280_bin.18_metaWRAP_v1.3_MAG,84,1788916,yes,Contig,36.19,peptostreptococcus,0
GCA_947253115.1,HMT-542,Peptostreptococcus,anaerobius,,SRR17635664_bin.8_metaWRAP_v1.3_MAG,83,2012644,yes,Contig,35.89,peptostreptococcus,0
GCA_000147675.2,HMT-112,Peptostreptococcus,stomatis,,DSM 17678,74,1988044,,Contig,36.66,peptostreptococcus,0
GCA_016775375.1,HMT-112,Peptostreptococcus,stomatis,,03NH,47,1931518,,Scaffold,36.64,peptostreptococcus,0
GCA_902496525.1,HMT-112,Peptostreptococcus,stomatis,,MGYG-HGUT-04565,63,1730330,,Contig,37.21,peptostreptococcus,0
GCA_938038625.1,HMT-112,Peptostreptococcus,stomatis,,ERR589365_bin.92_CONCOCT_v1.1_MAG,36,1807785,yes,Contig,36.82,peptostreptococcus,0
GCA_000312445.1,HMT-272,Phocaeicola,abscessus,,CCUG 55929,14,2536876,,Scaffold,47.45,phocaeicola,0
GCA_000442105.1,HMT-272,Phocaeicola,abscessus,,F0290,30,2502741,,Contig,47.68,phocaeicola,0
GCA_905373595.1,HMT-272,Phocaeicola,abscessus,,SRR9217479-mag-bin.6,139,2363197,yes,Contig,47.59,phocaeicola,0
GCA_001640865.1,HMT-975,Phocaeicola,dorei,,CL03T12C01,1,5310365,,Complete Genome,41.59,phocaeicola,0
GCA_013009555.1,HMT-975,Phocaeicola,dorei,,DSM 17855,1,5625488,,Complete Genome,42.11,phocaeicola,0
GCA_013009675.1,HMT-975,Phocaeicola,dorei,,JR01,1,5511747,,Complete Genome,42.14,phocaeicola,0
GCA_013009875.1,HMT-975,Phocaeicola,dorei,,JR02,1,5515594,,Complete Genome,42.16,phocaeicola,0
GCA_013010095.1,HMT-975,Phocaeicola,dorei,,JR03,1,5510617,,Complete Genome,42.15,phocaeicola,0
GCA_013010255.1,HMT-975,Phocaeicola,dorei,,JR04,1,5575489,,Complete Genome,41.7,phocaeicola,0
GCA_013010365.1,HMT-975,Phocaeicola,dorei,,JR05,1,5571237,,Complete Genome,41.7,phocaeicola,0
GCA_025146415.1,HMT-975,Phocaeicola,dorei,,DSM 17855,1,5625379,,Complete Genome,42.11,phocaeicola,0
GCA_030122685.1,HMT-975,Phocaeicola,dorei,,1,2,5572610,,Complete Genome,41.7,phocaeicola,0
GCA_000373085.1,HMT-976,Phocaeicola,massiliensis,,DSM 17679,94,4510688,,Scaffold,42.79,phocaeicola,0
GCA_000382445.1,HMT-976,Phocaeicola,massiliensis,,DSM 17679,15,4646209,,Scaffold,43.7,phocaeicola,0
GCA_003435685.1,HMT-976,Phocaeicola,massiliensis,,AM22-3LB,63,3948010,,Scaffold,42.11,phocaeicola,0
GCA_003462285.1,HMT-976,Phocaeicola,massiliensis,,AM25-34,71,4177369,,Scaffold,42.31,phocaeicola,0
GCA_015560925.1,HMT-976,Phocaeicola,massiliensis,,D31t1_170403_E10,62,4015887,,Scaffold,42.22,phocaeicola,0
GCA_023668195.1,HMT-976,Phocaeicola,massiliensis,,MB20-206,88,4458544,,Contig,42.38,phocaeicola,0
GCA_023668475.1,HMT-976,Phocaeicola,massiliensis,,MB20-133,81,4740807,,Contig,42.32,phocaeicola,0
GCA_027662465.1,HMT-976,Phocaeicola,massiliensis,,AM09-38,77,4032207,,Scaffold,42.28,phocaeicola,0
GCA_027683955.1,HMT-976,Phocaeicola,massiliensis,,AF25-14LB,62,3917087,,Scaffold,42.41,phocaeicola,0
GCA_902364735.1,HMT-976,Phocaeicola,massiliensis,,MGYG-HGUT-00243,63,3948010,,Scaffold,42.11,phocaeicola,0
GCA_000187895.1,HMT-977,Phocaeicola,plebeius,,DSM 17135,19,4421924,,Scaffold,44.32,phocaeicola,0
GCA_003438305.1,HMT-977,Phocaeicola,plebeius,,OM06-2,63,3889096,,Scaffold,44.53,phocaeicola,0
GCA_003469295.1,HMT-977,Phocaeicola,plebeius,,AM31-10,82,3723715,,Scaffold,44.14,phocaeicola,0
GCA_003471645.1,HMT-977,Phocaeicola,plebeius,,AM17-44,88,3530609,,Scaffold,44.29,phocaeicola,0
GCA_003474305.1,HMT-977,Phocaeicola,plebeius,,AF39-11,76,3729283,,Scaffold,44.35,phocaeicola,0
GCA_003474535.1,HMT-977,Phocaeicola,plebeius,,AF39-5AC,80,3721697,,Scaffold,44.33,phocaeicola,0
GCA_027686135.1,HMT-977,Phocaeicola,plebeius,,AF102-87,104,3852563,,Scaffold,44.49,phocaeicola,0
GCA_027686485.1,HMT-977,Phocaeicola,plebeius,,AF102-36,96,3854113,,Scaffold,44.49,phocaeicola,0
GCA_027693505.1,HMT-977,Phocaeicola,plebeius,,OF30-13pH9A,132,3663941,,Scaffold,44.2,phocaeicola,0
GCA_902374375.1,HMT-977,Phocaeicola,plebeius,,MGYG-HGUT-01364,19,4421924,,Scaffold,44.32,phocaeicola,0
GCA_000012825.1,HMT-978,Phocaeicola,vulgatus,,ATCC 8482,1,5163189,,Complete Genome,42.2,phocaeicola,0
GCA_008728395.1,HMT-978,Phocaeicola,vulgatus,,VIC01,1,5010342,,Complete Genome,42.37,phocaeicola,0
GCA_016766915.1,HMT-978,Phocaeicola,vulgatus,,FDAARGOS_1098,1,5141011,,Chromosome,42.22,phocaeicola,0
GCA_016766935.1,HMT-978,Phocaeicola,vulgatus,,FDAARGOS_1099,2,5359526,,Chromosome,42.31,phocaeicola,0
GCA_018289355.1,HMT-978,Phocaeicola,vulgatus,,CL06T03C24,2,5306031,,Complete Genome,42.38,phocaeicola,0
GCA_024758205.1,HMT-978,Phocaeicola,vulgatus,,BFG-626,1,4919717,,Complete Genome,42.22,phocaeicola,0
GCA_024759565.1,HMT-978,Phocaeicola,vulgatus,,BFG-201,2,5381150,,Complete Genome,42.25,phocaeicola,0
GCA_024790365.1,HMT-978,Phocaeicola,vulgatus,,BFG-194,3,5325727,,Contig,42.28,phocaeicola,0
GCA_024792005.1,HMT-978,Phocaeicola,vulgatus,,BFG-429,3,5062946,,Contig,42.23,phocaeicola,0
GCA_024792655.1,HMT-978,Phocaeicola,vulgatus,,BFG-289,2,5142176,,Contig,42.45,phocaeicola,0
GCA_000183605.2,HMT-547,Porphyromonas,asaccharolytica,,PR426713P-I,58,2199119,,Contig,52.32,porphyromonas,1
GCA_000212375.1,HMT-547,Porphyromonas,asaccharolytica,,DSM 20707,1,2186370,,Complete Genome,52.47,porphyromonas,1
GCA_902406175.1,HMT-547,Porphyromonas,asaccharolytica,,MGYG-HGUT-04267,74,2088006,,Contig,52.77,porphyromonas,1
GCA_938034265.1,HMT-547,Porphyromonas,asaccharolytica,,ERR1018211_bin.35_CONCOCT_v1.1_MAG,120,2193345,yes,Contig,52.36,porphyromonas,1
GCA_943914235.1,HMT-547,Porphyromonas,asaccharolytica,,etXQlXaGiH_bin.5.MAG,248,1812413,yes,Contig,53.1,porphyromonas,1
GCA_000318215.2,HMT-283,Porphyromonas,catoniae,,F0037,18,2101485,,Scaffold,51.02,porphyromonas,1
GCA_000565015.1,HMT-283,Porphyromonas,catoniae,,ATCC 51270,25,2040170,,Contig,50.99,porphyromonas,1
GCA_938021195.1,HMT-283,Porphyromonas,catoniae,,ERR589473_bin.15_CONCOCT_v1.1_MAG,10,1908764,yes,Contig,50.99,porphyromonas,1
GCA_000174815.1,HMT-273,Porphyromonas,endodontalis,,ATCC 35406,37,2064508,,Contig,47.52,porphyromonas,1
GCA_020097375.1,HMT-273,Porphyromonas,endodontalis,,FDAARGOS_1506,1,2102930,,Complete Genome,47.53,porphyromonas,1
GCA_900454815.1,HMT-273,Porphyromonas,endodontalis,,NCTC13058,2,2111739,,Contig,47.53,porphyromonas,1
GCA_905372125.1,HMT-273,Porphyromonas,endodontalis,,SRR9217394-mag-bin.3,35,1949330,yes,Contig,47.62,porphyromonas,1
GCA_938041855.1,HMT-273,Porphyromonas,endodontalis,,ERR589472_bin.90_CONCOCT_v1.1_MAG,9,1879559,yes,Contig,47.71,porphyromonas,1
GCA_947097935.1,HMT-273,Porphyromonas,endodontalis,,SRR8786260_bin.7_metaWRAP_v1.3_MAG,94,1784586,yes,Contig,48.08,porphyromonas,1
GCA_000007585.1,HMT-619,Porphyromonas,gingivalis,,W83,1,2343476,,Complete Genome,48.29,porphyromonas,1
GCA_000010505.1,HMT-619,Porphyromonas,gingivalis,,ATCC 33277,1,2354886,,Complete Genome,48.36,porphyromonas,1
GCA_000270225.1,HMT-619,Porphyromonas,gingivalis,,TDC60,1,2339898,,Complete Genome,48.34,porphyromonas,1
GCA_000271945.1,HMT-619,Porphyromonas,gingivalis,,W50,104,2242062,,Contig,48.33,porphyromonas,1
GCA_000380305.1,HMT-619,Porphyromonas,gingivalis,,JCVI SC001,1,2426396,,Chromosome,48.91,porphyromonas,1
GCA_000467795.1,HMT-619,Porphyromonas,gingivalis,,F0568,154,2334744,,Scaffold,48.55,porphyromonas,1
GCA_000467815.1,HMT-619,Porphyromonas,gingivalis,,F0569,111,2249227,,Scaffold,48.58,porphyromonas,1
GCA_000467835.1,HMT-619,Porphyromonas,gingivalis,,F0570,117,2282791,,Scaffold,48.58,porphyromonas,1
GCA_000467955.1,HMT-619,Porphyromonas,gingivalis,,F0185,113,2246368,,Scaffold,48.68,porphyromonas,1
GCA_000467975.1,HMT-619,Porphyromonas,gingivalis,,F0566,192,2306092,,Scaffold,48.53,porphyromonas,1
GCA_000467995.1,HMT-619,Porphyromonas,gingivalis,,W4087,114,2216597,,Scaffold,48.56,porphyromonas,1
GCA_000503975.1,HMT-619,Porphyromonas,gingivalis,,SJD2,117,2329548,,Scaffold,48.39,porphyromonas,1
GCA_000739415.1,HMT-619,Porphyromonas,gingivalis,,HG66,1,2441780,,Chromosome,48.11,porphyromonas,1
GCA_001263815.1,HMT-619,Porphyromonas,gingivalis,,A7436,1,2367029,,Complete Genome,48.33,porphyromonas,1
GCA_001274615.1,HMT-619,Porphyromonas,gingivalis,,AJW4,1,2372492,,Complete Genome,48.27,porphyromonas,1
GCA_001297745.1,HMT-619,Porphyromonas,gingivalis,,Ando,112,2229994,,Scaffold,48.53,porphyromonas,1
GCA_001314265.1,HMT-619,Porphyromonas,gingivalis,,381,1,2378872,,Complete Genome,48.36,porphyromonas,1
GCA_001444325.1,HMT-619,Porphyromonas,gingivalis,,A7A1-28,1,2249024,,Complete Genome,48.58,porphyromonas,1
GCA_001553795.1,HMT-619,Porphyromonas,gingivalis,,MP4-504,92,2373453,,Contig,48.28,porphyromonas,1
GCA_002204455.1,HMT-619,Porphyromonas,gingivalis,,KCOM 2797,44,2394377,,Scaffold,48.73,porphyromonas,1
GCA_002206065.1,HMT-619,Porphyromonas,gingivalis,,SJD5,194,2275493,,Contig,48.52,porphyromonas,1
GCA_002206085.1,HMT-619,Porphyromonas,gingivalis,,SJD4,147,2249706,,Scaffold,48.44,porphyromonas,1
GCA_002206105.1,HMT-619,Porphyromonas,gingivalis,,SJD11,156,2298088,,Scaffold,48.41,porphyromonas,1
GCA_002208045.1,HMT-619,Porphyromonas,gingivalis,,SJD12,146,2264936,,Scaffold,48.36,porphyromonas,1
GCA_002529125.1,HMT-619,Porphyromonas,gingivalis,,WW5127,119,2367137,,Contig,48.2,porphyromonas,1
GCA_002529145.1,HMT-619,Porphyromonas,gingivalis,,WW3039,132,2334097,,Contig,48.33,porphyromonas,1
GCA_002529155.1,HMT-619,Porphyromonas,gingivalis,,WW2903,115,2377665,,Contig,48.29,porphyromonas,1
GCA_002529185.1,HMT-619,Porphyromonas,gingivalis,,WW2866,123,2314500,,Contig,48.51,porphyromonas,1
GCA_002529205.1,HMT-619,Porphyromonas,gingivalis,,WW5019,149,2307097,,Contig,48.51,porphyromonas,1
GCA_002529235.1,HMT-619,Porphyromonas,gingivalis,,WW3040,122,2218119,,Contig,48.5,porphyromonas,1
GCA_002529285.1,HMT-619,Porphyromonas,gingivalis,,WW2931,103,2319756,,Contig,48.4,porphyromonas,1
GCA_002529345.1,HMT-619,Porphyromonas,gingivalis,,WW2952,162,2314846,,Contig,48.49,porphyromonas,1
GCA_002529355.1,HMT-619,Porphyromonas,gingivalis,,WW2885,196,2402406,,Contig,48.46,porphyromonas,1
GCA_002529365.1,HMT-619,Porphyromonas,gingivalis,,WW3102,149,2293608,,Contig,48.47,porphyromonas,1
GCA_002529375.1,HMT-619,Porphyromonas,gingivalis,,WW2842,95,2250271,,Contig,48.57,porphyromonas,1
GCA_002529425.1,HMT-619,Porphyromonas,gingivalis,,WW2096,116,2333958,,Contig,48.39,porphyromonas,1
GCA_002753935.1,HMT-619,Porphyromonas,gingivalis,,KCOM 3131,1,2359159,,Complete Genome,48.22,porphyromonas,1
GCA_002753955.1,HMT-619,Porphyromonas,gingivalis,,KCOM 2799,1,2469365,,Complete Genome,48.42,porphyromonas,1
GCA_002753975.1,HMT-619,Porphyromonas,gingivalis,,KCOM 2801,1,2478317,,Complete Genome,48.27,porphyromonas,1
GCA_002754015.1,HMT-619,Porphyromonas,gingivalis,,KCOM 2802,1,2374087,,Complete Genome,48.53,porphyromonas,1
GCA_002754035.1,HMT-619,Porphyromonas,gingivalis,,KCOM 2803,1,2353912,,Complete Genome,48.42,porphyromonas,1
GCA_002754055.1,HMT-619,Porphyromonas,gingivalis,,KCOM 2804,1,2463791,,Complete Genome,48.25,porphyromonas,1
GCA_002754075.1,HMT-619,Porphyromonas,gingivalis,,KCOM 2805,1,2482917,,Complete Genome,48.24,porphyromonas,1
GCA_002754095.1,HMT-619,Porphyromonas,gingivalis,,KCOM 3001,1,2353520,,Complete Genome,48.36,porphyromonas,1
GCA_002754115.1,HMT-619,Porphyromonas,gingivalis,,KCOM 2796,1,2476166,,Complete Genome,48.15,porphyromonas,1
GCA_002754135.1,HMT-619,Porphyromonas,gingivalis,,KCOM 2798,1,2410673,,Complete Genome,48.32,porphyromonas,1
GCA_002754155.1,HMT-619,Porphyromonas,gingivalis,,KCOM 2800,1,2254720,,Complete Genome,48.44,porphyromonas,1
GCA_002892555.1,HMT-619,Porphyromonas,gingivalis,,TDC 60,1,2334880,,Complete Genome,48.35,porphyromonas,1
GCA_002892575.1,HMT-619,Porphyromonas,gingivalis,,ATCC 33277,1,2379874,,Complete Genome,48.36,porphyromonas,1
GCA_002892595.1,HMT-619,Porphyromonas,gingivalis,,W83,1,2343999,,Complete Genome,48.29,porphyromonas,1
GCA_003514485.1,HMT-619,Porphyromonas,gingivalis,,UBA8864,70,1783976,,Scaffold,49.22,porphyromonas,1
GCA_003862255.1,HMT-619,Porphyromonas,gingivalis,,381OKJP,127,2325530,,Contig,48.47,porphyromonas,1
GCA_004214925.1,HMT-619,Porphyromonas,gingivalis,,H3,165,2311066,,Contig,48.35,porphyromonas,1
GCA_004214945.1,HMT-619,Porphyromonas,gingivalis,,CP3,118,2251246,,Contig,48.47,porphyromonas,1
GCA_018141745.1,HMT-619,Porphyromonas,gingivalis,,LyG-2,1,2411481,,Complete Genome,48.3,porphyromonas,1
GCA_018141765.1,HMT-619,Porphyromonas,gingivalis,,LyG-1,1,2411440,,Complete Genome,48.3,porphyromonas,1
GCA_018141805.1,HMT-619,Porphyromonas,gingivalis,,GMU202011,1,2375739,,Complete Genome,48.36,porphyromonas,1
GCA_021406605.1,HMT-619,Porphyromonas,gingivalis,,JKG10,112,2366674,,Contig,48.16,porphyromonas,1
GCA_021406625.1,HMT-619,Porphyromonas,gingivalis,,EM3,115,2332868,,Contig,48.51,porphyromonas,1
GCA_021406645.1,HMT-619,Porphyromonas,gingivalis,,B158,85,2265994,,Contig,48.34,porphyromonas,1
GCA_021406655.1,HMT-619,Porphyromonas,gingivalis,,JKG9,97,2382938,,Contig,48.37,porphyromonas,1
GCA_021406685.1,HMT-619,Porphyromonas,gingivalis,,1439,87,2253658,,Contig,48.41,porphyromonas,1
GCA_021406705.1,HMT-619,Porphyromonas,gingivalis,,TV14,113,2395514,,Contig,48.15,porphyromonas,1
GCA_021406725.1,HMT-619,Porphyromonas,gingivalis,,Kyudai-3,116,2424555,,Contig,48.56,porphyromonas,1
GCA_021406735.1,HMT-619,Porphyromonas,gingivalis,,Kyudai-4,107,2247019,,Contig,48.62,porphyromonas,1
GCA_021406745.1,HMT-619,Porphyromonas,gingivalis,,B42,89,2282399,,Scaffold,48.4,porphyromonas,1
GCA_021406785.1,HMT-619,Porphyromonas,gingivalis,,1436,110,2331307,,Contig,48.3,porphyromonas,1
GCA_021406795.1,HMT-619,Porphyromonas,gingivalis,,D83T3,134,2440602,,Contig,48.33,porphyromonas,1
GCA_021406845.1,HMT-619,Porphyromonas,gingivalis,,222,90,2333098,,Contig,48.4,porphyromonas,1
GCA_023822425.1,HMT-619,Porphyromonas,gingivalis,,W50,1,2345841,,Complete Genome,48.28,porphyromonas,1
GCA_023822445.1,HMT-619,Porphyromonas,gingivalis,,W50/BE1,1,2333418,,Complete Genome,48.29,porphyromonas,1
GCA_023822465.1,HMT-619,Porphyromonas,gingivalis,,W50/BR1,1,2332345,,Complete Genome,48.29,porphyromonas,1
GCA_028335085.1,HMT-619,Porphyromonas,gingivalis,,HG1691old,1,2621167,,Complete Genome,47.94,porphyromonas,1
GCA_028335105.1,HMT-619,Porphyromonas,gingivalis,,A7436-C,1,2392749,,Complete Genome,48.34,porphyromonas,1
GCA_028335125.1,HMT-619,Porphyromonas,gingivalis,,ATCC 49417,1,2521435,,Complete Genome,48.26,porphyromonas,1
GCA_028993465.1,HMT-619,Porphyromonas,gingivalis,,ATCC 49417,3,2521436,,Contig,48.26,porphyromonas,1
GCA_029911295.1,HMT-619,Porphyromonas,gingivalis,,Bg4,11,2424801,,Contig,48.45,porphyromonas,1
GCA_030144345.1,HMT-619,Porphyromonas,gingivalis,,LyEC01,1,2408275,,Complete Genome,48.27,porphyromonas,1
GCA_030252365.1,HMT-619,Porphyromonas,gingivalis,,LyEC02,1,2406591,,Complete Genome,48.28,porphyromonas,1
GCA_030440475.1,HMT-619,Porphyromonas,gingivalis,,yellow,1,2515718,,Complete Genome,48.04,porphyromonas,1
GCA_030440495.1,HMT-619,Porphyromonas,gingivalis,,grey,1,2515721,,Complete Genome,48.04,porphyromonas,1
GCA_030675975.1,HMT-619,Porphyromonas,gingivalis,,yellow_1,104,2376358,,Scaffold,48.16,porphyromonas,1
GCA_030676125.1,HMT-619,Porphyromonas,gingivalis,,grey_1,119,2358334,,Scaffold,48.19,porphyromonas,1
GCA_900157215.1,HMT-619,Porphyromonas,gingivalis,,3_3,72,2312663,,Scaffold,48.3,porphyromonas,1
GCA_900157225.1,HMT-619,Porphyromonas,gingivalis,,7BTORR,72,2248982,,Scaffold,48.56,porphyromonas,1
GCA_900157235.1,HMT-619,Porphyromonas,gingivalis,,SU60,53,2257351,,Scaffold,48.57,porphyromonas,1
GCA_900157245.1,HMT-619,Porphyromonas,gingivalis,,15_9,68,2252483,,Scaffold,48.42,porphyromonas,1
GCA_900157255.1,HMT-619,Porphyromonas,gingivalis,,ATCC 49417,77,2424225,,Scaffold,48.51,porphyromonas,1
GCA_900157265.1,HMT-619,Porphyromonas,gingivalis,,A7A1_28,22,2222676,,Scaffold,48.58,porphyromonas,1
GCA_900157275.1,HMT-619,Porphyromonas,gingivalis,,84_3,50,2325183,,Scaffold,48.35,porphyromonas,1
GCA_900157285.1,HMT-619,Porphyromonas,gingivalis,,13_1,68,2341110,,Scaffold,48.36,porphyromonas,1
GCA_900157295.1,HMT-619,Porphyromonas,gingivalis,,11A,89,2304118,,Scaffold,48.53,porphyromonas,1
GCA_900157325.1,HMT-619,Porphyromonas,gingivalis,,3A1,56,2343280,,Contig,48.26,porphyromonas,1
GCA_900157345.1,HMT-619,Porphyromonas,gingivalis,,AFR5B1,88,2290524,,Scaffold,48.6,porphyromonas,1
GCA_905372065.1,HMT-619,Porphyromonas,gingivalis,,SRR9217400-mag-bin.3,73,2180850,yes,Contig,48.75,porphyromonas,1
GCA_915069505.1,HMT-619,Porphyromonas,gingivalis,,SRR1044017_bin.1_metaWRAP_v1.1_MAG,284,1747896,yes,Contig,49.35,porphyromonas,1
GCA_937950445.1,HMT-619,Porphyromonas,gingivalis,,SRR9217400_bin.5_CONCOCT_v1.1_MAG,71,2069690,yes,Contig,48.71,porphyromonas,1
GCA_946891835.1,HMT-619,Porphyromonas,gingivalis,,ERR9530650_bin.7_metaWRAP_v1.3_MAG,236,1684954,yes,Contig,49.59,porphyromonas,1
GCA_947097945.1,HMT-619,Porphyromonas,gingivalis,,SRR8786260_bin.11_metaWRAP_v1.3_MAG,169,2069406,yes,Contig,48.83,porphyromonas,1
GCA_000292995.1,HMT-279,Porphyromonas,pasteri,,F0450,51,2265201,,Contig,55.52,porphyromonas,1
GCA_000700805.1,HMT-279,Porphyromonas,pasteri,,KLE 1280,7,2204202,,Scaffold,55.72,porphyromonas,1
GCA_001553165.1,HMT-279,Porphyromonas,pasteri,,KA00676,62,2355383,,Scaffold,55.73,porphyromonas,1
GCA_001553215.1,HMT-279,Porphyromonas,pasteri,,KA00683,62,2355383,,Scaffold,55.73,porphyromonas,1
GCA_014647755.1,HMT-279,Porphyromonas,pasteri,,JCM 30531,9,2166795,,Contig,55.8,porphyromonas,1
GCA_015262735.1,HMT-279,Porphyromonas,pasteri,,JCVI_1_bin.6,64,2204561,yes,Scaffold,55.73,porphyromonas,1
GCA_015262745.1,HMT-279,Porphyromonas,pasteri,,JCVI_12_bin.11,261,1883333,yes,Scaffold,56.41,porphyromonas,1
GCA_015262805.1,HMT-279,Porphyromonas,pasteri,,JCVI_36_bin.1,177,2118753,yes,Scaffold,56.26,porphyromonas,1
GCA_015262835.1,HMT-279,Porphyromonas,pasteri,,JCVI_26_bin.3,198,2096433,yes,Scaffold,56.13,porphyromonas,1
GCA_015262895.1,HMT-279,Porphyromonas,pasteri,,JCVI_4_bin.4,246,2156524,yes,Scaffold,56.03,porphyromonas,1
GCA_015262915.1,HMT-279,Porphyromonas,pasteri,,JCVI_41_bin.6,97,2367683,yes,Scaffold,55.66,porphyromonas,1
GCA_015262925.1,HMT-279,Porphyromonas,pasteri,,JCVI_49_bin.7,110,2078823,yes,Contig,56.01,porphyromonas,1
GCA_015262975.1,HMT-279,Porphyromonas,pasteri,,JCVI_38_bin.12,173,2253703,yes,Scaffold,55.82,porphyromonas,1
GCA_015263015.1,HMT-279,Porphyromonas,pasteri,,JCVI_28_bin.3,237,2104903,yes,Scaffold,56.07,porphyromonas,1
GCA_015263045.1,HMT-279,Porphyromonas,pasteri,,JCVI_37_bin.10,81,2280067,yes,Scaffold,55.93,porphyromonas,1
GCA_015263095.1,HMT-279,Porphyromonas,pasteri,,JCVI_18_bin.8,255,2047933,yes,Scaffold,55.97,porphyromonas,1
GCA_015263105.1,HMT-279,Porphyromonas,pasteri,,JCVI_17_bin.5,280,2161392,yes,Contig,55.83,porphyromonas,1
GCA_015263125.1,HMT-279,Porphyromonas,pasteri,,JCVI_22A_bin.8,156,2200403,yes,Scaffold,55.96,porphyromonas,1
GCA_015263215.1,HMT-279,Porphyromonas,pasteri,,JCVI_11_bin.14,77,2174557,yes,Scaffold,55.95,porphyromonas,1
GCA_905371295.1,HMT-279,Porphyromonas,pasteri,,SRR6059110-mag-bin.5,178,1974985,yes,Contig,56.21,porphyromonas,1
GCA_905372325.1,HMT-279,Porphyromonas,pasteri,,SRR9217406-mag-bin.1,157,2168486,yes,Contig,55.86,porphyromonas,1
GCA_915069595.1,HMT-279,Porphyromonas,pasteri,,SRR2037088_bin.12_metaWRAP_v1.1_MAG,252,2117918,yes,Contig,56.23,porphyromonas,1
GCA_916048385.1,HMT-279,Porphyromonas,pasteri,,ERR2764975_bin.4_metaWRAP_v1.1_MAG,34,2227026,yes,Contig,55.74,porphyromonas,1
GCA_916439165.1,HMT-279,Porphyromonas,pasteri,,DRR214962_bin.24_metaWRAP_v1.1_MAG,5,2298578,yes,Contig,55.69,porphyromonas,1
GCA_916720075.1,HMT-279,Porphyromonas,pasteri,,SRR15235654_bin.4_metaWRAP_v1.1_MAG,70,2234366,yes,Contig,55.68,porphyromonas,1
GCA_927910925.1,HMT-279,Porphyromonas,pasteri,,ERR3827219_bin.1_metaWRAP_v1.1_MAG,113,2144908,yes,Contig,55.97,porphyromonas,1
GCA_937888685.1,HMT-279,Porphyromonas,pasteri,,SRR1952623_bin.4_CONCOCT_v1.1_MAG,45,2243765,yes,Contig,55.69,porphyromonas,1
GCA_943169685.1,HMT-279,Porphyromonas,pasteri,,EMRHCC_6C,17,2279746,,Contig,55.8,porphyromonas,1
GCA_946222795.1,HMT-279,Porphyromonas,pasteri,,rfhJd5zLSv_bin.10.MAG,188,2086601,yes,Contig,56.02,porphyromonas,1
GCA_951230495.1,HMT-279,Porphyromonas,pasteri,,SRR12445063_bin.2_MetaWRAP_v1.3_MAG,99,2139948,yes,Contig,56.02,porphyromonas,1
GCA_018127745.1,HMT-275,Porphyromonas,sp. HMT-275,,W7780,1,2180921,,Complete Genome,60.64,porphyromonas,1
GCA_937924665.1,HMT-275,Porphyromonas,sp. HMT-275,,SRR8114033_bin.79_CONCOCT_v1.1_MAG,263,1849793,yes,Contig,62.07,porphyromonas,1
GCA_000467855.2,HMT-278,Porphyromonas,sp. HMT-278,,W7784,38,2158216,,Scaffold,55.85,porphyromonas,1
GCA_905372685.1,HMT-278,Porphyromonas,sp. HMT-278,,SRR9217428-mag-bin.34,39,2250639,yes,Contig,55.65,porphyromonas,1
GCA_916048245.1,HMT-278,Porphyromonas,sp. HMT-278,,ERR2764965_bin.3_metaWRAP_v1.1_MAG,144,2037934,yes,Contig,56.0,porphyromonas,1
GCA_938018195.1,HMT-278,Porphyromonas,sp. HMT-278,,ERR589475_bin.46_CONCOCT_v1.1_MAG,58,2254008,yes,Contig,55.47,porphyromonas,1
GCA_000174775.1,HMT-785,Porphyromonas,uenonis,,60-3,250,2242885,,Contig,52.46,porphyromonas,1
GCA_000482365.1,HMT-785,Porphyromonas,uenonis,,DSM 23387,29,2254407,,Scaffold,53.08,porphyromonas,1
GCA_000613705.1,HMT-785,Porphyromonas,uenonis,,JCM 13868,112,2260105,,Contig,52.73,porphyromonas,1
GCA_902470245.1,HMT-785,Porphyromonas,uenonis,,MGYG-HGUT-01209,45,2042909,,Contig,53.09,porphyromonas,1
GCA_902489165.1,HMT-785,Porphyromonas,uenonis,,MGYG-HGUT-03790,153,1715041,,Contig,54.05,porphyromonas,1
GCA_937921215.1,HMT-785,Porphyromonas,uenonis,,ERR912144_bin.107_CONCOCT_v1.1_MAG,100,2104354,yes,Contig,52.68,porphyromonas,1
GCA_946997265.1,HMT-785,Porphyromonas,uenonis,,SRR16916875_bin.8_metaWRAP_v1.3_MAG,83,2035398,yes,Contig,52.92,porphyromonas,1
GCA_947254985.1,HMT-785,Porphyromonas,uenonis,,SRR17635472_bin.17_metaWRAP_v1.3_MAG,138,1855518,yes,Contig,53.35,porphyromonas,1
GCA_959020135.1,HMT-785,Porphyromonas,uenonis,,ERR10149224_bin.13_MetaWRAP_v1.3_MAG,128,2040527,yes,Contig,53.3,porphyromonas,1
GCA_000177355.1,HMT-797,Prevotella,amnii,,CRIS 21A-A,117,2415558,,Contig,36.47,prevotella,1
GCA_000378745.1,HMT-797,Prevotella,amnii,,DSM 23384,77,2391937,,Scaffold,36.82,prevotella,1
GCA_000613765.1,HMT-797,Prevotella,amnii,,JCM 14753,159,2372746,,Contig,36.59,prevotella,1
GCA_000759315.1,HMT-797,Prevotella,amnii,,DNF00058,179,2450252,,Contig,36.42,prevotella,1
GCA_001553225.1,HMT-797,Prevotella,amnii,,DNF00307,112,2378563,,Scaffold,36.63,prevotella,1
GCA_946223195.1,HMT-797,Prevotella,amnii,,faN1RZmXxW_bin.37.MAG,159,1804246,yes,Contig,35.47,prevotella,1
GCA_946891875.1,HMT-797,Prevotella,amnii,,SRR12830919_bin.4_metaWRAP_v1.3_MAG,55,1916178,yes,Contig,35.35,prevotella,1
GCA_946999245.1,HMT-797,Prevotella,amnii,,SRR16916868_bin.4_metaWRAP_v1.3_MAG,56,1930108,yes,Contig,35.23,prevotella,1
GCA_947041955.1,HMT-797,Prevotella,amnii,,ERR4705252_bin.5_metaWRAP_v1.3_MAG,51,1947050,yes,Contig,35.4,prevotella,1
GCA_947253095.1,HMT-797,Prevotella,amnii,,SRR17635694_bin.15_metaWRAP_v1.3_MAG,43,2043528,yes,Contig,35.54,prevotella,1
GCA_000614025.1,HMT-943,Prevotella,aurantiaca,,JCM 15754,148,3002170,,Contig,38.94,prevotella,1
GCA_015262605.1,HMT-943,Prevotella,aurantiaca,,JCVI_44_bin.5,99,2616361,yes,Contig,38.41,prevotella,1
GCA_015262695.1,HMT-943,Prevotella,aurantiaca,,JCVI_34_bin.10,116,2248055,yes,Scaffold,38.67,prevotella,1
GCA_905371525.1,HMT-943,Prevotella,aurantiaca,,SRR6059123-mag-bin.4,238,2285026,yes,Contig,38.96,prevotella,1
GCA_937900105.1,HMT-943,Prevotella,aurantiaca,,SRR1952507_bin.46_CONCOCT_v1.1_MAG,146,2561568,yes,Contig,38.53,prevotella,1
GCA_000177315.1,HMT-556,Prevotella,bivia,,JCVIHMP010,121,2424432,,Contig,39.77,prevotella,1
GCA_000262545.1,HMT-556,Prevotella,bivia,,DSM 20514,3,2521238,,Scaffold,39.89,prevotella,1
GCA_000759045.1,HMT-556,Prevotella,bivia,,DNF00188,158,2527024,,Contig,39.85,prevotella,1
GCA_000759165.1,HMT-556,Prevotella,bivia,,DNF00650,173,2408181,,Contig,39.74,prevotella,1
GCA_000759245.1,HMT-556,Prevotella,bivia,,DNF00320,179,2584224,,Contig,40.0,prevotella,1
GCA_001546565.2,HMT-556,Prevotella,bivia,,GED7760C,127,2459295,,Scaffold,39.68,prevotella,1
GCA_001574405.1,HMT-556,Prevotella,bivia,,GED7880,114,2579172,,Scaffold,39.97,prevotella,1
GCA_030219305.1,HMT-556,Prevotella,bivia,,PLW0727,2,2427673,,Complete Genome,39.47,prevotella,1
GCA_902485115.1,HMT-556,Prevotella,bivia,,MGYG-HGUT-03374,73,2286602,,Contig,39.45,prevotella,1
GCA_934149205.1,HMT-556,Prevotella,bivia,,REFINED_METABAT215_TOP10_CONTIGS_1500_ASSEMBLY_K77_MERGED__Hadza_MoBio_hadza-E-H_B_9_1942.10,64,1981710,yes,Contig,39.17,prevotella,1
GCA_946222745.1,HMT-556,Prevotella,bivia,,XhiCe5G8Pp_bin.1.MAG,48,2062950,yes,Contig,39.16,prevotella,1
GCA_946891465.1,HMT-556,Prevotella,bivia,,SRR12830916_bin.11_metaWRAP_v1.3_MAG,176,2061982,yes,Contig,39.17,prevotella,1
GCA_946997545.1,HMT-556,Prevotella,bivia,,SRR16916879_bin.5_metaWRAP_v1.3_MAG,47,2028815,yes,Contig,39.12,prevotella,1
GCA_947041195.1,HMT-556,Prevotella,bivia,,ERR4705195_bin.2_metaWRAP_v1.3_MAG,46,2110058,yes,Contig,39.19,prevotella,1
GCA_947089735.1,HMT-556,Prevotella,bivia,,SRR10258545_bin.4_metaWRAP_v1.3_MAG,59,2187650,yes,Contig,39.31,prevotella,1
GCA_947254575.1,HMT-556,Prevotella,bivia,,SRR17635698_bin.31_metaWRAP_v1.3_MAG,72,2394447,yes,Contig,39.67,prevotella,1
GCA_002224675.1,HMT-979,Prevotella,copri,,Indica,88,3920563,,Contig,45.42,prevotella,1
GCA_009494375.1,HMT-979,Prevotella,copri,,iAA615,170,3908415,,Contig,45.44,prevotella,1
GCA_009495335.1,HMT-979,Prevotella,copri,,iAA917,167,3905699,,Contig,45.46,prevotella,1
GCA_024329925.1,HMT-979,Prevotella,copri,,HF2130,85,3615176,,Contig,45.76,prevotella,1
GCA_024330295.1,HMT-979,Prevotella,copri,,HF2112,82,3602531,,Contig,45.76,prevotella,1
GCA_024330365.1,HMT-979,Prevotella,copri,,HF2107,85,3654088,,Contig,45.75,prevotella,1
GCA_024330435.1,HMT-979,Prevotella,copri,,HF2100,88,3597500,,Contig,45.76,prevotella,1
GCA_024330665.1,HMT-979,Prevotella,copri,,HF2128,83,3663674,,Contig,45.8,prevotella,1
GCA_024330875.1,HMT-979,Prevotella,copri,,HF2117,86,3675783,,Contig,45.81,prevotella,1
GCA_024330905.1,HMT-979,Prevotella,copri,,HF2119,89,3609956,,Contig,45.77,prevotella,1
GCA_000191765.2,HMT-291,Prevotella,denticola,,CRIS 18C-A,121,3177783,,Contig,49.91,prevotella,1
GCA_000193395.1,HMT-291,Prevotella,denticola,,F0289,1,2937589,,Complete Genome,50.36,prevotella,1
GCA_000421205.1,HMT-291,Prevotella,denticola,,DSM 20614,57,3056806,,Scaffold,50.1,prevotella,1
GCA_000613585.1,HMT-291,Prevotella,denticola,,JCM 13449,82,3111749,,Contig,49.99,prevotella,1
GCA_000759205.1,HMT-291,Prevotella,denticola,,DNF00960,126,3050207,,Contig,49.91,prevotella,1
GCA_003515045.1,HMT-291,Prevotella,denticola,,KCOM 1525,2,2893847,,Complete Genome,50.13,prevotella,1
GCA_015262675.1,HMT-291,Prevotella,denticola,,JCVI_32_bin.7,91,2723297,yes,Contig,50.6,prevotella,1
GCA_018128165.1,HMT-291,Prevotella,denticola,,F0288,2,2938122,,Complete Genome,50.36,prevotella,1
GCA_018128185.1,HMT-291,Prevotella,denticola,,F0119,1,3038072,,Complete Genome,49.88,prevotella,1
GCA_018128205.1,HMT-291,Prevotella,denticola,,F0115,3,3106544,,Complete Genome,50.1,prevotella,1
GCA_018141825.1,HMT-291,Prevotella,denticola,,F0105,1,3027740,,Chromosome,49.96,prevotella,1
GCA_019375675.1,HMT-291,Prevotella,denticola,,SCHI0027.S.12,94,3171577,,Contig,49.77,prevotella,1
GCA_019375725.1,HMT-291,Prevotella,denticola,,SCHI0027.S.14,85,3098670,,Contig,49.92,prevotella,1
GCA_019375865.1,HMT-291,Prevotella,denticola,,SCHI0021.S.9,47,3249566,,Contig,49.37,prevotella,1
GCA_019391855.1,HMT-291,Prevotella,denticola,,SCHI0042.S.4,59,3100558,,Contig,49.95,prevotella,1
GCA_027682715.1,HMT-291,Prevotella,denticola,,AF51-2-b9A,33,2969575,,Scaffold,50.14,prevotella,1
GCA_900454835.1,HMT-291,Prevotella,denticola,,NCTC13067,3,3171703,,Contig,49.94,prevotella,1
GCA_902483045.1,HMT-291,Prevotella,denticola,,MGYG-HGUT-03152,27,2774939,,Contig,50.62,prevotella,1
GCA_905372245.1,HMT-291,Prevotella,denticola,,SRR9217404-mag-bin.10,202,2600842,yes,Contig,51.07,prevotella,1
GCA_905373395.1,HMT-291,Prevotella,denticola,,SRR9217464-mag-bin.5,42,2799231,yes,Contig,50.39,prevotella,1
GCA_937990705.1,HMT-291,Prevotella,denticola,,ERR589687_bin.47_CONCOCT_v1.1_MAG,113,2800382,yes,Contig,50.9,prevotella,1
GCA_000614245.1,HMT-782,Prevotella,fusca,,JCM 17724,116,3173817,,Contig,43.99,prevotella,1
GCA_001262015.1,HMT-782,Prevotella,fusca,,W1435,2,3261806,,Complete Genome,44.12,prevotella,1
GCA_018128145.1,HMT-782,Prevotella,fusca,,W1435,2,3261788,,Complete Genome,44.12,prevotella,1
GCA_000234055.1,HMT-298,Prevotella,histicola,,F0411,17,2992428,,Scaffold,41.28,prevotella,1
GCA_000613925.1,HMT-298,Prevotella,histicola,,JCM 15637,55,2949807,,Contig,41.23,prevotella,1
GCA_000759075.1,HMT-298,Prevotella,histicola,,DNF00424,109,3059956,,Contig,41.17,prevotella,1
GCA_015262355.1,HMT-298,Prevotella,histicola,,JCVI_9_bin.7,142,2832231,yes,Scaffold,40.96,prevotella,1
GCA_015262395.1,HMT-298,Prevotella,histicola,,JCVI_7_bin.12,96,2811180,yes,Contig,41.18,prevotella,1
GCA_015262435.1,HMT-298,Prevotella,histicola,,JCVI_43_bin.10,104,2921805,yes,Scaffold,41.05,prevotella,1
GCA_015262445.1,HMT-298,Prevotella,histicola,,JCVI_37_bin.5,85,2551002,yes,Scaffold,41.48,prevotella,1
GCA_015262505.1,HMT-298,Prevotella,histicola,,JCVI_31A_bin.21,95,2645149,yes,Contig,41.61,prevotella,1
GCA_015262545.1,HMT-298,Prevotella,histicola,,JCVI_23_bin.9,51,3063233,yes,Contig,40.98,prevotella,1
GCA_015262625.1,HMT-298,Prevotella,histicola,,JCVI_10_bin.9,103,3116790,yes,Contig,41.19,prevotella,1
GCA_018128125.1,HMT-298,Prevotella,histicola,,F0411,2,2999514,,Complete Genome,41.25,prevotella,1
GCA_018372295.1,HMT-298,Prevotella,histicola,,L2_023_000G1_dasL2_023_000G1_concoct_61,171,2815723,yes,Contig,41.59,prevotella,1
GCA_018378595.1,HMT-298,Prevotella,histicola,,L2_013_037G1_dasL2_013_037G1_metabat.metabat.15,75,2945174,yes,Contig,41.08,prevotella,1
GCA_019375585.1,HMT-298,Prevotella,histicola,,SCHI0034.S.5,43,3018404,,Contig,41.15,prevotella,1
GCA_019375655.1,HMT-298,Prevotella,histicola,,SCHI0028.S.4,48,3023315,,Contig,41.13,prevotella,1
GCA_019375695.1,HMT-298,Prevotella,histicola,,SCHI0028.S.1,33,2969307,,Contig,41.1,prevotella,1
GCA_019375835.1,HMT-298,Prevotella,histicola,,SCHI0027.S.7,78,3009370,,Contig,41.26,prevotella,1
GCA_019375895.1,HMT-298,Prevotella,histicola,,SCHI0009.S.6,132,3124769,,Contig,41.06,prevotella,1
GCA_019375975.1,HMT-298,Prevotella,histicola,,SCHI0006.S.13,74,2954595,,Contig,41.09,prevotella,1
GCA_019391885.1,HMT-298,Prevotella,histicola,,SCHI0034.S.10,52,3119736,,Contig,41.11,prevotella,1
GCA_019391935.1,HMT-298,Prevotella,histicola,,SCHI0034.S.6,48,3019506,,Contig,41.12,prevotella,1
GCA_916720365.1,HMT-298,Prevotella,histicola,,SRR15235659_bin.13_metaWRAP_v1.1_MAG,183,2995149,yes,Contig,40.78,prevotella,1
GCA_927910845.1,HMT-298,Prevotella,histicola,,ERR3827227_bin.8_metaWRAP_v1.1_MAG,210,2840808,yes,Contig,40.91,prevotella,1
GCA_938014195.1,HMT-298,Prevotella,histicola,,SRR8114048_bin.2_CONCOCT_v1.1_MAG,114,2952585,yes,Contig,41.03,prevotella,1
GCA_951230325.1,HMT-298,Prevotella,histicola,,SRR12445067_bin.8_MetaWRAP_v1.3_MAG,293,2864228,yes,Contig,41.58,prevotella,1
GCA_003043925.1,HMT-820,Prevotella,illustrans,,W6195,2,3198654,,Contig,47.54,prevotella,1
GCA_017426725.1,HMT-820,Prevotella,illustrans,,A2931,139,3088950,,Scaffold,47.64,prevotella,1
GCA_000261025.1,HMT-643,Prevotella,intermedia,,17,2,2699437,,Complete Genome,43.48,prevotella,1
GCA_000439065.1,HMT-643,Prevotella,intermedia,,DSM 20706,21,2564533,,Scaffold,43.36,prevotella,1
GCA_000519165.1,HMT-643,Prevotella,intermedia,,ATCC 25611,22,2573247,,Scaffold,43.44,prevotella,1
GCA_000955645.1,HMT-643,Prevotella,intermedia,,ZT,168,2790340,,Contig,43.33,prevotella,1
GCA_001548195.1,HMT-643,Prevotella,intermedia,,17-2,2,2737273,,Complete Genome,43.46,prevotella,1
GCA_001594285.1,HMT-643,Prevotella,intermedia,,ATCC 49046,55,2673161,,Scaffold,43.51,prevotella,1
GCA_001953935.1,HMT-643,Prevotella,intermedia,,strain 17,2,2736315,,Complete Genome,43.45,prevotella,1
GCA_001953955.1,HMT-643,Prevotella,intermedia,,ATCC 25611,2,2674170,,Complete Genome,43.44,prevotella,1
GCA_002204405.1,HMT-643,Prevotella,intermedia,,KCOM 1107,13,2781500,,Scaffold,43.46,prevotella,1
GCA_002355195.1,HMT-643,Prevotella,intermedia,,OMA14,2,3148117,,Complete Genome,43.84,prevotella,1
GCA_002529225.1,HMT-643,Prevotella,intermedia,,WW2834,126,2804910,,Contig,43.29,prevotella,1
GCA_002529305.1,HMT-643,Prevotella,intermedia,,WW855,137,2688123,,Contig,43.46,prevotella,1
GCA_002529435.1,HMT-643,Prevotella,intermedia,,WW414,62,2620156,,Contig,43.43,prevotella,1
GCA_002753835.1,HMT-643,Prevotella,intermedia,,KCOM 1653,2,2951033,,Contig,43.42,prevotella,1
GCA_002753855.1,HMT-643,Prevotella,intermedia,,KCOM 1101,4,2905571,,Contig,43.43,prevotella,1
GCA_002762425.1,HMT-643,Prevotella,intermedia,,KCOM 2069,3,2730073,,Contig,43.48,prevotella,1
GCA_002763535.1,HMT-643,Prevotella,intermedia,,KCOM 2033,1,2777805,,Complete Genome,43.71,prevotella,1
GCA_002763575.1,HMT-643,Prevotella,intermedia,,KCOM 2836,1,2760702,,Complete Genome,43.24,prevotella,1
GCA_002763715.1,HMT-643,Prevotella,intermedia,,KCOM 1949,2,2764740,,Complete Genome,43.4,prevotella,1
GCA_002763745.1,HMT-643,Prevotella,intermedia,,KCOM 2837,2,2890050,,Complete Genome,43.44,prevotella,1
GCA_002763785.1,HMT-643,Prevotella,intermedia,,KCOM 2838,2,2775833,,Complete Genome,43.4,prevotella,1
GCA_002763845.1,HMT-643,Prevotella,intermedia,,KCOM 1933,2,2737112,,Complete Genome,43.5,prevotella,1
GCA_002763955.1,HMT-643,Prevotella,intermedia,,KCOM 1741,2,2928459,,Complete Genome,43.58,prevotella,1
GCA_002763975.1,HMT-643,Prevotella,intermedia,,KCOM 1944,2,2813841,,Complete Genome,43.53,prevotella,1
GCA_002794335.1,HMT-643,Prevotella,intermedia,,KCOM 1779,3,2798400,,Contig,43.29,prevotella,1
GCA_002797135.1,HMT-643,Prevotella,intermedia,,KCOM 1945,2,3027672,,Contig,43.35,prevotella,1
GCA_002797155.1,HMT-643,Prevotella,intermedia,,KCOM 2698,2,2730832,,Contig,43.47,prevotella,1
GCA_002797175.1,HMT-643,Prevotella,intermedia,,KCOM 2833,4,2871118,,Contig,43.45,prevotella,1
GCA_002797185.1,HMT-643,Prevotella,intermedia,,KCOM 2832,3,3016889,,Contig,43.89,prevotella,1
GCA_003265025.1,HMT-643,Prevotella,intermedia,,KCOM 2734,2,2949063,,Complete Genome,43.56,prevotella,1
GCA_003838285.1,HMT-643,Prevotella,intermedia,,ATCC 15032,58,2848426,,Scaffold,43.47,prevotella,1
GCA_003861325.1,HMT-643,Prevotella,intermedia,,ATCC 15033,58,2849281,,Scaffold,43.46,prevotella,1
GCA_023148185.1,HMT-643,Prevotella,intermedia,,EYE_26,52,2635238,,Contig,43.38,prevotella,1
GCA_900455005.1,HMT-643,Prevotella,intermedia,,NCTC13070,2,2607163,,Contig,43.38,prevotella,1
GCA_902497285.1,HMT-643,Prevotella,intermedia,,MGYG-HGUT-04629,68,2382499,,Contig,43.5,prevotella,1
GCA_905372255.1,HMT-643,Prevotella,intermedia,,SRR9217404-mag-bin.8,75,2550728,yes,Contig,43.3,prevotella,1
GCA_947097145.1,HMT-643,Prevotella,intermedia,,SRR8786264_bin.11_metaWRAP_v1.3_MAG,163,2344677,yes,Contig,43.5,prevotella,1
GCA_000224595.1,HMT-313,Prevotella,jejuni,,C561,76,4031149,,Scaffold,42.32,prevotella,1
GCA_002849795.1,HMT-313,Prevotella,jejuni,,CD3:33,2,3913006,,Complete Genome,41.75,prevotella,1
GCA_003043935.1,HMT-313,Prevotella,jejuni,,F0648,3,3915696,,Scaffold,41.66,prevotella,1
GCA_018128085.1,HMT-313,Prevotella,jejuni,,F0697,2,3944801,,Complete Genome,41.73,prevotella,1
GCA_018128105.1,HMT-313,Prevotella,jejuni,,F0106,2,4115533,,Complete Genome,41.97,prevotella,1
GCA_019375855.1,HMT-313,Prevotella,jejuni,,SCHI0011.S.13,111,3930832,,Contig,41.68,prevotella,1
GCA_900187995.1,HMT-313,Prevotella,jejuni,,DSM 26989,92,3646938,,Scaffold,41.76,prevotella,1
GCA_916438675.1,HMT-313,Prevotella,jejuni,,DRR214962_bin.1_metaWRAP_v1.1_MAG,2,3766836,yes,Contig,41.89,prevotella,1
GCA_938015825.1,HMT-313,Prevotella,jejuni,,ERR589495_bin.72_CONCOCT_v1.1_MAG,236,3927966,yes,Contig,41.31,prevotella,1
GCA_000144405.1,HMT-469,Prevotella,melaninogenica,,ATCC 25845,2,3168282,,Complete Genome,40.98,prevotella,1
GCA_000163035.1,HMT-469,Prevotella,melaninogenica,,D18,46,3292341,,Scaffold,42.28,prevotella,1
GCA_000467895.1,HMT-314,Prevotella,sp. HMT-314,,F0091,132,3193725,,Scaffold,41.39,prevotella,1
GCA_000517825.1,HMT-469,Prevotella,melaninogenica,,ICM33,110,3192877,,Contig,40.97,prevotella,1
GCA_002208725.2,HMT-469,Prevotella,melaninogenica,,FDAARGOS_306,2,3168230,,Complete Genome,40.98,prevotella,1
GCA_003609775.1,HMT-469,Prevotella,melaninogenica,,GAI 07411,3,3090326,,Complete Genome,40.77,prevotella,1
GCA_013267595.1,HMT-469,Prevotella,melaninogenica,,FDAARGOS_760,2,3352987,,Complete Genome,40.87,prevotella,1
GCA_015260265.1,HMT-469,Prevotella,melaninogenica,,JCVI_9_bin.4,120,2961485,yes,Scaffold,40.66,prevotella,1
GCA_015260355.1,HMT-469,Prevotella,melaninogenica,,JCVI_36_bin.6,220,2656281,yes,Scaffold,41.28,prevotella,1
GCA_015260375.1,HMT-469,Prevotella,melaninogenica,,JCVI_37_bin.4,86,3078150,yes,Contig,40.91,prevotella,1
GCA_015260395.1,HMT-469,Prevotella,melaninogenica,,JCVI_35_bin.7,145,3083634,yes,Contig,40.75,prevotella,1
GCA_015260405.1,HMT-469,Prevotella,melaninogenica,,JCVI_34_bin.5,139,3109113,yes,Scaffold,40.91,prevotella,1
GCA_015260455.1,HMT-469,Prevotella,melaninogenica,,JCVI_33_bin.7,135,3033758,yes,Contig,40.69,prevotella,1
GCA_015260465.1,HMT-469,Prevotella,melaninogenica,,JCVI_27_bin.6,149,2962341,yes,Scaffold,40.93,prevotella,1
GCA_015260495.1,HMT-469,Prevotella,melaninogenica,,JCVI_18_bin.4,120,3009011,yes,Scaffold,40.83,prevotella,1
GCA_015260605.1,HMT-469,Prevotella,melaninogenica,,JCVI_13_bin.7,167,3031294,yes,Contig,40.66,prevotella,1
GCA_015260635.1,HMT-469,Prevotella,melaninogenica,,JCVI_11_bin.12,87,3029562,yes,Scaffold,40.87,prevotella,1
GCA_015262365.1,HMT-469,Prevotella,melaninogenica,,JCVI_41_bin.15,211,2790165,yes,Scaffold,40.83,prevotella,1
GCA_018127885.1,HMT-469,Prevotella,melaninogenica,,F0695,2,3168321,,Complete Genome,40.92,prevotella,1
GCA_018127905.1,HMT-469,Prevotella,melaninogenica,,F0692,2,3169665,,Complete Genome,40.92,prevotella,1
GCA_018127925.1,HMT-469,Prevotella,melaninogenica,,F0516,2,3360806,,Complete Genome,41.17,prevotella,1
GCA_018127945.1,HMT-469,Prevotella,melaninogenica,,F0300,3,3334355,,Complete Genome,40.84,prevotella,1
GCA_018127965.1,HMT-469,Prevotella,melaninogenica,,F0301,2,3218481,,Complete Genome,40.86,prevotella,1
GCA_018128005.1,HMT-469,Prevotella,melaninogenica,,F0299,3,3619436,,Complete Genome,41.04,prevotella,1
GCA_019375485.1,HMT-469,Prevotella,melaninogenica,,SCHI0034.S.9,52,3473651,,Contig,40.78,prevotella,1
GCA_019375525.1,HMT-469,Prevotella,melaninogenica,,SCHI0043.S.3,43,3293085,,Contig,40.79,prevotella,1
GCA_019375575.1,HMT-469,Prevotella,melaninogenica,,SCHI0047.S.2,42,3112350,,Contig,40.98,prevotella,1
GCA_019375605.1,HMT-469,Prevotella,melaninogenica,,SCHI0043.S.2,44,3265850,,Contig,40.82,prevotella,1
GCA_019375715.1,HMT-469,Prevotella,melaninogenica,,SCHI0027.S.13,86,3421699,,Contig,40.8,prevotella,1
GCA_019375745.1,HMT-469,Prevotella,melaninogenica,,SCHI0027.S.11,74,3307101,,Contig,40.85,prevotella,1
GCA_019375775.1,HMT-469,Prevotella,melaninogenica,,SCHI0027.S.9,97,3348634,,Contig,40.83,prevotella,1
GCA_019375815.1,HMT-469,Prevotella,melaninogenica,,SCHI0027.S.6,63,3422092,,Contig,40.78,prevotella,1
GCA_019375935.1,HMT-469,Prevotella,melaninogenica,,SCHI0009.S.5,69,3349000,,Contig,40.65,prevotella,1
GCA_019391735.1,HMT-469,Prevotella,melaninogenica,,SCHI0049.S.1,62,3285599,,Contig,40.65,prevotella,1
GCA_019391775.1,HMT-469,Prevotella,melaninogenica,,SCHI0044.S.1,36,3309181,,Contig,40.75,prevotella,1
GCA_019391815.1,HMT-469,Prevotella,melaninogenica,,SCHI0043.S.1,40,3280014,,Contig,40.82,prevotella,1
GCA_020735785.1,HMT-469,Prevotella,melaninogenica,,FDAARGOS_1566,2,3168227,,Complete Genome,40.98,prevotella,1
GCA_020735905.1,HMT-469,Prevotella,melaninogenica,,FDAARGOS_1567,2,3306754,,Complete Genome,40.71,prevotella,1
GCA_901875335.1,HMT-469,Prevotella,melaninogenica,,Prevotella_melaninogenica_BgEED24,57,3192247,,Contig,40.52,prevotella,1
GCA_902484395.1,HMT-469,Prevotella,melaninogenica,,MGYG-HGUT-03287,145,3259243,,Contig,40.52,prevotella,1
GCA_905369805.1,HMT-469,Prevotella,melaninogenica,,DRR046092-mag-bin.2,54,3181064,yes,Contig,40.6,prevotella,1
GCA_905370375.1,HMT-469,Prevotella,melaninogenica,,DRR241310-mag-bin.4,190,3187960,yes,Contig,40.82,prevotella,1
GCA_905371445.1,HMT-469,Prevotella,melaninogenica,,SRR6059115-mag-bin.3,99,3123098,yes,Contig,40.75,prevotella,1
GCA_912422195.1,HMT-469,Prevotella,melaninogenica,,DRR076989_bin.1_metaWRAP_v1.1_MAG,165,2982440,yes,Contig,40.86,prevotella,1
GCA_916048225.1,HMT-469,Prevotella,melaninogenica,,ERR2764998_bin.2_metaWRAP_v1.1_MAG,201,2859685,yes,Contig,40.78,prevotella,1
GCA_916050405.1,HMT-469,Prevotella,melaninogenica,,ERR2764903_bin.3_metaWRAP_v1.1_MAG,192,3056285,yes,Contig,40.94,prevotella,1
GCA_916050515.1,HMT-469,Prevotella,melaninogenica,,ERR2764838_bin.1_metaWRAP_v1.1_MAG,101,3044475,yes,Contig,40.71,prevotella,1
GCA_916438435.1,HMT-469,Prevotella,melaninogenica,,DRR214960_bin.12_metaWRAP_v1.1_MAG,2,3305739,yes,Contig,40.6,prevotella,1
GCA_916715705.1,HMT-469,Prevotella,melaninogenica,,SRR15235652_bin.2_metaWRAP_v1.1_MAG,116,3070081,yes,Contig,40.84,prevotella,1
GCA_927911715.1,HMT-469,Prevotella,melaninogenica,,ERR3827259_bin.3_metaWRAP_v1.1_MAG,243,3139129,yes,Contig,40.72,prevotella,1
GCA_938034465.1,HMT-469,Prevotella,melaninogenica,,ERR2764840_bin.11_CONCOCT_v1.1_MAG,76,3142635,yes,Contig,40.61,prevotella,1
GCA_938042185.1,HMT-469,Prevotella,melaninogenica,,ERR589382_bin.2_CONCOCT_v1.1_MAG,108,3042679,yes,Contig,40.71,prevotella,1
GCA_946223055.1,HMT-469,Prevotella,melaninogenica,,4ktD2U0ZO9_bin.8.MAG,125,3310601,yes,Contig,40.75,prevotella,1
GCA_946997865.1,HMT-469,Prevotella,melaninogenica,,SRR16916891_bin.7_metaWRAP_v1.3_MAG,297,3015449,yes,Contig,41.08,prevotella,1
GCA_951230405.1,HMT-469,Prevotella,melaninogenica,,SRR12445067_bin.4_MetaWRAP_v1.3_MAG,167,3051936,yes,Contig,40.76,prevotella,1
GCA_000243035.1,HMT-378,Prevotella,micans,,F0438,12,2487950,,Scaffold,45.96,prevotella,1
GCA_000373705.1,HMT-378,Prevotella,micans,,DSM 21469,50,2435292,,Scaffold,45.52,prevotella,1
GCA_000614105.1,HMT-378,Prevotella,micans,,JCM 16134,108,2426740,,Contig,45.49,prevotella,1
GCA_937921785.1,HMT-378,Prevotella,micans,,ERR589641_bin.81_CONCOCT_v1.1_MAG,96,2298888,yes,Contig,45.76,prevotella,1
GCA_000191065.1,HMT-685,Prevotella,multiformis,,DSM 16608,25,3057407,,Scaffold,51.98,prevotella,1
GCA_018127985.1,HMT-685,Prevotella,multiformis,,F0096,2,3025491,,Complete Genome,51.84,prevotella,1
GCA_938020355.1,HMT-685,Prevotella,multiformis,,ERR589471_bin.86_CONCOCT_v1.1_MAG,159,3357401,yes,Contig,51.06,prevotella,1
GCA_947095725.1,HMT-685,Prevotella,multiformis,,SRR8786265_bin.7_metaWRAP_v1.3_MAG,205,2378702,yes,Contig,53.08,prevotella,1
GCA_000220235.1,HMT-693,Prevotella,nigrescens,,ATCC 33563,24,2669193,,Scaffold,43.83,prevotella,1
GCA_000336235.1,HMT-693,Prevotella,nigrescens,,F0103,131,3021735,,Contig,42.66,prevotella,1
GCA_000507825.1,HMT-693,Prevotella,nigrescens,,CC14M,35,2986732,,Scaffold,43.17,prevotella,1
GCA_002204475.1,HMT-693,Prevotella,nigrescens,,KCOM 1102,8,2837965,,Scaffold,42.62,prevotella,1
GCA_015262115.1,HMT-693,Prevotella,nigrescens,,JCVI_32_bin.50,237,2813428,yes,Contig,43.13,prevotella,1
GCA_018127825.1,HMT-693,Prevotella,nigrescens,,F0109,3,2887107,,Complete Genome,42.45,prevotella,1
GCA_018127845.1,HMT-693,Prevotella,nigrescens,,F0630,2,2928207,,Complete Genome,42.7,prevotella,1
GCA_018127865.1,HMT-693,Prevotella,nigrescens,,F0103,3,3069220,,Complete Genome,42.75,prevotella,1
GCA_019375595.1,HMT-693,Prevotella,nigrescens,,SCHI0028.S.5,108,3147434,,Contig,42.63,prevotella,1
GCA_019930605.1,HMT-693,Prevotella,nigrescens,,FDAARGOS_1486,2,2673077,,Complete Genome,42.63,prevotella,1
GCA_031191185.1,HMT-693,Prevotella,nigrescens,,DSM 13386,6,2684891,,Complete Genome,42.61,prevotella,1
GCA_900454985.1,HMT-693,Prevotella,nigrescens,,NCTC9336,5,2715986,,Contig,42.6,prevotella,1
GCA_902497265.1,HMT-693,Prevotella,nigrescens,,MGYG-HGUT-04627,37,2663266,,Contig,42.2,prevotella,1
GCA_905372985.1,HMT-693,Prevotella,nigrescens,,SRR9217449-mag-bin.15,92,2490701,yes,Contig,42.48,prevotella,1
GCA_915063465.1,HMT-693,Prevotella,nigrescens,,SRR1045097_bin.7_metaWRAP_v1.1_MAG,180,2561906,yes,Contig,42.57,prevotella,1
GCA_938028575.1,HMT-693,Prevotella,nigrescens,,ERR589362_bin.1_CONCOCT_v1.1_MAG,43,2453895,yes,Contig,42.33,prevotella,1
GCA_000220255.1,HMT-714,Prevotella,pallens,,ATCC 700821,40,3127600,,Scaffold,39.07,prevotella,1
GCA_003269195.1,HMT-714,Prevotella,pallens,,DSM 18710,80,3053674,,Scaffold,37.43,prevotella,1
GCA_015261335.1,HMT-714,Prevotella,pallens,,JCVI_8_bin.11,117,2388918,yes,Contig,37.13,prevotella,1
GCA_015261375.1,HMT-714,Prevotella,pallens,,JCVI_7_bin.6,117,2416341,yes,Scaffold,37.16,prevotella,1
GCA_015261395.1,HMT-714,Prevotella,pallens,,JCVI_6_bin.9,121,2550145,yes,Scaffold,37.2,prevotella,1
GCA_015261455.1,HMT-714,Prevotella,pallens,,JCVI_48_bin.20,202,2465798,yes,Contig,37.4,prevotella,1
GCA_015261465.1,HMT-714,Prevotella,pallens,,JCVI_49_bin.21,128,2577142,yes,Contig,37.13,prevotella,1
GCA_015261495.1,HMT-714,Prevotella,pallens,,JCVI_42_bin.5,67,2753317,yes,Contig,37.03,prevotella,1
GCA_015261505.1,HMT-714,Prevotella,pallens,,JCVI_47_bin.25,85,2546294,yes,Contig,37.09,prevotella,1
GCA_015261515.1,HMT-714,Prevotella,pallens,,JCVI_40_bin.16,86,2862168,yes,Contig,37.38,prevotella,1
GCA_015261555.1,HMT-714,Prevotella,pallens,,JCVI_38_bin.1,101,2642913,yes,Contig,37.2,prevotella,1
GCA_015261585.1,HMT-714,Prevotella,pallens,,JCVI_34_bin.7,91,2542694,yes,Scaffold,37.04,prevotella,1
GCA_015261615.1,HMT-714,Prevotella,pallens,,JCVI_33_bin.2,73,2748189,yes,Contig,37.19,prevotella,1
GCA_015261625.1,HMT-714,Prevotella,pallens,,JCVI_32_bin.58,85,2571726,yes,Contig,37.02,prevotella,1
GCA_015261645.1,HMT-714,Prevotella,pallens,,JCVI_30_bin.10,89,2785755,yes,Contig,37.17,prevotella,1
GCA_015261675.1,HMT-714,Prevotella,pallens,,JCVI_28_bin.2,105,2635776,yes,Contig,36.98,prevotella,1
GCA_015261695.1,HMT-714,Prevotella,pallens,,JCVI_26_bin.7,123,2504788,yes,Scaffold,37.18,prevotella,1
GCA_015261705.1,HMT-714,Prevotella,pallens,,JCVI_29_bin.5,103,2612025,yes,Contig,37.09,prevotella,1
GCA_015261715.1,HMT-714,Prevotella,pallens,,JCVI_27_bin.4,271,2300340,yes,Scaffold,37.47,prevotella,1
GCA_015261725.1,HMT-714,Prevotella,pallens,,JCVI_25_bin.14,142,2519827,yes,Contig,37.01,prevotella,1
GCA_015261775.1,HMT-714,Prevotella,pallens,,JCVI_24_bin.6,95,2743181,yes,Contig,36.98,prevotella,1
GCA_015261795.1,HMT-714,Prevotella,pallens,,JCVI_22A_bin.10,116,2639886,yes,Contig,37.29,prevotella,1
GCA_015261835.1,HMT-714,Prevotella,pallens,,JCVI_19_bin.10,217,2528698,yes,Contig,36.89,prevotella,1
GCA_015261845.1,HMT-714,Prevotella,pallens,,JCVI_1_bin.7,96,2802193,yes,Scaffold,37.17,prevotella,1
GCA_015261905.1,HMT-714,Prevotella,pallens,,JCVI_18_bin.3,70,2609891,yes,Contig,37.1,prevotella,1
GCA_015261915.1,HMT-714,Prevotella,pallens,,JCVI_13_bin.11,75,2689706,yes,Contig,36.99,prevotella,1
GCA_015261925.1,HMT-714,Prevotella,pallens,,JCVI_17_bin.7,70,2646254,yes,Contig,37.12,prevotella,1
GCA_015261945.1,HMT-714,Prevotella,pallens,,JCVI_14_bin.8,113,2683598,yes,Scaffold,37.13,prevotella,1
GCA_015261995.1,HMT-714,Prevotella,pallens,,JCVI_12_bin.15,85,2813865,yes,Contig,37.04,prevotella,1
GCA_015262005.1,HMT-714,Prevotella,pallens,,JCVI_10_bin.10,77,2602635,yes,Scaffold,36.95,prevotella,1
GCA_015262065.1,HMT-714,Prevotella,pallens,,JCVI_11_bin.16,93,2640930,yes,Scaffold,37.11,prevotella,1
GCA_900454935.1,HMT-714,Prevotella,pallens,,NCTC13043,7,3108714,,Contig,37.46,prevotella,1
GCA_901875295.1,HMT-714,Prevotella,pallens,,na,151,2861587,,Contig,37.94,prevotella,1
GCA_905369845.1,HMT-714,Prevotella,pallens,,DRR046098-mag-bin.6,260,2449921,yes,Contig,37.31,prevotella,1
GCA_905371345.1,HMT-714,Prevotella,pallens,,SRR6059111-mag-bin.5,152,2606864,yes,Contig,37.24,prevotella,1
GCA_905372815.1,HMT-714,Prevotella,pallens,,SRR9217428-mag-bin.2,191,2977182,yes,Contig,37.36,prevotella,1
GCA_916048135.1,HMT-714,Prevotella,pallens,,ERR2764840_bin.6_metaWRAP_v1.1_MAG,163,2599276,yes,Contig,37.0,prevotella,1
GCA_916720205.1,HMT-714,Prevotella,pallens,,SRR15235666_bin.18_metaWRAP_v1.1_MAG,70,2606342,yes,Contig,37.06,prevotella,1
GCA_937889145.1,HMT-714,Prevotella,pallens,,SRR1952591_bin.88_CONCOCT_v1.1_MAG,83,2732166,yes,Contig,37.37,prevotella,1
GCA_947062025.1,HMT-714,Prevotella,pallens,,SRR6311991_bin.4_metaWRAP_v1.3_MAG,123,2520277,yes,Contig,37.12,prevotella,1
GCA_000614285.1,HMT-885,Prevotella,scopos,,JCM 17725,113,3184425,,Contig,40.7,prevotella,1
GCA_001683355.1,HMT-885,Prevotella,scopos,,W2052,3,3303745,,Chromosome,40.79,prevotella,1
GCA_018127785.1,HMT-885,Prevotella,scopos,,W2052,3,3304345,,Complete Genome,40.75,prevotella,1
GCA_900129535.1,HMT-885,Prevotella,scopos,,DSM 22613,82,3209893,,Scaffold,40.68,prevotella,1
GCA_018128045.1,HMT-314,Prevotella,sp. HMT-314,,F0054,2,3358299,,Complete Genome,41.1,prevotella,1
GCA_018128065.1,HMT-314,Prevotella,sp. HMT-314,,F0091,2,3342898,,Complete Genome,41.31,prevotella,1
GCA_905373445.1,HMT-314,Prevotella,sp. HMT-314,,SRR9217464-mag-bin.6,212,2519807,yes,Contig,41.21,prevotella,1
GCA_000599605.1,HMT-410,Prevotella,sp. HMT-410,,HJM029,150,3023893,,Scaffold,45.1,prevotella,1
GCA_015260745.1,HMT-410,Prevotella,sp. HMT-410,,JCVI_12_bin.21,192,2379466,yes,Scaffold,45.22,prevotella,1
GCA_000430565.1,HMT-798,Prevotella,timonensis,,DSM 22865,124,3156061,,Scaffold,42.39,prevotella,1
GCA_000455445.1,HMT-798,Prevotella,timonensis,,4401737,25,3217068,,Scaffold,44.12,prevotella,1
GCA_000614005.1,HMT-798,Prevotella,timonensis,,JCM 15640,179,3116396,,Contig,42.49,prevotella,1
GCA_002894165.1,HMT-798,Prevotella,timonensis,,DNF00076,22,3000907,,Contig,42.56,prevotella,1
GCA_015548615.1,HMT-798,Prevotella,timonensis,,BSD2780120874b_170522_H2,260,3469033,,Scaffold,42.57,prevotella,1
GCA_023522295.1,HMT-798,Prevotella,timonensis,,TCVGH,149,3061518,,Contig,42.6,prevotella,1
GCA_943913865.1,HMT-798,Prevotella,timonensis,,hn1YYbGFJY_bin.5.MAG,89,2859184,yes,Contig,42.6,prevotella,1
GCA_947000095.1,HMT-798,Prevotella,timonensis,,SRR16916848_bin.6_metaWRAP_v1.3_MAG,122,3085383,yes,Contig,42.59,prevotella,1
GCA_947253705.1,HMT-798,Prevotella,timonensis,,SRR17635465_bin.2_metaWRAP_v1.3_MAG,141,2642021,yes,Contig,42.37,prevotella,1
GCA_947254935.1,HMT-798,Prevotella,timonensis,,SRR17635649_bin.20_metaWRAP_v1.3_MAG,140,2468824,yes,Contig,41.92,prevotella,1
GCA_000162935.1,HMT-572,Prevotella,veroralis,,F0319,26,2993935,,Scaffold,42.07,prevotella,1
GCA_000377625.1,HMT-572,Prevotella,veroralis,,DSM 19559,28,2845746,,Scaffold,41.87,prevotella,1
GCA_000613325.1,HMT-572,Prevotella,veroralis,,JCM 6290,65,2834450,,Contig,41.8,prevotella,1
GCA_018127765.1,HMT-572,Prevotella,veroralis,,F0319,3,2990547,,Complete Genome,41.92,prevotella,1
GCA_938038995.1,HMT-572,Prevotella,veroralis,,ERR589484_bin.19_CONCOCT_v1.1_MAG,150,2391019,yes,Contig,42.22,prevotella,1
GCA_000257925.1,HMT-306,Prevotella,vespertina,,F0472,74,2945767,,Contig,41.32,prevotella,1
GCA_009728485.1,HMT-306,Prevotella,vespertina,,A2879,24,2818117,,Scaffold,41.48,prevotella,1
GCA_015260075.1,HMT-306,Prevotella,vespertina,,JCVI_43_bin.8,108,2447744,yes,Scaffold,41.43,prevotella,1
GCA_916720355.1,HMT-306,Prevotella,vespertina,,SRR15235666_bin.10_metaWRAP_v1.1_MAG,120,2177646,yes,Contig,41.55,prevotella,1
GCA_937989495.1,HMT-306,Prevotella,vespertina,,SRR8114088_bin.67_CONCOCT_v1.1_MAG,127,2672086,yes,Contig,41.3,prevotella,1
GCA_000426605.1,HMT-191,Propionibacterium,acidifaciens,,DSM 21887,85,3043901,,Scaffold,70.59,propionibacterium,0
GCA_003798325.1,HMT-191,Propionibacterium,acidifaciens,,FDAARGOS_576,1,3072768,,Complete Genome,70.59,propionibacterium,0
GCA_905373155.1,HMT-191,Propionibacterium,acidifaciens,,SRR9217457-mag-bin.5,113,2841507,yes,Contig,71.24,propionibacterium,0
GCA_938034675.1,HMT-191,Propionibacterium,acidifaciens,,ERR589663_bin.92_CONCOCT_v1.1_MAG,121,2820612,yes,Contig,70.88,propionibacterium,0
GCA_000160755.1,HMT-676,Proteus,mirabilis,,ATCC 29906,54,4027100,,Scaffold,39.4,proteus,0
GCA_000444425.1,HMT-676,Proteus,mirabilis,,BB2000,1,3846754,,Complete Genome,38.59,proteus,0
GCA_002055685.1,HMT-676,Proteus,mirabilis,,AR_0059,1,4191021,,Complete Genome,38.94,proteus,0
GCA_002310875.1,HMT-676,Proteus,mirabilis,,T21,3,4286593,,Complete Genome,39.68,proteus,0
GCA_003855615.1,HMT-676,Proteus,mirabilis,,PmBC1123,1,4074828,,Complete Genome,39.09,proteus,0
GCA_013357445.1,HMT-676,Proteus,mirabilis,,S74-1(++)-2,1,4029664,,Complete Genome,39.04,proteus,0
GCA_016939715.1,HMT-676,Proteus,mirabilis,,PM52260,3,4296295,,Complete Genome,39.52,proteus,0
GCA_022354605.1,HMT-676,Proteus,mirabilis,,SWHIN_109,1,4000636,,Complete Genome,39.09,proteus,0
GCA_023093855.1,HMT-676,Proteus,mirabilis,,T1010,1,4001374,,Complete Genome,39.03,proteus,0
GCA_000176335.1,HMT-845,Pseudoleptotrichia,goodfellowii,,F0264,208,2287284,,Contig,31.51,pseudoleptotrichia,0
GCA_000516535.1,HMT-845,Pseudoleptotrichia,goodfellowii,,DSM 19756,1,2281162,,Scaffold,31.64,pseudoleptotrichia,0
GCA_007990505.1,HMT-845,Pseudoleptotrichia,goodfellowii,,JCM16774,1,2290729,,Complete Genome,31.69,pseudoleptotrichia,0
GCA_001274535.1,HMT-212,Pseudoleptotrichia,sp. HMT-212,,W10393,1,2444904,,Complete Genome,31.41,pseudoleptotrichia,0
GCA_905373465.1,HMT-212,Pseudoleptotrichia,sp. HMT-212,,SRR9217471-mag-bin.5,292,1514253,yes,Contig,32.48,pseudoleptotrichia,0
GCA_938011375.1,HMT-212,Pseudoleptotrichia,sp. HMT-212,,ERR589371_bin.123_CONCOCT_v1.1_MAG,121,2345923,yes,Contig,31.33,pseudoleptotrichia,0
GCA_000469505.1,HMT-215,Pseudoleptotrichia,sp. HMT-215,,W9775,54,2308492,,Scaffold,31.5,pseudoleptotrichia,0
GCA_916439075.1,HMT-215,Pseudoleptotrichia,sp. HMT-215,,DRR214959_bin.4_metaWRAP_v1.1_MAG,2,2502365,yes,Contig,31.02,pseudoleptotrichia,0
GCA_000226155.1,HMT-536,Pseudomonas,aeruginosa,,M18,1,6327754,,Complete Genome,66.5,pseudomonas,0
GCA_000763245.3,HMT-536,Pseudomonas,aeruginosa,,CCBH4851,1,6834257,,Complete Genome,66.08,pseudomonas,0
GCA_001042925.1,HMT-536,Pseudomonas,aeruginosa,,DSM 50071,30,6291043,,Contig,66.56,pseudomonas,0
GCA_001045685.1,HMT-536,Pseudomonas,aeruginosa,,DSM 50071,1,6317050,,Complete Genome,66.52,pseudomonas,0
GCA_001374975.1,HMT-536,Pseudomonas,aeruginosa,,ATCC 9027,73,6491764,,Contig,66.3,pseudomonas,0
GCA_001457615.1,HMT-536,Pseudomonas,aeruginosa,,NCTC10332,1,6316979,,Complete Genome,66.52,pseudomonas,0
GCA_001516345.1,HMT-536,Pseudomonas,aeruginosa,,H47921,1,6836415,,Complete Genome,66.07,pseudomonas,0
GCA_003952325.1,HMT-536,Pseudomonas,aeruginosa,,B17932,1,6744658,,Complete Genome,65.94,pseudomonas,0
GCA_019915445.1,HMT-536,Pseudomonas,aeruginosa,,SCAID WND1-2021 (9/195),1,7093992,,Complete Genome,65.9,pseudomonas,0
GCA_001269845.1,HMT-612,Pseudomonas,fluorescens,,DSM 50090,17,6388150,,Contig,60.16,pseudomonas,0
GCA_001708445.1,HMT-612,Pseudomonas,fluorescens,,L321,1,6641144,,Complete Genome,60.77,pseudomonas,0
GCA_002091595.1,HMT-612,Pseudomonas,fluorescens,,NBRC 14160,67,6364335,,Contig,60.09,pseudomonas,0
GCA_002943685.1,HMT-612,Pseudomonas,fluorescens,,ATCC 13525,115,6442614,,Scaffold,60.04,pseudomonas,0
GCA_003417575.1,HMT-612,Pseudomonas,fluorescens,,ATCC 13525,279,6447692,,Contig,59.99,pseudomonas,0
GCA_007858165.1,HMT-612,Pseudomonas,fluorescens,,DSM 50090,31,6374365,,Contig,60.17,pseudomonas,0
GCA_900215245.1,HMT-612,Pseudomonas,fluorescens,,ATCC 13525,1,6511547,,Chromosome,59.99,pseudomonas,0
GCA_900475215.1,HMT-612,Pseudomonas,fluorescens,,NCTC10038,1,6515171,,Complete Genome,59.98,pseudomonas,0
GCA_900636825.1,HMT-612,Pseudomonas,fluorescens,,NCTC9428,1,6033966,,Complete Genome,58.96,pseudomonas,0
GCA_002091675.1,HMT-344,Pseudomonas,luteola,,NBRC 103146,104,5395279,,Contig,55.3,pseudomonas,0
GCA_003691465.1,HMT-344,Pseudomonas,luteola,,LTJR-52,1,5539211,,Complete Genome,55.17,pseudomonas,0
GCA_008693965.1,HMT-344,Pseudomonas,luteola,,FDAARGOS_637,5,5901383,,Complete Genome,55.42,pseudomonas,0
GCA_013522795.1,HMT-344,Pseudomonas,luteola,,89C1,31,5610094,,Contig,55.21,pseudomonas,0
GCA_022346805.1,HMT-344,Pseudomonas,luteola,,ACRSF,30,4707544,,Contig,55.37,pseudomonas,0
GCA_030403525.1,HMT-344,Pseudomonas,luteola,,WAC2,18,5019075,,Contig,55.39,pseudomonas,0
GCA_900110795.1,HMT-344,Pseudomonas,luteola,,LMG 21974,53,5421602,,Contig,55.31,pseudomonas,0
GCA_900141925.1,HMT-344,Pseudomonas,luteola,,KACC 15471,33,5339831,,Scaffold,55.33,pseudomonas,0
GCA_900455515.1,HMT-344,Pseudomonas,luteola,,NCTC11842,16,6089776,,Contig,54.77,pseudomonas,0
GCA_902375175.1,HMT-344,Pseudomonas,luteola,,MGYG-HGUT-01457,9,5701016,,Scaffold,55.52,pseudomonas,0
GCA_000297075.2,HMT-740,Pseudomonas,oleovorans,,CECT5344,1,4686340,,Complete Genome,62.34,pseudomonas,0
GCA_000953455.1,HMT-740,Pseudomonas,oleovorans,,na,1,4696984,,Complete Genome,62.34,pseudomonas,0
GCA_002091815.1,HMT-740,Pseudomonas,oleovorans,,NBRC 13583,123,4870767,,Contig,62.08,pseudomonas,0
GCA_002197815.1,HMT-740,Pseudomonas,oleovorans,,DSM 1045,109,4852859,,Contig,62.07,pseudomonas,0
GCA_003408635.1,HMT-740,Pseudomonas,oleovorans,,phDV1,1,4727682,,Complete Genome,62.31,pseudomonas,0
GCA_014109765.1,HMT-740,Pseudomonas,oleovorans,,MSPm1,1,5654212,,Chromosome,62.41,pseudomonas,0
GCA_029814875.1,HMT-740,Pseudomonas,oleovorans,,GD04132,1,4677167,,Complete Genome,62.31,pseudomonas,0
GCA_029843895.1,HMT-740,Pseudomonas,oleovorans,,GD03704,3,4684111,,Contig,62.31,pseudomonas,0
GCA_900455615.1,HMT-740,Pseudomonas,oleovorans,,NCTC10692,5,5049026,,Contig,61.99,pseudomonas,0
GCA_006715895.1,HMT-834,Pseudomonas,otitidis,,SLBN-26,1,6298475,,Contig,67.19,pseudomonas,0
GCA_011397855.1,HMT-834,Pseudomonas,otitidis,,MrB4,1,6089454,,Complete Genome,67.22,pseudomonas,0
GCA_014161995.1,HMT-834,Pseudomonas,otitidis,,WP8-S17-CRE-03,1,6198093,,Complete Genome,67.14,pseudomonas,0
GCA_019879085.1,HMT-834,Pseudomonas,otitidis,,CSMC7.1,1,6202375,,Complete Genome,67.15,pseudomonas,0
GCA_024170065.1,HMT-834,Pseudomonas,otitidis,,SLBN-103,1,6298479,,Contig,67.19,pseudomonas,0
GCA_026651425.1,HMT-834,Pseudomonas,otitidis,,BC12,1,6113211,,Complete Genome,67.28,pseudomonas,0
GCA_029838685.1,HMT-834,Pseudomonas,otitidis,,GD03976,73,6219932,,Contig,66.99,pseudomonas,0
GCA_030166435.1,HMT-834,Pseudomonas,otitidis,,TL17,1,6062106,,Complete Genome,67.12,pseudomonas,0
GCA_030418255.1,HMT-834,Pseudomonas,otitidis,,NK1,33,6031849,,Contig,67.32,pseudomonas,0
GCA_900111835.1,HMT-834,Pseudomonas,otitidis,,DSM 17224,50,6344741,,Scaffold,66.86,pseudomonas,0
GCA_000185505.1,HMT-538,Pseudoramibacter,alactolyticus,,ATCC 23263,42,2362882,,Scaffold,52.36,pseudoramibacter,0
GCA_016901195.1,HMT-538,Pseudoramibacter,alactolyticus,,BIN1,170,2119067,yes,Contig,52.61,pseudoramibacter,0
GCA_938046695.1,HMT-538,Pseudoramibacter,alactolyticus,,ERR589356_bin.17_CONCOCT_v1.1_MAG,45,2242345,yes,Contig,51.78,pseudoramibacter,0
GCA_000177335.1,HMT-357,Pyramidobacter,piscolens,,W5455,140,2562014,,Contig,59.84,pyramidobacter,0
GCA_022846135.1,HMT-357,Pyramidobacter,piscolens,,CE91-St28,1,2686623,,Complete Genome,59.69,pyramidobacter,0
GCA_023455535.1,HMT-357,Pyramidobacter,piscolens,,OH_HFB_101,69,2438666,,Contig,59.97,pyramidobacter,0
GCA_902470875.1,HMT-357,Pyramidobacter,piscolens,,MGYG-HGUT-01589,38,2462654,,Contig,60.09,pyramidobacter,0
GCA_905198325.1,HMT-357,Pyramidobacter,piscolens,,ERR1190746-bin.10,44,2400787,yes,Contig,60.12,pyramidobacter,0
GCA_937925425.1,HMT-357,Pyramidobacter,piscolens,,SRR3160452_bin.69_CONCOCT_v1.1_MAG,74,2545610,yes,Contig,60.02,pyramidobacter,0
GCA_958368465.1,HMT-357,Pyramidobacter,piscolens,,SRR22541674_bin.27_MetaWRAP_v1.3_MAG,83,2457884,yes,Contig,59.97,pyramidobacter,0
GCA_958404195.1,HMT-357,Pyramidobacter,piscolens,,ERR9492489_bin.18_MetaWRAP_v1.3_MAG,53,2484058,yes,Contig,60.05,pyramidobacter,0
GCA_959608295.1,HMT-357,Pyramidobacter,piscolens,,SRR16280103_bin.30_MetaWRAP_v1.3_MAG,113,2376926,yes,Contig,60.06,pyramidobacter,0
GCA_000743455.1,HMT-854,Ralstonia,pickettii,,ATCC 27511,1,4765599,,Scaffold,63.97,ralstonia,0
GCA_001544155.1,HMT-854,Ralstonia,pickettii,,NBRC 102503,52,4733058,,Contig,63.97,ralstonia,0
GCA_013391365.1,HMT-854,Ralstonia,pickettii,,LB_tupeA,11,5320276,,Contig,63.65,ralstonia,0
GCA_016466415.2,HMT-854,Ralstonia,pickettii,,K-288,3,4831420,,Complete Genome,63.91,ralstonia,0
GCA_018726805.1,HMT-854,Ralstonia,pickettii,,B265,2,4939245,,Contig,63.94,ralstonia,0
GCA_020341455.1,HMT-854,Ralstonia,pickettii,,FDAARGOS_1535,5,5008012,,Chromosome,63.81,ralstonia,0
GCA_900455835.1,HMT-854,Ralstonia,pickettii,,NCTC11149,5,4810167,,Contig,63.92,ralstonia,0
GCA_000021865.1,HMT-857,Rhodobacter,capsulatus,,SB 1003,2,3871920,,Complete Genome,66.56,rhodobacter,0
GCA_000505785.1,HMT-857,Rhodobacter,capsulatus,,DE442,40,3760501,,Scaffold,66.63,rhodobacter,0
GCA_000506565.2,HMT-857,Rhodobacter,capsulatus,,R121,36,3760694,,Scaffold,66.63,rhodobacter,0
GCA_001402715.1,HMT-857,Rhodobacter,capsulatus,,B41,64,3675736,,Scaffold,66.53,rhodobacter,0
GCA_001402725.1,HMT-857,Rhodobacter,capsulatus,,A52,70,3607570,,Scaffold,66.51,rhodobacter,0
GCA_003254295.1,HMT-857,Rhodobacter,capsulatus,,DSM 1710,24,3668822,,Scaffold,66.56,rhodobacter,0
GCA_014622665.1,HMT-857,Rhodobacter,capsulatus,,A12,1,3616128,,Complete Genome,66.47,rhodobacter,0
GCA_029277405.1,HMT-857,Rhodobacter,capsulatus,,37b4,1,3912233,,Complete Genome,66.23,rhodobacter,0
GCA_900102155.1,HMT-857,Rhodobacter,capsulatus,,DSM 938,68,3864762,,Contig,66.31,rhodobacter,0
GCA_023078375.1,HMT-244,Roseomonas,gilardii,,ATCC 49956,2,4624884,,Complete Genome,70.31,roseomonas,0
GCA_000292225.1,HMT-245,Roseomonas,mucosa,,B5,228,4719255,,Contig,70.6,roseomonas,0
GCA_000622225.1,HMT-245,Roseomonas,mucosa,,ATCC BAA-692,77,4864580,,Scaffold,70.46,roseomonas,0
GCA_001466485.2,HMT-245,Roseomonas,mucosa,,AU37,249,4741248,,Contig,70.45,roseomonas,0
GCA_002754815.1,HMT-245,Roseomonas,mucosa,,FDAARGOS_362,8,5174209,,Complete Genome,70.33,roseomonas,0
GCA_006771025.1,HMT-245,Roseomonas,mucosa,,PG,5,4974701,,Complete Genome,70.44,roseomonas,0
GCA_008693785.1,HMT-245,Roseomonas,mucosa,,FDAARGOS_658,5,4996294,,Complete Genome,70.29,roseomonas,0
GCA_023923185.1,HMT-245,Roseomonas,mucosa,,TT14,10,5531171,,Complete Genome,70.06,roseomonas,0
GCA_026222695.1,HMT-245,Roseomonas,mucosa,,AD3,6,5007091,,Complete Genome,70.45,roseomonas,0
GCA_026222715.1,HMT-245,Roseomonas,mucosa,,HV1,6,4878034,,Complete Genome,70.44,roseomonas,0
GCA_900455935.1,HMT-245,Roseomonas,mucosa,,NCTC13291,4,5000569,,Contig,70.31,roseomonas,0
GCA_000258205.1,HMT-188,Rothia,aeria,,F0474,50,2584293,,Contig,56.67,rothia,0
GCA_000479025.1,HMT-188,Rothia,aeria,,F0184,32,2603188,,Scaffold,56.68,rothia,0
GCA_000763685.1,HMT-188,Rothia,aeria,,C6B,38,2644345,,Contig,56.51,rothia,0
GCA_000763765.1,HMT-188,Rothia,aeria,,C6D,31,2639435,,Contig,56.47,rothia,0
GCA_002355935.1,HMT-188,Rothia,aeria,,JCM 11412,1,2588680,,Complete Genome,56.8,rothia,0
GCA_003989155.1,HMT-188,Rothia,aeria,,HSID18069,35,2639394,,Contig,56.61,rothia,0
GCA_003989445.1,HMT-188,Rothia,aeria,,HSID18067,17,2641641,,Contig,56.63,rothia,0
GCA_016726365.1,HMT-188,Rothia,aeria,,FDAARGOS_1137,1,2583917,,Complete Genome,56.83,rothia,0
GCA_019334745.1,HMT-188,Rothia,aeria,,LPB0401,1,2634007,,Complete Genome,56.59,rothia,0
GCA_029850825.1,HMT-188,Rothia,aeria,,RSM482,60,2660360,,Contig,56.54,rothia,0
GCA_029850955.1,HMT-188,Rothia,aeria,,RSM89,39,2558284,,Contig,56.61,rothia,0
GCA_029851005.1,HMT-188,Rothia,aeria,,RSM15,18,2572352,,Contig,56.8,rothia,0
GCA_029851025.1,HMT-188,Rothia,aeria,,RSM41,46,2640529,,Contig,56.58,rothia,0
GCA_030219075.1,HMT-188,Rothia,aeria,,UMB8972,177,2612471,,Contig,56.31,rothia,0
GCA_030223365.1,HMT-188,Rothia,aeria,,UMB0589,23,2566350,,Contig,56.8,rothia,0
GCA_030530555.1,HMT-188,Rothia,aeria,,S12M_Sa_16,34,2429980,,Scaffold,57.12,rothia,0
GCA_900637985.1,HMT-188,Rothia,aeria,,NCTC10207,1,2707814,,Complete Genome,56.39,rothia,0
GCA_905372695.1,HMT-188,Rothia,aeria,,SRR9217428-mag-bin.1,35,2587545,yes,Contig,56.87,rothia,0
GCA_916720985.1,HMT-188,Rothia,aeria,,SRR15235667_bin.24_metaWRAP_v1.1_MAG,125,2591757,yes,Contig,56.92,rothia,0
GCA_937927245.1,HMT-188,Rothia,aeria,,ERR589473_bin.57_CONCOCT_v1.1_MAG,34,2581706,yes,Contig,56.85,rothia,0
GCA_000143585.1,HMT-587,Rothia,dentocariosa,,M567,6,2532787,,Scaffold,53.94,rothia,0
GCA_000164695.2,HMT-587,Rothia,dentocariosa,,ATCC 17931,1,2506025,,Complete Genome,53.69,rothia,0
GCA_001061305.1,HMT-587,Rothia,dentocariosa,,1234_RDEN,93,2491306,,Scaffold,53.81,rothia,0
GCA_001062425.1,HMT-587,Rothia,dentocariosa,,1233_RDEN,121,2476244,,Contig,53.82,rothia,0
GCA_001064485.1,HMT-587,Rothia,dentocariosa,,316_RDEN,47,2504054,,Scaffold,53.75,rothia,0
GCA_001066935.1,HMT-587,Rothia,dentocariosa,,694_RDEN,85,2425579,,Contig,53.84,rothia,0
GCA_001808385.1,HMT-587,Rothia,dentocariosa,,HMSC08A08,36,2486809,,Scaffold,53.95,rothia,0
GCA_001809115.1,HMT-587,Rothia,dentocariosa,,HMSC071F11,51,2547863,,Scaffold,53.9,rothia,0
GCA_001809415.1,HMT-587,Rothia,dentocariosa,,HMSC058E10,47,2439224,,Scaffold,53.77,rothia,0
GCA_001809525.1,HMT-587,Rothia,dentocariosa,,HMSC064D08,17,2459656,,Scaffold,53.96,rothia,0
GCA_001810635.1,HMT-587,Rothia,dentocariosa,,HMSC067H10,49,2490080,,Scaffold,53.78,rothia,0
GCA_001811455.1,HMT-587,Rothia,dentocariosa,,HMSC065G12,29,2512257,,Scaffold,53.79,rothia,0
GCA_001814205.1,HMT-587,Rothia,dentocariosa,,HMSC036D11,46,2491181,,Scaffold,53.76,rothia,0
GCA_001814655.1,HMT-587,Rothia,dentocariosa,,HMSC069C01,35,2416608,,Scaffold,53.88,rothia,0
GCA_001815285.1,HMT-587,Rothia,dentocariosa,,HMSC065D02,35,2478701,,Scaffold,53.92,rothia,0
GCA_002276695.1,HMT-587,Rothia,dentocariosa,,OG2-1,85,2469903,,Contig,53.67,rothia,0
GCA_002554715.1,HMT-587,Rothia,dentocariosa,,OG2-2,68,2446762,,Contig,53.86,rothia,0
GCA_002861025.1,HMT-587,Rothia,dentocariosa,,UMB0083,11,2494324,,Contig,53.75,rothia,0
GCA_004563855.1,HMT-587,Rothia,dentocariosa,,1C11,97,2536666,,Contig,53.81,rothia,0
GCA_012641675.1,HMT-587,Rothia,dentocariosa,,TB22-02,36,2597203,,Contig,53.65,rothia,0
GCA_013267735.1,HMT-587,Rothia,dentocariosa,,FDAARGOS_752,1,2533415,,Complete Genome,53.8,rothia,0
GCA_019297775.1,HMT-587,Rothia,dentocariosa,,LPB0409,1,2434262,,Complete Genome,53.94,rothia,0
GCA_023713025.1,HMT-587,Rothia,dentocariosa,,MSL 004.1.2,76,2448390,,Contig,53.94,rothia,0
GCA_029850855.1,HMT-587,Rothia,dentocariosa,,RSM522,36,2462448,,Contig,53.69,rothia,0
GCA_029850905.1,HMT-587,Rothia,dentocariosa,,RSM249,57,2457731,,Contig,53.7,rothia,0
GCA_029850925.1,HMT-587,Rothia,dentocariosa,,RSM82,26,2414940,,Contig,53.92,rothia,0
GCA_029851045.1,HMT-587,Rothia,dentocariosa,,RSM16,47,2489860,,Contig,53.76,rothia,0
GCA_031191775.1,HMT-587,Rothia,dentocariosa,,B-8017,1,2462892,,Complete Genome,53.75,rothia,0
GCA_900455895.1,HMT-587,Rothia,dentocariosa,,NCTC10917,2,2490333,,Contig,53.74,rothia,0
GCA_900638535.1,HMT-587,Rothia,dentocariosa,,NCTC10918,1,2501750,,Complete Genome,53.62,rothia,0
GCA_901875315.1,HMT-587,Rothia,dentocariosa,,Rothia_dentocariosa_BgEED26,11,2453562,,Contig,53.7,rothia,0
GCA_905372075.1,HMT-587,Rothia,dentocariosa,,SRR9217400-mag-bin.11,63,2480934,yes,Contig,53.84,rothia,0
GCA_915066855.1,HMT-587,Rothia,dentocariosa,,SRR1045099_bin.1_metaWRAP_v1.1_MAG,123,2362988,yes,Contig,53.74,rothia,0
GCA_916720605.1,HMT-587,Rothia,dentocariosa,,SRR15235668_bin.10_metaWRAP_v1.1_MAG,194,2293427,yes,Contig,53.83,rothia,0
GCA_938018175.1,HMT-587,Rothia,dentocariosa,,ERR589478_bin.51_CONCOCT_v1.1_MAG,41,2459680,yes,Contig,53.78,rothia,0
GCA_001061665.1,HMT-147,Rothia,mucilaginosa,,141_RMUC,16,2236745,,Scaffold,61.99,rothia,0
GCA_001065135.1,HMT-147,Rothia,mucilaginosa,,473_RMUC,43,2271708,,Scaffold,61.99,rothia,0
GCA_001065485.1,HMT-147,Rothia,mucilaginosa,,574_RMUC,167,2232412,,Scaffold,61.85,rothia,0
GCA_001809565.1,HMT-147,Rothia,mucilaginosa,,HMSC072B03,19,2235828,,Scaffold,62.04,rothia,0
GCA_001812775.1,HMT-147,Rothia,mucilaginosa,,HMSC068F09,23,2239545,,Scaffold,62.1,rothia,0
GCA_001813965.1,HMT-147,Rothia,mucilaginosa,,HMSC072E10,25,2245099,,Scaffold,62.11,rothia,0
GCA_001836905.1,HMT-147,Rothia,mucilaginosa,,HMSC062F03,42,2271942,,Scaffold,61.85,rothia,0
GCA_938043995.1,HMT-147,Rothia,mucilaginosa,,ERR589708_bin.88_CONCOCT_v1.1_MAG,23,2181303,yes,Contig,61.91,rothia,0
GCA_000011025.1,HMT-681,Rothia,mucilaginosa,,DY-18,1,2264603,,Complete Genome,59.62,rothia,0
GCA_000175615.1,HMT-681,Rothia,mucilaginosa,,ATCC 25296,25,2255158,,Contig,59.54,rothia,0
GCA_000231235.1,HMT-681,Rothia,mucilaginosa,,M508,8,2313271,,Scaffold,59.46,rothia,0
GCA_001060545.1,HMT-681,Rothia,mucilaginosa,,1211_RMUC,33,2277731,,Scaffold,59.46,rothia,0
GCA_001061655.1,HMT-681,Rothia,mucilaginosa,,138_RMUC,38,2308239,,Scaffold,59.56,rothia,0
GCA_001062855.1,HMT-681,Rothia,mucilaginosa,,175_RMUC,28,2292653,,Scaffold,59.48,rothia,0
GCA_001063545.1,HMT-681,Rothia,mucilaginosa,,509_RMUC,35,2374318,,Scaffold,59.34,rothia,0
GCA_001063995.1,HMT-681,Rothia,mucilaginosa,,207_RMUC,13,2323428,,Scaffold,59.45,rothia,0
GCA_001064265.1,HMT-681,Rothia,mucilaginosa,,268_RMUC,14,2275643,,Scaffold,59.48,rothia,0
GCA_001064575.1,HMT-681,Rothia,mucilaginosa,,328_RMUC,224,2337099,,Scaffold,59.53,rothia,0
GCA_001064585.1,HMT-681,Rothia,mucilaginosa,,329_RMUC,102,2359913,,Contig,59.48,rothia,0
GCA_001065115.1,HMT-681,Rothia,mucilaginosa,,470_RMUC,10,2244809,,Scaffold,59.59,rothia,0
GCA_001067345.1,HMT-681,Rothia,mucilaginosa,,788_RMUC,237,2257570,,Contig,59.64,rothia,0
GCA_001067855.1,HMT-681,Rothia,mucilaginosa,,902_RMUC,66,2264347,,Contig,59.63,rothia,0
GCA_001548235.1,HMT-681,Rothia,mucilaginosa,,NUM-Rm6536,1,2292716,,Complete Genome,59.56,rothia,0
GCA_001808945.1,HMT-681,Rothia,mucilaginosa,,HMSC071B01,45,2421074,,Scaffold,59.47,rothia,0
GCA_001808955.1,HMT-681,Rothia,mucilaginosa,,HMSC078H08,23,2312383,,Scaffold,59.7,rothia,0
GCA_001810135.1,HMT-681,Rothia,mucilaginosa,,HMSC069D01,36,2346201,,Scaffold,59.63,rothia,0
GCA_001810515.1,HMT-681,Rothia,mucilaginosa,,HMSC075F09,42,2309498,,Scaffold,59.62,rothia,0
GCA_001810775.1,HMT-681,Rothia,mucilaginosa,,HMSC062H08,38,2299565,,Scaffold,59.65,rothia,0
GCA_001811075.1,HMT-681,Rothia,mucilaginosa,,HMSC069C03,26,2217530,,Scaffold,59.42,rothia,0
GCA_001812085.1,HMT-681,Rothia,mucilaginosa,,HMSC065C12,17,2274293,,Scaffold,59.61,rothia,0
GCA_001812205.1,HMT-681,Rothia,mucilaginosa,,HMSC069C10,25,2285914,,Scaffold,59.66,rothia,0
GCA_001812285.1,HMT-681,Rothia,mucilaginosa,,HMSC065B04,14,2319336,,Scaffold,59.53,rothia,0
GCA_001812895.1,HMT-681,Rothia,mucilaginosa,,HMSC069C04,65,2314459,,Scaffold,59.67,rothia,0
GCA_001812975.1,HMT-681,Rothia,mucilaginosa,,HMSC073B08,46,2272208,,Scaffold,59.63,rothia,0
GCA_001813145.1,HMT-681,Rothia,mucilaginosa,,HMSC066G02,31,2269254,,Scaffold,59.61,rothia,0
GCA_001813565.1,HMT-681,Rothia,mucilaginosa,,HMSC068E02,35,2296639,,Scaffold,59.58,rothia,0
GCA_001813685.1,HMT-681,Rothia,mucilaginosa,,HMSC061E04,26,2237336,,Scaffold,59.39,rothia,0
GCA_001813725.1,HMT-681,Rothia,mucilaginosa,,HMSC072B04,36,2269450,,Scaffold,59.59,rothia,0
GCA_001813895.1,HMT-681,Rothia,mucilaginosa,,HMSC071C12,37,2353068,,Scaffold,59.5,rothia,0
GCA_001814485.1,HMT-681,Rothia,mucilaginosa,,HMSC066G07,23,2298993,,Scaffold,59.65,rothia,0
GCA_001814645.1,HMT-681,Rothia,mucilaginosa,,HMSC076D04,26,2321240,,Scaffold,59.58,rothia,0
GCA_001814995.1,HMT-681,Rothia,mucilaginosa,,HMSC066H02,22,2331455,,Scaffold,59.53,rothia,0
GCA_001815155.1,HMT-681,Rothia,mucilaginosa,,HMSC065D09,23,2331353,,Scaffold,59.55,rothia,0
GCA_001815755.1,HMT-681,Rothia,mucilaginosa,,HMSC061C12,52,2282454,,Scaffold,59.59,rothia,0
GCA_001836735.1,HMT-681,Rothia,mucilaginosa,,HMSC061D12,13,2336535,,Scaffold,59.69,rothia,0
GCA_001837265.1,HMT-681,Rothia,mucilaginosa,,HMSC064F07,12,2267615,,Scaffold,59.59,rothia,0
GCA_001837295.1,HMT-681,Rothia,mucilaginosa,,HMSC065C03,42,2352774,,Scaffold,59.59,rothia,0
GCA_001914075.1,HMT-681,Rothia,mucilaginosa,,0528Y_59_11,21,2294456,,Scaffold,59.52,rothia,0
GCA_002386365.1,HMT-681,Rothia,mucilaginosa,,FDAARGOS_369,2,2408770,,Complete Genome,59.5,rothia,0
GCA_002861015.1,HMT-681,Rothia,mucilaginosa,,UMB0024,9,2258154,,Scaffold,59.55,rothia,0
GCA_014894835.1,HMT-681,Rothia,mucilaginosa,,CECT30004,2,2327745,,Contig,59.31,rothia,0
GCA_014894895.1,HMT-681,Rothia,mucilaginosa,,CECT30002,4,2351715,,Contig,59.31,rothia,0
GCA_015240415.1,HMT-681,Rothia,mucilaginosa,,CECT30005,1,2316433,,Chromosome,59.44,rothia,0
GCA_015259765.1,HMT-681,Rothia,mucilaginosa,,JCVI_36_bin.5,135,2207952,yes,Scaffold,59.67,rothia,0
GCA_015259835.1,HMT-681,Rothia,mucilaginosa,,JCVI_44_bin.2,113,2370162,yes,Contig,59.83,rothia,0
GCA_015259875.1,HMT-681,Rothia,mucilaginosa,,JCVI_35_bin.1,95,2005514,yes,Scaffold,59.79,rothia,0
GCA_015259885.1,HMT-681,Rothia,mucilaginosa,,JCVI_32_bin.39,138,2177395,yes,Contig,59.67,rothia,0
GCA_015259955.1,HMT-681,Rothia,mucilaginosa,,JCVI_41_bin.16,135,2151009,yes,Scaffold,59.79,rothia,0
GCA_015259995.1,HMT-681,Rothia,mucilaginosa,,JCVI_31A_bin.2,177,2056875,yes,Scaffold,59.81,rothia,0
GCA_018364315.1,HMT-681,Rothia,mucilaginosa,,L3_114_237G1_dasL3_114_237G1_maxbin2.maxbin.057,33,2303946,yes,Contig,59.43,rothia,0
GCA_018378535.1,HMT-681,Rothia,mucilaginosa,,L1_008_092G1_dasL1_008_092G1_concoct_16,20,2198841,yes,Scaffold,60.22,rothia,0
GCA_018381075.1,HMT-681,Rothia,mucilaginosa,,L2_038_092G1_dasL2_038_092G1_concoct_40,57,2233101,yes,Contig,59.53,rothia,0
GCA_019334805.1,HMT-681,Rothia,mucilaginosa,,LPB0405,1,2283079,,Complete Genome,59.66,rothia,0
GCA_019423945.1,HMT-681,Rothia,mucilaginosa,,HRGM_Genome_1788,66,2270973,,Scaffold,59.55,rothia,0
GCA_023303065.1,HMT-681,Rothia,mucilaginosa,,JCVI-JB-Rm27,1,2273720,,Complete Genome,59.46,rothia,0
GCA_030826425.1,HMT-681,Rothia,mucilaginosa,,RAGGC_32,59,2308735,,Scaffold,59.65,rothia,0
GCA_900755465.1,HMT-681,Rothia,mucilaginosa,,HGM02437,120,2136992,,Contig,60.17,rothia,0
GCA_901875305.1,HMT-681,Rothia,mucilaginosa,,Rothia_mucilaginosa_BgEED27,9,2236411,,Contig,60.18,rothia,0
GCA_902373285.1,HMT-681,Rothia,mucilaginosa,,MGYG-HGUT-01258,51,2162110,,Contig,60.34,rothia,0
GCA_902373445.1,HMT-681,Rothia,mucilaginosa,,MGYG-HGUT-01269,163,2178797,,Contig,59.73,rothia,0
GCA_902461255.1,HMT-681,Rothia,mucilaginosa,,MGYG-HGUT-00307,186,2184222,,Contig,59.54,rothia,0
GCA_905369905.1,HMT-681,Rothia,mucilaginosa,,DRR046091-mag-bin.3,26,2216574,yes,Contig,59.74,rothia,0
GCA_916049685.1,HMT-681,Rothia,mucilaginosa,,ERR2764924_bin.3_metaWRAP_v1.1_MAG,36,2227283,yes,Contig,59.76,rothia,0
GCA_916049745.1,HMT-681,Rothia,mucilaginosa,,ERR2764996_bin.5_metaWRAP_v1.1_MAG,15,2240937,yes,Contig,59.6,rothia,0
GCA_916050265.1,HMT-681,Rothia,mucilaginosa,,ERR2765224_bin.2_metaWRAP_v1.1_MAG,144,2122041,yes,Contig,59.99,rothia,0
GCA_916050395.1,HMT-681,Rothia,mucilaginosa,,ERR2764986_bin.2_metaWRAP_v1.1_MAG,90,2280104,yes,Contig,59.55,rothia,0
GCA_916438355.1,HMT-681,Rothia,mucilaginosa,,DRR214962_bin.15_metaWRAP_v1.1_MAG,9,2221379,yes,Contig,59.52,rothia,0
GCA_916440305.1,HMT-681,Rothia,mucilaginosa,,DRR214960_bin.1_metaWRAP_v1.1_MAG,1,2291235,yes,Contig,59.53,rothia,0
GCA_916709935.1,HMT-681,Rothia,mucilaginosa,,SRR15235651_bin.4_metaWRAP_v1.1_MAG,93,2379505,yes,Contig,59.69,rothia,0
GCA_916715745.1,HMT-681,Rothia,mucilaginosa,,SRR15235661_bin.8_metaWRAP_v1.1_MAG,28,2288381,yes,Contig,59.49,rothia,0
GCA_916720955.1,HMT-681,Rothia,mucilaginosa,,SRR15235657_bin.11_metaWRAP_v1.1_MAG,29,2285419,yes,Contig,59.47,rothia,0
GCA_927911585.1,HMT-681,Rothia,mucilaginosa,,ERR3827235_bin.1_metaWRAP_v1.1_MAG,141,2128110,yes,Contig,59.58,rothia,0
GCA_927911755.1,HMT-681,Rothia,mucilaginosa,,ERR3827324_bin.1_metaWRAP_v1.1_MAG,175,2034439,yes,Contig,59.99,rothia,0
GCA_934667405.1,HMT-681,Rothia,mucilaginosa,,REFINED_METABAT215_TOP10_CONTIGS_1500_ASSEMBLY_K77_MERGED__Hadza_MoBio_hadza-I-L_L_13_1278.16,12,2196495,yes,Contig,60.29,rothia,0
GCA_934679015.1,HMT-681,Rothia,mucilaginosa,,REFINED_METABAT215_TOP10_CONTIGS_1500_ASSEMBLY_K77_MERGED__Hadza_MoBio_hadza-E-H_A_17_1704.22,38,1938932,yes,Contig,60.63,rothia,0
GCA_937890405.1,HMT-681,Rothia,mucilaginosa,,SRR1952379_bin.15_CONCOCT_v1.1_MAG,90,2379345,yes,Contig,59.47,rothia,0
GCA_937936265.1,HMT-681,Rothia,mucilaginosa,,SRR8114056_bin.73_CONCOCT_v1.1_MAG,70,2266204,yes,Contig,59.64,rothia,0
GCA_937984615.1,HMT-681,Rothia,mucilaginosa,,SRR7403881_bin.34_CONCOCT_v1.1_MAG,54,2301243,yes,Contig,59.5,rothia,0
GCA_943914375.1,HMT-681,Rothia,mucilaginosa,,hIn5OIDK9I_bin.2.MAG,54,2162589,yes,Contig,59.5,rothia,0
GCA_943914625.1,HMT-681,Rothia,mucilaginosa,,1MCyelp1G5_bin.1.MAG,190,2195757,yes,Contig,59.54,rothia,0
GCA_958349375.1,HMT-681,Rothia,mucilaginosa,,ERR10960891_bin.20_MetaWRAP_v1.3_MAG,119,2132808,yes,Contig,60.76,rothia,0
GCA_959028555.1,HMT-681,Rothia,mucilaginosa,,ERR10149249_bin.8_MetaWRAP_v1.3_MAG,21,2207314,yes,Contig,60.14,rothia,0
GCA_007845205.1,HMT-350,Saccharimonadales [F1 G1],bacterium HMT-350,,TM7_HOT_350-SAG1,38,523632,,Scaffold,34.01,saccharimonadales [f1 g1],0
GCA_013333495.2,HMT-391,Saccharimonadales [F5 G1],bacterium HMT-391,,P-C-M_MAG_00011,17,712298,yes,Contig,48.56,saccharimonadales [f5 g1],0
GCA_000503915.1,HMT-989,Saccharimonadales [F2 G1],bacterium HMT-989,,RAAC3_TM7_1,1,845464,,Complete Genome,49.4,saccharimonadales [f2 g1],0
GCA_000463895.2,HMT-986,Saccharimonadales [F2 G1],bacterium HMT-986,,JGI 0001002-L20,68,752653,,Contig,46.4,saccharimonadales [f2 g1],0
GCA_000392435.1,HMT-988,Saccharimonas,aalborgensis,,TM71,1,1013781,,Complete Genome,48.51,saccharimonas,0
GCA_005697055.1,HMT-955,Saccharimonas,sicarius,,PM004,1,842202,,Complete Genome,46.8,saccharimonas,0
GCA_010201925.1,HMT-955,Saccharimonas,sicarius,,FS17P,1,885960,,Complete Genome,46.76,saccharimonas,0
GCA_010202265.1,HMT-955,Saccharimonas,sicarius,,FS14P,1,873056,,Complete Genome,46.73,saccharimonas,0
GCA_013098655.1,HMT-955,Saccharimonas,sicarius,,CM009,1,841891,,Complete Genome,46.8,saccharimonas,0
GCA_013098855.1,HMT-955,Saccharimonas,sicarius,,CM003,1,835009,,Complete Genome,46.8,saccharimonas,0
GCA_013333485.2,HMT-955,Saccharimonas,sicarius,,P-C-M_MAG_00013,21,783709,yes,Contig,46.78,saccharimonas,0
GCA_004138385.1,HMT-346,Saccharimonas,sp. HMT-346,,TM7_ANC_G1_1,71,756930,,Scaffold,48.14,saccharimonas,0
GCA_007845545.1,HMT-346,Saccharimonas,sp. HMT-346,,TM7_HOT_346-SAG2,22,978051,,Scaffold,47.6,saccharimonas,0
GCA_013333625.2,HMT-346,Saccharimonas,sp. HMT-346,,P-B-M_MAG_00013,45,829076,yes,Contig,48.07,saccharimonas,0
GCA_013333795.2,HMT-346,Saccharimonas,sp. HMT-346,,P-B-F_MAG_00020,98,775906,yes,Contig,47.53,saccharimonas,0
GCA_013333845.2,HMT-346,Saccharimonas,sp. HMT-346,,P-A-F_MAG_00015,63,761017,yes,Contig,47.79,saccharimonas,0
GCA_015257605.1,HMT-346,Saccharimonas,sp. HMT-346,,JCVI_32_bin.12,76,696341,yes,Contig,47.59,saccharimonas,0
GCA_015257615.1,HMT-346,Saccharimonas,sp. HMT-346,,JCVI_6_bin.12,69,777410,yes,Scaffold,48.06,saccharimonas,0
GCA_007845455.1,HMT-349,Saccharimonas,sp. HMT-349,,TM7_HOT_349-SAG1,145,993263,,Scaffold,47.47,saccharimonas,0
GCA_013333675.2,HMT-349,Saccharimonas,sp. HMT-349,,P-B-M_MAG_00009,42,854011,yes,Contig,48.9,saccharimonas,0
GCA_018127705.1,HMT-349,Saccharimonas,sp. HMT-349,,PM007,1,1021750,,Complete Genome,46.79,saccharimonas,0
GCA_030253535.1,HMT-349,Saccharimonas,sp. HMT-349,,ML1,1,864133,,Complete Genome,49.12,saccharimonas,0
GCA_013333645.2,HMT-394,Saccharimonas,sp. HMT-394,,P-B-M_MAG_00010,26,992849,yes,Contig,52.05,saccharimonas,0
GCA_013333765.2,HMT-394,Saccharimonas,sp. HMT-394,,P-B-F_MAG_00026,124,899001,yes,Contig,52.01,saccharimonas,0
GCA_015257665.1,HMT-394,Saccharimonas,sp. HMT-394,,JCVI_32_bin.57,32,1040784,yes,Contig,51.54,saccharimonas,0
GCA_015257725.1,HMT-397,Saccharimonas,sp. HMT-397,,JCVI_32_bin.44,31,725781,yes,Contig,47.73,saccharimonas,0
GCA_000024925.1,HMT-856,Sanguibacter,keddieii,,DSM 10542,1,4253413,,Complete Genome,71.89,sanguibacter,0
GCA_000163755.1,HMT-642,Scardovia,inopinata,,F0304,9,1804013,,Scaffold,48.68,scardovia,0
GCA_001042695.1,HMT-642,Scardovia,inopinata,,JCM 12537,1,1797862,,Complete Genome,48.63,scardovia,0
GCA_900445765.1,HMT-642,Scardovia,inopinata,,NCTC12937,7,1830728,,Contig,48.59,scardovia,0
GCA_938042165.1,HMT-642,Scardovia,inopinata,,ERR589384_bin.90_CONCOCT_v1.1_MAG,153,1742962,yes,Contig,48.4,scardovia,0
GCA_000269605.1,HMT-195,Scardovia,wiggsiae,,F0424,1,1550817,,Contig,52.93,scardovia,0
GCA_000275805.1,HMT-195,Scardovia,wiggsiae,,F0424,2,1555498,,Scaffold,53.06,scardovia,0
GCA_015259795.1,HMT-195,Scardovia,wiggsiae,,JCVI_32_bin.61,9,1490753,yes,Contig,53.04,scardovia,0
GCA_902373505.1,HMT-195,Scardovia,wiggsiae,,MGYG-HGUT-01283,17,1508369,,Contig,53.04,scardovia,0
GCA_905373165.1,HMT-195,Scardovia,wiggsiae,,SRR9217451-mag-bin.9,12,1500032,yes,Contig,53.07,scardovia,0
GCA_938045375.1,HMT-195,Scardovia,wiggsiae,,ERR589631_bin.11_CONCOCT_v1.1_MAG,11,1512077,yes,Contig,53.17,scardovia,0
GCA_000364865.1,HMT-850,Schaalia,cardiffensis,,F0333,15,2214851,,Scaffold,61.95,schaalia,0
GCA_005886435.1,HMT-850,Schaalia,cardiffensis,,F0333,1,2230588,,Complete Genome,61.44,schaalia,0
GCA_016405145.1,HMT-850,Schaalia,cardiffensis,,CCUG 44997,34,2240847,,Scaffold,61.57,schaalia,0
GCA_905373095.1,HMT-850,Schaalia,cardiffensis,,SRR9217449-mag-bin.7,86,2144927,yes,Contig,61.57,schaalia,0
GCA_938045605.1,HMT-850,Schaalia,cardiffensis,,ERR589599_bin.87_CONCOCT_v1.1_MAG,88,2205910,yes,Contig,61.39,schaalia,0
GCA_000154225.1,HMT-710,Schaalia,dentiphila,,ATCC 17982,2,2393958,,Scaffold,65.45,schaalia,0
GCA_000163415.1,HMT-710,Schaalia,dentiphila,,F0309,6,2431995,,Scaffold,65.38,schaalia,0
GCA_009730335.1,HMT-710,Schaalia,dentiphila,,FDAARGOS_732,1,2432635,,Complete Genome,65.26,schaalia,0
GCA_030826605.1,HMT-710,Schaalia,dentiphila,,RAGGC_15,229,2113814,,Scaffold,65.62,schaalia,0
GCA_031296675.1,HMT-710,Schaalia,dentiphila,,C24,22,2345519,,Contig,65.47,schaalia,0
GCA_031296695.1,HMT-710,Schaalia,dentiphila,,NCTC 9931,36,2374847,,Contig,65.49,schaalia,0
GCA_905373765.1,HMT-710,Schaalia,dentiphila,,SRR9217492-mag-bin.9,84,2323507,yes,Contig,65.44,schaalia,0
GCA_916049885.1,HMT-710,Schaalia,dentiphila,,ERR2764920_bin.2_metaWRAP_v1.1_MAG,88,2356147,yes,Contig,65.45,schaalia,0
GCA_938046745.1,HMT-710,Schaalia,dentiphila,,ERR589372_bin.68_CONCOCT_v1.1_MAG,113,2399312,yes,Contig,65.4,schaalia,0
GCA_000429245.1,HMT-617,Schaalia,georgiae,,DSM 6843,23,2498023,,Scaffold,69.93,schaalia,0
GCA_001746855.1,HMT-178,Schaalia,hongkongensis,,HKU8,1,2141493,,Chromosome,71.29,schaalia,0
GCA_003639045.1,HMT-178,Schaalia,hongkongensis,,bin_1,159,1799133,yes,Contig,71.51,schaalia,0
GCA_030644345.1,HMT-178,Schaalia,hongkongensis,,F0543,1,2728238,,Complete Genome,70.74,schaalia,0
GCA_905373025.1,HMT-178,Schaalia,hongkongensis,,SRR9217433-mag-bin.5,240,2355993,yes,Contig,70.84,schaalia,0
GCA_937922695.1,HMT-178,Schaalia,hongkongensis,,ERR589658_bin.20_CONCOCT_v1.1_MAG,106,2604341,yes,Contig,70.78,schaalia,0
GCA_000308055.1,HMT-181,Schaalia,lingnae,,ph3,10,1864179,,Contig,56.03,schaalia,0
GCA_000318335.2,HMT-181,Schaalia,lingnae,,F0379,14,1901306,,Scaffold,56.04,schaalia,0
GCA_001070095.1,HMT-181,Schaalia,lingnae,,1093_SCAT,27,1916254,,Contig,55.9,schaalia,0
GCA_015259385.1,HMT-181,Schaalia,lingnae,,JCVI_11_bin.15,165,1712975,yes,Scaffold,56.06,schaalia,0
GCA_015259405.1,HMT-181,Schaalia,lingnae,,JCVI_38_bin.7,164,1685883,yes,Contig,55.96,schaalia,0
GCA_018363635.1,HMT-181,Schaalia,lingnae,,L3_114_000G1_dasL3_114_000G1_concoct_111,70,1885997,yes,Contig,56.02,schaalia,0
GCA_902374745.1,HMT-181,Schaalia,lingnae,,MGYG-HGUT-01411,10,1864179,,Contig,56.03,schaalia,0
GCA_916048355.1,HMT-181,Schaalia,lingnae,,ERR2764965_bin.9_metaWRAP_v1.1_MAG,135,1741689,yes,Contig,55.96,schaalia,0
GCA_937910295.1,HMT-181,Schaalia,lingnae,,SRR2077401_bin.16_CONCOCT_v1.1_MAG,215,1999506,yes,Contig,55.95,schaalia,0
GCA_001262055.1,HMT-671,Schaalia,meyeri,,W712,1,2049088,,Complete Genome,65.51,schaalia,0
GCA_001813985.1,HMT-671,Schaalia,meyeri,,HMSC062G12,23,2085934,,Scaffold,65.59,schaalia,0
GCA_016127995.1,HMT-671,Schaalia,meyeri,,FDAARGOS_985,1,2033037,,Complete Genome,65.57,schaalia,0
GCA_900105015.1,HMT-671,Schaalia,meyeri,,DSM 20733,15,2026407,,Contig,65.58,schaalia,0
GCA_000282935.1,HMT-701,Schaalia,odontolytica,,ICM39,146,2267656,,Contig,65.51,schaalia,0
GCA_001462375.1,HMT-701,Schaalia,odontolytica,,XH001,5,2336123,,Scaffold,65.94,schaalia,0
GCA_002847525.1,HMT-701,Schaalia,odontolytica,,UMB0018,30,2341511,,Scaffold,65.49,schaalia,0
GCA_005696695.1,HMT-701,Schaalia,odontolytica,,XH001,1,2360133,,Complete Genome,65.9,schaalia,0
GCA_018364335.1,HMT-701,Schaalia,odontolytica,,L3_114_237G1_dasL3_114_237G1_concoct_73_sub,26,2466950,yes,Contig,65.57,schaalia,0
GCA_031191545.1,HMT-701,Schaalia,odontolytica,,LMG 18080,1,2455831,,Complete Genome,64.86,schaalia,0
GCA_031296445.1,HMT-701,Schaalia,odontolytica,,NCTC 9935,23,2435089,,Contig,64.91,schaalia,0
GCA_031296525.1,HMT-701,Schaalia,odontolytica,,NCTC 9935,39,2430395,,Contig,64.91,schaalia,0
GCA_031296555.1,HMT-701,Schaalia,odontolytica,,NCTC 9935,38,2431498,,Contig,64.91,schaalia,0
GCA_900445025.1,HMT-701,Schaalia,odontolytica,,NCTC 9935,26,2454426,,Contig,64.86,schaalia,0
GCA_938041085.1,HMT-701,Schaalia,odontolytica,,ERR589355_bin.54_CONCOCT_v1.1_MAG,213,2177774,yes,Contig,65.28,schaalia,0
GCA_000283035.1,HMT-172,Schaalia,sp. HMT-172,,ICM58,239,2390495,,Contig,66.51,schaalia,0
GCA_000466265.1,HMT-172,Schaalia,sp. HMT-172,,F0311,215,2469990,,Scaffold,66.59,schaalia,0
GCA_019425175.1,HMT-172,Schaalia,sp. HMT-172,,HRGM_Genome_0300,119,2331782,,Scaffold,66.97,schaalia,0
GCA_030644365.1,HMT-172,Schaalia,sp. HMT-172,,F0311,1,2533704,,Complete Genome,66.4,schaalia,0
GCA_916048505.1,HMT-172,Schaalia,sp. HMT-172,,ERR2764996_bin.6_metaWRAP_v1.1_MAG,34,2454307,yes,Contig,66.71,schaalia,0
GCA_959028025.1,HMT-172,Schaalia,sp. HMT-172,,ERR10149224_bin.3_MetaWRAP_v1.3_MAG,135,2481161,yes,Contig,66.7,schaalia,0
GCA_000185285.1,HMT-180,Schaalia,sp. HMT-180,,F0310,6,2372658,,Scaffold,66.7,schaalia,0
GCA_001057055.1,HMT-180,Schaalia,sp. HMT-180,,493_CFLA,58,2354316,,Scaffold,66.58,schaalia,0
GCA_001061885.1,HMT-180,Schaalia,sp. HMT-180,,1083_KSED,104,2371643,,Scaffold,66.39,schaalia,0
GCA_001064185.1,HMT-180,Schaalia,sp. HMT-180,,262_KSED,76,2452806,,Scaffold,66.4,schaalia,0
GCA_023716965.1,HMT-180,Schaalia,sp. HMT-180,,11953,42,2331528,,Contig,66.54,schaalia,0
GCA_024584435.1,HMT-180,Schaalia,sp. HMT-180,,KHUD_008,1,2389595,,Complete Genome,66.37,schaalia,0
GCA_905371915.1,HMT-180,Schaalia,sp. HMT-180,,SRR9217392-mag-bin.16,100,2368306,yes,Contig,66.54,schaalia,0
GCA_915070555.1,HMT-180,Schaalia,sp. HMT-180,,SRR1045093_bin.11_metaWRAP_v1.1_MAG,171,2294888,yes,Contig,66.36,schaalia,0
GCA_000278725.1,HMT-240,Schaalia,sp. HMT-240,,ICM47,143,2444105,,Contig,64.65,schaalia,0
GCA_916049915.1,HMT-240,Schaalia,sp. HMT-240,,ERR2764927_bin.2_metaWRAP_v1.1_MAG,243,2128014,yes,Contig,65.08,schaalia,0
GCA_916439175.1,HMT-240,Schaalia,sp. HMT-240,,DRR214962_bin.6_metaWRAP_v1.1_MAG,1,2460158,yes,Contig,64.76,schaalia,0
GCA_900128465.1,HMT-404,Schaalia,sp. HMT-404,,Marseille-P2825,31,2300105,,Scaffold,63.77,schaalia,0
GCA_916050445.1,HMT-404,Schaalia,sp. HMT-404,,ERR2764997_bin.10_metaWRAP_v1.1_MAG,134,2203294,yes,Contig,64.18,schaalia,0
GCA_958423935.1,HMT-404,Schaalia,sp. HMT-404,,SRR18940283_bin.18_MetaWRAP_v1.3_MAG,234,1810574,yes,Contig,64.13,schaalia,0
GCA_002933415.1,HMT-024,Schlegelella,thermodepolymerans,,DSM 15344,48,3830945,,Contig,70.31,schlegelella,0
GCA_003349825.1,HMT-024,Schlegelella,thermodepolymerans,,DSM 15344,28,3835611,,Scaffold,70.32,schlegelella,0
GCA_004342465.1,HMT-024,Schlegelella,thermodepolymerans,,DSM 15264,35,4033925,,Scaffold,70.23,schlegelella,0
GCA_015476235.1,HMT-024,Schlegelella,thermodepolymerans,,DSM 15344,1,3858501,,Complete Genome,70.28,schlegelella,0
GCA_026057535.1,HMT-024,Schlegelella,thermodepolymerans,,LMG 21645,1,3940444,,Complete Genome,70.2,schlegelella,0
GCA_026057715.1,HMT-024,Schlegelella,thermodepolymerans,,DSM 15264,1,4030985,,Complete Genome,70.22,schlegelella,0
GCA_937957785.1,HMT-024,Schlegelella,thermodepolymerans,,SRR4028141_bin.28_CONCOCT_v1.1_MAG,66,4034248,yes,Contig,70.19,schlegelella,0
GCA_000426585.1,HMT-553,Segatella,baroniae,,DSM 16972,47,3128717,,Scaffold,53.04,segatella,0
GCA_000468635.1,HMT-553,Segatella,baroniae,,F0067,44,3024338,,Contig,53.25,segatella,0
GCA_000613565.1,HMT-553,Segatella,baroniae,,JCM 13447,94,3116148,,Contig,53.02,segatella,0
GCA_000162455.1,HMT-560,Segatella,buccae,,D17,84,3357950,,Scaffold,51.83,segatella,0
GCA_000184945.1,HMT-560,Segatella,buccae,,ATCC 33574,21,3284105,,Scaffold,51.93,segatella,0
GCA_000287635.1,HMT-560,Segatella,buccae,,MSX73,47,3164912,,Contig,51.18,segatella,0
GCA_018372275.1,HMT-560,Segatella,buccae,,L3_101_000G1_dasL3_101_000G1_concoct_104,46,3274457,yes,Contig,51.14,segatella,0
GCA_019391755.1,HMT-560,Segatella,buccae,,SCHI0047.S.4,45,3253748,,Contig,50.84,segatella,0
GCA_027696905.1,HMT-560,Segatella,buccae,,CM02-09b3TA,42,3354828,,Scaffold,50.91,segatella,0
GCA_027696975.1,HMT-560,Segatella,buccae,,CM02-06A,61,3264850,,Scaffold,50.74,segatella,0
GCA_030843185.1,HMT-560,Segatella,buccae,,N1167.1,74,3035637,,Contig,51.66,segatella,0
GCA_900454855.1,HMT-560,Segatella,buccae,,NCTC13063,3,3122366,,Contig,51.41,segatella,0
GCA_902461075.1,HMT-560,Segatella,buccae,,MGYG-HGUT-00289,84,3001000,,Contig,51.55,segatella,0
GCA_938016215.1,HMT-560,Segatella,buccae,,ERR1430533_bin.121_CONCOCT_v1.1_MAG,24,3206583,yes,Contig,51.21,segatella,0
GCA_958415905.1,HMT-560,Segatella,buccae,,ERR10960885_bin.3_MetaWRAP_v1.3_MAG,163,2824982,yes,Contig,52.42,segatella,0
GCA_958433865.1,HMT-560,Segatella,buccae,,SRR22541666_bin.20_MetaWRAP_v1.3_MAG,184,2932930,yes,Contig,51.92,segatella,0
GCA_959023205.1,HMT-560,Segatella,buccae,,DRR221348_bin.7_MetaWRAP_v1.3_MAG,165,2924601,yes,Contig,51.58,segatella,0
GCA_000243015.1,HMT-289,Segatella,maculosa,,OT 289,21,3151214,,Scaffold,47.99,segatella,0
GCA_000382385.1,HMT-289,Segatella,maculosa,,DSM 19339,60,3314235,,Scaffold,47.42,segatella,0
GCA_000613965.1,HMT-289,Segatella,maculosa,,JCM 15638,133,3296416,,Contig,47.39,segatella,0
GCA_905372425.1,HMT-289,Segatella,maculosa,,SRR9217414-mag-bin.15,165,2693241,yes,Contig,48.12,segatella,0
GCA_937927175.1,HMT-289,Segatella,maculosa,,ERR589377_bin.20_CONCOCT_v1.1_MAG,160,2688965,yes,Contig,48.34,segatella,0
GCA_000142965.1,HMT-311,Segatella,oris,,C735,57,3346228,,Scaffold,44.32,segatella,0
GCA_000162915.1,HMT-311,Segatella,oris,,F0302,18,3251636,,Scaffold,43.94,segatella,0
GCA_000377685.1,HMT-311,Segatella,oris,,DSM 18711,46,3063215,,Scaffold,43.87,segatella,0
GCA_000613505.1,HMT-311,Segatella,oris,,JCM 12252,94,3077999,,Contig,43.84,segatella,0
GCA_001814685.1,HMT-311,Segatella,oris,,HMSC077E09,125,3134095,,Scaffold,44.33,segatella,0
GCA_001815315.1,HMT-311,Segatella,oris,,HMSC077E08,135,3101169,,Scaffold,44.32,segatella,0
GCA_900637655.1,HMT-311,Segatella,oris,,NCTC13071,1,3168212,,Complete Genome,43.98,segatella,0
GCA_902490035.1,HMT-311,Segatella,oris,,MGYG-HGUT-03878,214,2959023,,Contig,43.9,segatella,0
GCA_905372665.1,HMT-311,Segatella,oris,,SRR9217416-mag-bin.2,125,2878378,yes,Contig,43.79,segatella,0
GCA_937950115.1,HMT-311,Segatella,oris,,ERR589659_bin.87_CONCOCT_v1.1_MAG,216,2476930,yes,Contig,44.32,segatella,0
GCA_000224615.1,HMT-288,Segatella,oulorum,,F0390,16,2805893,,Scaffold,47.11,segatella,0
GCA_000613785.1,HMT-288,Segatella,oulorum,,JCM 14966,138,2827758,,Contig,46.8,segatella,0
GCA_003640305.1,HMT-288,Segatella,oulorum,,bin_27,246,2201265,yes,Contig,48.15,segatella,0
GCA_900167385.1,HMT-288,Segatella,oulorum,,ATCC 43324,63,2840943,,Scaffold,46.93,segatella,0
GCA_905372455.1,HMT-288,Segatella,oulorum,,SRR9217414-mag-bin.4,142,2509114,yes,Contig,47.08,segatella,0
GCA_938045455.1,HMT-288,Segatella,oulorum,,ERR589631_bin.19_CONCOCT_v1.1_MAG,186,2439396,yes,Contig,47.35,segatella,0
GCA_000185845.1,HMT-307,Segatella,salivae,,DSM 15606,40,3274581,,Scaffold,43.78,segatella,0
GCA_000477535.1,HMT-307,Segatella,salivae,,F0493,32,3099908,,Contig,41.69,segatella,0
GCA_015260875.1,HMT-307,Segatella,salivae,,JCVI_43_bin.5,260,2560367,yes,Scaffold,41.71,segatella,0
GCA_015260975.1,HMT-307,Segatella,salivae,,JCVI_38_bin.4,136,2781272,yes,Contig,41.69,segatella,0
GCA_015260985.1,HMT-307,Segatella,salivae,,JCVI_34_bin.6,204,2528043,yes,Scaffold,41.87,segatella,0
GCA_015261015.1,HMT-307,Segatella,salivae,,JCVI_32_bin.26,278,2410886,yes,Contig,41.48,segatella,0
GCA_015261035.1,HMT-307,Segatella,salivae,,JCVI_33_bin.16,76,2700690,yes,Contig,41.41,segatella,0
GCA_015261095.1,HMT-307,Segatella,salivae,,JCVI_30_bin.2,175,2979517,yes,Contig,41.05,segatella,0
GCA_015261115.1,HMT-307,Segatella,salivae,,JCVI_28_bin.12,204,2665629,yes,Contig,41.46,segatella,0
GCA_015261235.1,HMT-307,Segatella,salivae,,JCVI_19_bin.4,242,2469994,yes,Contig,41.5,segatella,0
GCA_015261245.1,HMT-307,Segatella,salivae,,JCVI_14_bin.2,204,2420300,yes,Scaffold,41.6,segatella,0
GCA_015261295.1,HMT-307,Segatella,salivae,,JCVI_10_bin.2,115,2648668,yes,Scaffold,41.41,segatella,0
GCA_015261305.1,HMT-307,Segatella,salivae,,JCVI_13_bin.5,68,2842649,yes,Scaffold,41.5,segatella,0
GCA_019375795.1,HMT-307,Segatella,salivae,,SCHI0018.S.9,53,3438557,,Contig,41.71,segatella,0
GCA_019391785.1,HMT-307,Segatella,salivae,,SCHI0034.S.8,67,3402911,,Contig,41.62,segatella,0
GCA_019391875.1,HMT-307,Segatella,salivae,,SCHI0034.S.11,46,3275508,,Contig,41.46,segatella,0
GCA_019391915.1,HMT-307,Segatella,salivae,,SCHI0047.S.3,50,3273498,,Contig,41.48,segatella,0
GCA_902374235.1,HMT-307,Segatella,salivae,,MGYG-HGUT-01360,40,3274581,,Scaffold,43.78,segatella,0
GCA_916720675.1,HMT-307,Segatella,salivae,,SRR15235658_bin.10_metaWRAP_v1.1_MAG,245,2474248,yes,Contig,41.71,segatella,0
GCA_938043975.1,HMT-307,Segatella,salivae,,ERR589711_bin.98_CONCOCT_v1.1_MAG,64,2914249,yes,Contig,41.56,segatella,0
GCA_007991655.1,HMT-261,Segetibacter,aerophilus,,NBRC 106135,79,5893322,,Contig,40.07,segetibacter,0
GCA_000183625.2,HMT-124,Selenomonas,artemidis,,F0430,15,2475066,,Contig,56.73,selenomonas,0
GCA_000187125.1,HMT-124,Selenomonas,artemidis,,F0399,34,2210307,,Scaffold,57.26,selenomonas,0
GCA_000287655.1,HMT-124,Selenomonas,artemidis,,FOBRC9,49,2336249,,Contig,57.06,selenomonas,0
GCA_000426665.1,HMT-124,Selenomonas,artemidis,,DSM 19719,35,2350599,,Scaffold,56.8,selenomonas,0
GCA_902474955.1,HMT-124,Selenomonas,artemidis,,MGYG-HGUT-02022,69,2160973,,Contig,57.39,selenomonas,0
GCA_905204565.1,HMT-124,Selenomonas,artemidis,,ERR414475-bin.32,117,2221702,yes,Contig,57.27,selenomonas,0
GCA_905372505.1,HMT-124,Selenomonas,artemidis,,SRR9217423-mag-bin.5,42,2301587,yes,Contig,57.12,selenomonas,0
GCA_938036365.1,HMT-124,Selenomonas,artemidis,,ERR414475_bin.24_CONCOCT_v1.1_MAG,115,2242099,yes,Contig,57.13,selenomonas,0
GCA_959017935.1,HMT-124,Selenomonas,artemidis,,SRR13494493_bin.2_MetaWRAP_v1.3_MAG,177,1991620,yes,Contig,57.85,selenomonas,0
GCA_030644225.1,HMT-139,Selenomonas,dianae,,ATCC 43527,1,2391311,,Complete Genome,56.42,selenomonas,0
GCA_000146365.1,HMT-136,Selenomonas,felix,,67H29BP,16,2471116,,Scaffold,57.53,selenomonas,0
GCA_001189555.1,HMT-136,Selenomonas,felix,,F0592,1,2284135,,Complete Genome,57.11,selenomonas,0
GCA_001554015.1,HMT-136,Selenomonas,felix,,F0591,2,2458072,,Complete Genome,56.61,selenomonas,0
GCA_900186465.1,HMT-136,Selenomonas,felix,,Marseille-P3560,17,2403152,,Scaffold,56.77,selenomonas,0
GCA_905371945.1,HMT-136,Selenomonas,felix,,SRR9217392-mag-bin.7,83,2494191,yes,Contig,56.72,selenomonas,0
GCA_959021855.1,HMT-136,Selenomonas,felix,,SRR13494527_bin.10_MetaWRAP_v1.3_MAG,54,2631352,yes,Contig,56.46,selenomonas,0
GCA_000160695.1,HMT-125,Selenomonas,flueggei,,ATCC 43531,9,2166063,,Scaffold,56.14,selenomonas,0
GCA_959019235.1,HMT-125,Selenomonas,flueggei,,SRR13494483_bin.3_MetaWRAP_v1.3_MAG,17,2234197,yes,Contig,56.07,selenomonas,0
GCA_000234095.1,HMT-639,Selenomonas,infelix,,ATCC 43532,30,2413634,,Scaffold,56.07,selenomonas,0
GCA_000160555.1,HMT-130,Selenomonas,noxia,,ATCC 43541,21,2054993,,Scaffold,56.2,selenomonas,0
GCA_000234135.1,HMT-130,Selenomonas,noxia,,F0398,13,2113402,,Scaffold,55.81,selenomonas,0
GCA_905371815.1,HMT-130,Selenomonas,noxia,,SRR9217391-mag-bin.9,18,1988923,yes,Contig,56.06,selenomonas,0
GCA_915068245.1,HMT-130,Selenomonas,noxia,,SRR1045092_bin.4_metaWRAP_v1.1_MAG,205,1949206,yes,Contig,56.16,selenomonas,0
GCA_938036865.1,HMT-130,Selenomonas,noxia,,ERR589611_bin.78_CONCOCT_v1.1_MAG,31,2008779,yes,Contig,55.87,selenomonas,0
GCA_001683335.1,HMT-126,Selenomonas,sp. HMT-126,,W7667,1,2886041,,Chromosome,57.64,selenomonas,0
GCA_000315545.1,HMT-133,Selenomonas,sp. HMT-133,,F0473,2,2067540,,Scaffold,58.74,selenomonas,0
GCA_905373695.1,HMT-133,Selenomonas,sp. HMT-133,,SRR9217487-mag-bin.14,196,2137020,yes,Contig,58.11,selenomonas,0
GCA_000468035.1,HMT-892,Selenomonas,sp. HMT-892,,F0426,40,2314792,,Scaffold,55.05,selenomonas,0
GCA_001717585.1,HMT-920,Selenomonas,sp. HMT-920,,W5150,2,2440121,,Complete Genome,55.84,selenomonas,0
GCA_000160495.1,HMT-151,Selenomonas,sputigena,,ATCC 35185,6,2559453,,Scaffold,57.21,selenomonas,0
GCA_000208405.1,HMT-151,Selenomonas,sputigena,,ATCC 35185,1,2568361,,Complete Genome,57.11,selenomonas,0
GCA_026013845.1,HMT-151,Selenomonas,sputigena,,KCOM 20461,1,2740586,,Complete Genome,57.18,selenomonas,0
GCA_000318175.2,HMT-138,Selenomonas,timonae,,F0429,33,2384529,,Scaffold,56.91,selenomonas,0
GCA_014250475.1,HMT-138,Selenomonas,timonae,,Marseille-Q3039,1,2351879,,Chromosome,57.18,selenomonas,0
GCA_017298755.1,HMT-115,Serratia,marcescens,,ATCC 13880 substr. Sm_S54_jyu2015,2,5160508,,Complete Genome,59.78,serratia,0
GCA_017298855.1,HMT-115,Serratia,marcescens,,ATCC 13880 substr. Sm_S71_jyu2015,2,5160529,,Complete Genome,59.78,serratia,0
GCA_017298895.1,HMT-115,Serratia,marcescens,,ATCC 13880 substr. Sm_S89_jyu2015,2,5160509,,Complete Genome,59.78,serratia,0
GCA_017298975.1,HMT-115,Serratia,marcescens,,ATCC 13880 substr. Sm_S65_jyu2015,2,5160508,,Complete Genome,59.78,serratia,0
GCA_017299035.1,HMT-115,Serratia,marcescens,,ATCC 13880 substr. Sm_S22_jyu2015,2,5160529,,Complete Genome,59.78,serratia,0
GCA_017299275.1,HMT-115,Serratia,marcescens,,ATCC 13880 substr. Sm_S67_jyu2015,2,5160509,,Complete Genome,59.78,serratia,0
GCA_017299315.1,HMT-115,Serratia,marcescens,,ATCC 13880 substr. Sm_S40_jyu2015,2,5160489,,Complete Genome,59.78,serratia,0
GCA_017299535.1,HMT-115,Serratia,marcescens,,ATCC 13880 substr. Sm_S9_jyu2015,2,5160486,,Complete Genome,59.78,serratia,0
GCA_017301315.1,HMT-115,Serratia,marcescens,,ATCC 13880 substr. Sm_S37_jyu2015,2,5160498,,Complete Genome,59.78,serratia,0
GCA_017654245.1,HMT-115,Serratia,marcescens,,ATCC 13880,1,5140264,,Complete Genome,59.78,serratia,0
GCA_000160115.1,HMT-095,Shuttleworthia,satelles,,DSM 14600,5,2169477,,Scaffold,51.3,shuttleworthia,0
GCA_000524295.1,HMT-095,Shuttleworthia,satelles,,MSX8B,38,2102620,,Contig,51.77,shuttleworthia,0
GCA_938039385.1,HMT-095,Shuttleworthia,satelles,,ERR589444_bin.22_CONCOCT_v1.1_MAG,116,2261468,yes,Contig,51.63,shuttleworthia,0
GCA_000163775.2,HMT-683,Simonsiella,muelleri,,ATCC 29453,29,2372614,,Scaffold,42.2,simonsiella,0
GCA_002951835.1,HMT-683,Simonsiella,muelleri,,ATCC 29453,1,2469862,,Complete Genome,41.53,simonsiella,0
GCA_020162275.1,HMT-683,Simonsiella,muelleri,,DSM 2579,1,2482394,,Complete Genome,41.54,simonsiella,0
GCA_927911655.1,HMT-683,Simonsiella,muelleri,,ERR3827212_bin.2_metaWRAP_v1.1_MAG,176,2030979,yes,Contig,41.66,simonsiella,0
GCA_000162875.1,HMT-602,Slackia,exigua,,ATCC 700122,2,2096289,,Scaffold,62.18,slackia,0
GCA_000293015.1,HMT-602,Slackia,exigua,,CM382,25,2051910,,Contig,61.97,slackia,0
GCA_023148135.1,HMT-602,Slackia,exigua,,EYE_27,12,2108470,,Scaffold,62.0,slackia,0
GCA_024462625.1,HMT-602,Slackia,exigua,,DFI.6.114,104,2166447,,Contig,61.79,slackia,0
GCA_030223695.1,HMT-602,Slackia,exigua,,UMB0191,20,1915680,,Contig,62.3,slackia,0
GCA_900450505.1,HMT-602,Slackia,exigua,,NCTC12994,2,2102748,,Contig,62.16,slackia,0
GCA_902480615.1,HMT-602,Slackia,exigua,,MGYG-HGUT-02910,33,1892476,,Contig,62.26,slackia,0
GCA_938037195.1,HMT-602,Slackia,exigua,,ERR589663_bin.38_CONCOCT_v1.1_MAG,21,2108134,yes,Contig,62.22,slackia,0
GCA_001517935.1,HMT-837,Sneathia,sanguinegens,,CCUG41628,32,1291023,,Contig,26.75,sneathia,0
GCA_030238465.1,HMT-837,Sneathia,sanguinegens,,CCUG 42621,48,1334124,,Scaffold,27.16,sneathia,0
GCA_900542205.1,HMT-837,Sneathia,sanguinegens,,UMGS437,80,1366678,,Contig,26.58,sneathia,0
GCA_902485225.1,HMT-837,Sneathia,sanguinegens,,MGYG-HGUT-03376,19,1245505,,Contig,26.53,sneathia,0
GCA_946891865.1,HMT-837,Sneathia,sanguinegens,,SRR12830911_bin.13_metaWRAP_v1.3_MAG,65,1287573,yes,Contig,26.74,sneathia,0
GCA_946997235.1,HMT-837,Sneathia,sanguinegens,,SRR16916875_bin.30_metaWRAP_v1.3_MAG,27,1279521,yes,Contig,26.61,sneathia,0
GCA_947038995.1,HMT-837,Sneathia,sanguinegens,,ERR4705226_bin.14_metaWRAP_v1.3_MAG,39,1318665,yes,Contig,26.8,sneathia,0
GCA_947254125.1,HMT-837,Sneathia,sanguinegens,,SRR17635677_bin.9_metaWRAP_v1.3_MAG,29,1218127,yes,Contig,26.62,sneathia,0
GCA_947254785.1,HMT-837,Sneathia,sanguinegens,,SRR17635686_bin.7_metaWRAP_v1.3_MAG,24,1259487,yes,Contig,26.61,sneathia,0
GCA_000973085.1,HMT-844,Sneathia,vaginalis,,SN35,1,1330224,,Complete Genome,28.43,sneathia,0
GCA_014892235.1,HMT-844,Sneathia,vaginalis,,T3315/96,59,1275728,,Scaffold,28.43,sneathia,0
GCA_030238485.1,HMT-844,Sneathia,vaginalis,,CCUG 52976,80,1311068,,Scaffold,28.87,sneathia,0
GCA_902496035.1,HMT-844,Sneathia,vaginalis,,MGYG-HGUT-04516,40,1228854,,Contig,28.32,sneathia,0
GCA_946891045.1,HMT-844,Sneathia,vaginalis,,ERR9530663_bin.9_metaWRAP_v1.3_MAG,68,1334841,yes,Contig,28.24,sneathia,0
GCA_946891995.1,HMT-844,Sneathia,vaginalis,,SRR12830918_bin.4_metaWRAP_v1.3_MAG,18,1273293,yes,Contig,28.21,sneathia,0
GCA_946997945.1,HMT-844,Sneathia,vaginalis,,SRR16916860_bin.27_metaWRAP_v1.3_MAG,16,1258649,yes,Contig,28.24,sneathia,0
GCA_947039915.1,HMT-844,Sneathia,vaginalis,,ERR4705329_bin.7_metaWRAP_v1.3_MAG,21,1266899,yes,Contig,28.29,sneathia,0
GCA_947252985.1,HMT-844,Sneathia,vaginalis,,SRR17635676_bin.1_metaWRAP_v1.3_MAG,22,1416541,yes,Contig,28.23,sneathia,0
GCA_947253345.1,HMT-844,Sneathia,vaginalis,,SRR17635737_bin.1_metaWRAP_v1.3_MAG,65,1328015,yes,Contig,28.22,sneathia,0
GCA_000186945.2,HMT-678,Solobacterium,moorei,,F0204,33,2008072,,Scaffold,36.8,solobacterium,0
GCA_000425005.1,HMT-678,Solobacterium,moorei,,DSM 22971,169,2335946,,Scaffold,37.03,solobacterium,0
GCA_003459805.1,HMT-678,Solobacterium,moorei,,AF18-46,7,1989891,,Scaffold,36.92,solobacterium,0
GCA_030011735.1,HMT-678,Solobacterium,moorei,,G0016,47,2119528,,Contig,37.06,solobacterium,0
GCA_902364015.1,HMT-678,Solobacterium,moorei,,MGYG-HGUT-00173,7,1989891,,Scaffold,36.92,solobacterium,0
GCA_905373405.1,HMT-678,Solobacterium,moorei,,SRR9217464-mag-bin.10,41,1928362,yes,Contig,37.04,solobacterium,0
GCA_938044115.1,HMT-678,Solobacterium,moorei,,ERR589656_bin.44_CONCOCT_v1.1_MAG,34,1843287,yes,Contig,37.01,solobacterium,0
GCA_947254615.1,HMT-678,Solobacterium,moorei,,SRR17635492_bin.20_metaWRAP_v1.3_MAG,30,1913019,yes,Contig,37.03,solobacterium,0
GCA_004354345.1,HMT-003,Sphingomonas,glacialis,,AAP5,4,4382271,,Complete Genome,65.87,sphingomonas,0
GCA_006439055.1,HMT-003,Sphingomonas,glacialis,,E6.1,24,5126166,,Contig,65.96,sphingomonas,0
GCA_014653575.1,HMT-003,Sphingomonas,glacialis,,CGMCC 1.8957,58,4470563,,Scaffold,65.66,sphingomonas,0
GCA_000009005.1,HMT-550,Staphylococcus,aureus,,RF122,1,2742531,,Complete Genome,32.78,staphylococcus,0
GCA_000009585.1,HMT-550,Staphylococcus,aureus,,type strain:ST398,4,2885367,,Complete Genome,32.91,staphylococcus,0
GCA_000009645.1,HMT-550,Staphylococcus,aureus,,N315,2,2839469,,Complete Genome,32.81,staphylococcus,0
GCA_000009665.1,HMT-550,Staphylococcus,aureus,,Mu50,2,2903636,,Complete Genome,32.84,staphylococcus,0
GCA_000010445.1,HMT-550,Staphylococcus,aureus,,Mu3,1,2880168,,Complete Genome,32.88,staphylococcus,0
GCA_000010465.1,HMT-550,Staphylococcus,aureus,,Newman,1,2878897,,Complete Genome,32.89,staphylococcus,0
GCA_000011265.1,HMT-550,Staphylococcus,aureus,,MW2,1,2820462,,Complete Genome,32.83,staphylococcus,0
GCA_000011505.1,HMT-550,Staphylococcus,aureus,,MRSA252,1,2902619,,Complete Genome,32.81,staphylococcus,0
GCA_000011525.1,HMT-550,Staphylococcus,aureus,,MSSA476,2,2820454,,Complete Genome,32.82,staphylococcus,0
GCA_000012045.1,HMT-550,Staphylococcus,aureus,,COL,2,2813862,,Complete Genome,32.81,staphylococcus,0
GCA_000013425.1,HMT-550,Staphylococcus,aureus,,NCTC 8325,1,2821361,,Complete Genome,32.87,staphylococcus,0
GCA_000013465.1,HMT-550,Staphylococcus,aureus,,USA300_FPR3757,4,2917469,,Complete Genome,32.69,staphylococcus,0
GCA_000016805.1,HMT-550,Staphylococcus,aureus,,JH9,2,2937129,,Complete Genome,32.92,staphylococcus,0
GCA_000017085.1,HMT-550,Staphylococcus,aureus,,TCH1516,3,2903081,,Complete Genome,32.73,staphylococcus,0
GCA_000024585.1,HMT-550,Staphylococcus,aureus,,ED98,4,2847542,,Complete Genome,32.81,staphylococcus,0
GCA_000025145.2,HMT-550,Staphylococcus,aureus,,04-02981,1,2821452,,Complete Genome,32.9,staphylococcus,0
GCA_000027045.1,HMT-550,Staphylococcus,aureus,,TW20,3,3075806,,Complete Genome,32.78,staphylococcus,0
GCA_000144955.2,HMT-550,Staphylococcus,aureus,,JKD6159,2,2839400,,Complete Genome,32.81,staphylococcus,0
GCA_000145595.1,HMT-550,Staphylococcus,aureus,,JKD6008,1,2924344,,Complete Genome,32.89,staphylococcus,0
GCA_000159535.2,HMT-550,Staphylococcus,aureus,,TCH60,2,2827166,,Complete Genome,32.83,staphylococcus,0
GCA_000160195.1,HMT-550,Staphylococcus,aureus,,MN8,1,2899588,,Chromosome,33.14,staphylococcus,0
GCA_000160335.2,HMT-550,Staphylococcus,aureus,,55/2053,2,2777368,,Complete Genome,32.83,staphylococcus,0
GCA_000180095.1,HMT-550,Staphylococcus,aureus,,Mu50-omega,1,2878428,,Contig,32.88,staphylococcus,0
GCA_000189435.3,HMT-550,Staphylococcus,aureus,,O11,1,2766441,,Complete Genome,32.79,staphylococcus,0
GCA_000189455.3,HMT-550,Staphylococcus,aureus,,O46,1,2791410,,Complete Genome,32.83,staphylococcus,0
GCA_000204665.1,HMT-550,Staphylococcus,aureus,,T0131,1,2913900,,Complete Genome,32.8,staphylococcus,0
GCA_000210315.1,HMT-550,Staphylococcus,aureus,,ED133,1,2832478,,Complete Genome,32.92,staphylococcus,0
GCA_000237125.3,HMT-550,Staphylococcus,aureus,,M013,2,2816697,,Complete Genome,32.86,staphylococcus,0
GCA_000237265.1,HMT-550,Staphylococcus,aureus,,LGA251,2,2753827,,Complete Genome,32.96,staphylococcus,0
GCA_000239235.1,HMT-550,Staphylococcus,aureus,,11819-97,2,2868863,,Complete Genome,32.85,staphylococcus,0
GCA_000245495.1,HMT-550,Staphylococcus,aureus,,VC40,1,2692570,,Complete Genome,32.81,staphylococcus,0
GCA_000253135.1,HMT-550,Staphylococcus,aureus,,ECT-R 2,3,2759052,,Complete Genome,32.8,staphylococcus,0
GCA_000258685.1,HMT-550,Staphylococcus,aureus,,71193,1,2715000,,Chromosome,32.95,staphylococcus,0
GCA_000284535.1,HMT-550,Staphylococcus,aureus,,HO 5096 0412,1,2832299,,Complete Genome,32.83,staphylococcus,0
GCA_000296595.1,HMT-550,Staphylococcus,aureus,,08BA02176,1,2782313,,Complete Genome,32.94,staphylococcus,0
GCA_000330825.2,HMT-550,Staphylococcus,aureus,,DSM 20231,16,2756322,,Contig,32.77,staphylococcus,0
GCA_000360565.1,HMT-550,Staphylococcus,aureus,,M0250,2,2895690,,Scaffold,32.86,staphylococcus,0
GCA_000361145.1,HMT-550,Staphylococcus,aureus,,M0427,2,2838730,,Scaffold,32.86,staphylococcus,0
GCA_000382965.1,HMT-550,Staphylococcus,aureus,,ST228,2,2790688,,Complete Genome,32.84,staphylococcus,0
GCA_000382985.1,HMT-550,Staphylococcus,aureus,,ST228,2,2796742,,Complete Genome,32.79,staphylococcus,0
GCA_000383005.1,HMT-550,Staphylococcus,aureus,,ST228,2,2783086,,Complete Genome,32.82,staphylococcus,0
GCA_000412775.1,HMT-550,Staphylococcus,aureus,,CA-347,2,2875156,,Complete Genome,32.92,staphylococcus,0
GCA_000418345.1,HMT-550,Staphylococcus,aureus,,Bmb9393,2,2983456,,Complete Genome,32.91,staphylococcus,0
GCA_000452385.2,HMT-550,Staphylococcus,aureus,,Tager 104,1,2820837,,Complete Genome,32.93,staphylococcus,0
GCA_000462955.1,HMT-550,Staphylococcus,aureus,,6850,1,2736560,,Complete Genome,32.78,staphylococcus,0
GCA_000463055.1,HMT-550,Staphylococcus,aureus,,CN1,3,2757070,,Complete Genome,32.79,staphylococcus,0
GCA_000470845.1,HMT-550,Staphylococcus,aureus,,SA957,1,2789538,,Complete Genome,32.85,staphylococcus,0
GCA_000470865.1,HMT-550,Staphylococcus,aureus,,SA40,1,2728308,,Complete Genome,32.86,staphylococcus,0
GCA_000485885.1,HMT-550,Staphylococcus,aureus,,Z172,3,3018303,,Complete Genome,32.83,staphylococcus,0
GCA_000559965.1,HMT-550,Staphylococcus,aureus,,M52055,2,2876258,,Scaffold,32.82,staphylococcus,0
GCA_000560145.1,HMT-550,Staphylococcus,aureus,,W48872,1,2859671,,Scaffold,32.78,staphylococcus,0
GCA_000560365.1,HMT-550,Staphylococcus,aureus,,M64191,2,2876914,,Scaffold,32.83,staphylococcus,0
GCA_000560505.1,HMT-550,Staphylococcus,aureus,,H81437,2,2872973,,Scaffold,32.76,staphylococcus,0
GCA_000561065.1,HMT-550,Staphylococcus,aureus,,H21935,2,2872947,,Scaffold,32.77,staphylococcus,0
GCA_001018775.2,HMT-550,Staphylococcus,aureus,,NRS149,1,2764708,,Complete Genome,32.92,staphylococcus,0
GCA_001021895.1,HMT-550,Staphylococcus,aureus,,CA15,2,2864278,,Complete Genome,32.77,staphylococcus,0
GCA_001027105.1,HMT-550,Staphylococcus,aureus,,DSM 20231,2,2782562,,Complete Genome,32.84,staphylococcus,0
GCA_001298325.2,HMT-550,Staphylococcus,aureus,,BA01611,1,2885865,,Complete Genome,32.85,staphylococcus,0
GCA_001465675.1,HMT-550,Staphylococcus,aureus,,RIVM1607,2,2771015,,Complete Genome,32.93,staphylococcus,0
GCA_001611425.1,HMT-550,Staphylococcus,aureus,,ST20130939,2,2746829,,Complete Genome,32.86,staphylococcus,0
GCA_001956755.1,HMT-550,Staphylococcus,aureus,,SJTUF_J27,1,2804759,,Complete Genome,32.91,staphylococcus,0
GCA_002097595.2,HMT-550,Staphylococcus,aureus,,M92,1,3038845,,Complete Genome,32.81,staphylococcus,0
GCA_002633865.1,HMT-550,Staphylococcus,aureus,,CFSAN007894,2,2757659,,Complete Genome,32.84,staphylococcus,0
GCA_003031285.1,HMT-550,Staphylococcus,aureus,,TF3198,2,2804030,,Complete Genome,32.75,staphylococcus,0
GCA_003193745.1,HMT-550,Staphylococcus,aureus,,AR_0470,1,2963657,,Complete Genome,32.87,staphylococcus,0
GCA_003342735.1,HMT-550,Staphylococcus,aureus,,E16SA093,1,2785564,,Complete Genome,32.88,staphylococcus,0
GCA_003354665.1,HMT-550,Staphylococcus,aureus,,165,1,2892907,,Complete Genome,32.9,staphylococcus,0
GCA_004614315.1,HMT-550,Staphylococcus,aureus,,JK3137,1,2955000,,Complete Genome,32.82,staphylococcus,0
GCA_004772215.1,HMT-550,Staphylococcus,aureus,,O268,1,2841948,,Complete Genome,32.91,staphylococcus,0
GCA_006094915.1,HMT-550,Staphylococcus,aureus,,ATCC 12600,2,2782561,,Complete Genome,32.84,staphylococcus,0
GCA_006364675.1,HMT-550,Staphylococcus,aureus,,FDAARGOS_773,3,2787057,,Complete Genome,32.83,staphylococcus,0
GCA_008619795.1,HMT-550,Staphylococcus,aureus,,KUH140331,2,2754388,,Complete Genome,32.84,staphylococcus,0
GCA_008620055.1,HMT-550,Staphylococcus,aureus,,KUH180062,2,2969682,,Complete Genome,32.85,staphylococcus,0
GCA_009650155.1,HMT-550,Staphylococcus,aureus,,CFSAN007894,2,2754985,,Complete Genome,32.84,staphylococcus,0
GCA_009912075.1,HMT-550,Staphylococcus,aureus,,UP_1654,2,2892590,,Complete Genome,32.78,staphylococcus,0
GCA_009912295.1,HMT-550,Staphylococcus,aureus,,UP_1539,1,2746804,,Complete Genome,32.82,staphylococcus,0
GCA_009912415.1,HMT-550,Staphylococcus,aureus,,UP_1484,2,2712116,,Complete Genome,32.83,staphylococcus,0
GCA_009912715.1,HMT-550,Staphylococcus,aureus,,UP_818,1,2896381,,Complete Genome,32.87,staphylococcus,0
GCA_009912935.1,HMT-550,Staphylococcus,aureus,,UP_551,1,2840057,,Complete Genome,32.84,staphylococcus,0
GCA_016727585.1,HMT-550,Staphylococcus,aureus,,FDAARGOS_1086,2,2776467,,Complete Genome,32.8,staphylococcus,0
GCA_019653615.1,HMT-550,Staphylococcus,aureus,,RGB-095930,1,2904556,,Complete Genome,32.86,staphylococcus,0
GCA_020386595.1,HMT-550,Staphylococcus,aureus,,N6,1,2766978,,Complete Genome,32.91,staphylococcus,0
GCA_020388155.1,HMT-550,Staphylococcus,aureus,,L4,1,2766975,,Complete Genome,32.91,staphylococcus,0
GCA_020388825.1,HMT-550,Staphylococcus,aureus,,327,1,2764236,,Complete Genome,32.96,staphylococcus,0
GCA_020388965.1,HMT-550,Staphylococcus,aureus,,282,1,2732780,,Complete Genome,32.87,staphylococcus,0
GCA_020702545.2,HMT-550,Staphylococcus,aureus,,0610-H-2A,3,2842451,,Complete Genome,32.85,staphylococcus,0
GCA_020702615.2,HMT-550,Staphylococcus,aureus,,JL28,2,2740664,,Complete Genome,32.92,staphylococcus,0
GCA_021172825.1,HMT-550,Staphylococcus,aureus,,UNC_SaCF35,1,2854518,,Complete Genome,32.86,staphylococcus,0
GCA_021390135.1,HMT-550,Staphylococcus,aureus,,RN6390,2,2742047,,Complete Genome,32.86,staphylococcus,0
GCA_022404775.1,HMT-550,Staphylococcus,aureus,,NAS_AN_270,2,2801757,,Complete Genome,32.85,staphylococcus,0
GCA_022405435.1,HMT-550,Staphylococcus,aureus,,NAS_AN_099,2,2755455,,Complete Genome,32.84,staphylococcus,0
GCA_022405595.1,HMT-550,Staphylococcus,aureus,,NAS_AN_009,2,2821889,,Complete Genome,32.79,staphylococcus,0
GCA_022494545.1,HMT-550,Staphylococcus,aureus,,199,1,2844011,,Complete Genome,32.9,staphylococcus,0
GCA_022691405.1,HMT-550,Staphylococcus,aureus,,MRSA-WC061,2,2844400,,Complete Genome,32.83,staphylococcus,0
GCA_022693225.1,HMT-550,Staphylococcus,aureus,,VRMSSA-WC111,2,2897139,,Complete Genome,32.9,staphylococcus,0
GCA_022832835.1,HMT-550,Staphylococcus,aureus,,NY2010,2,2965586,,Complete Genome,32.82,staphylococcus,0
GCA_022869625.1,HMT-550,Staphylococcus,aureus,,PartF-Saureus-RM8376,2,2782561,,Complete Genome,32.84,staphylococcus,0
GCA_900324215.1,HMT-550,Staphylococcus,aureus,,3_LA_115,1,2891669,,Complete Genome,33.01,staphylococcus,0
GCA_900324315.1,HMT-550,Staphylococcus,aureus,,12_LA_293,1,2910878,,Complete Genome,32.98,staphylococcus,0
GCA_001500315.1,HMT-331,Staphylococcus,auricularis,,DSM 20609,54,2201708,,Contig,37.26,staphylococcus,0
GCA_002902455.1,HMT-331,Staphylococcus,auricularis,,NCTC 12101,103,2201622,,Scaffold,37.26,staphylococcus,0
GCA_003040695.1,HMT-331,Staphylococcus,auricularis,,SNUC 3034,108,2283589,,Contig,37.13,staphylococcus,0
GCA_003040715.1,HMT-331,Staphylococcus,auricularis,,SNUC 993,141,2297511,,Contig,37.14,staphylococcus,0
GCA_016028295.1,HMT-331,Staphylococcus,auricularis,,FDAARGOS_882,1,2216575,,Complete Genome,37.38,staphylococcus,0
GCA_016808715.1,HMT-331,Staphylococcus,auricularis,,s52,29,2275253,,Scaffold,37.13,staphylococcus,0
GCA_018323945.1,HMT-331,Staphylococcus,auricularis,,JCM 2421,1,2263046,,Complete Genome,37.35,staphylococcus,0
GCA_018408075.1,HMT-331,Staphylococcus,auricularis,,1H20,53,2251511,,Contig,37.13,staphylococcus,0
GCA_021367585.1,HMT-331,Staphylococcus,auricularis,,Ani-GT-018,29,2195146,,Contig,37.22,staphylococcus,0
GCA_022346665.1,HMT-331,Staphylococcus,auricularis,,ACRPT,40,2274060,,Contig,37.19,staphylococcus,0
GCA_028464905.1,HMT-331,Staphylococcus,auricularis,,T1,13,2237686,,Contig,37.09,staphylococcus,0
GCA_900478415.1,HMT-331,Staphylococcus,auricularis,,NCTC12101,1,2216666,,Complete Genome,37.38,staphylococcus,0
GCA_936940875.1,HMT-331,Staphylococcus,auricularis,,SRR1621010_bin.14_CONCOCT_v1.1_MAG,23,2231640,yes,Contig,37.13,staphylococcus,0
GCA_943914145.1,HMT-331,Staphylococcus,auricularis,,W84SXvyAOe_bin.3.MAG,9,2251538,yes,Contig,37.04,staphylococcus,0
GCA_000174135.1,HMT-116,Staphylococcus,capitis,,SK14,32,2435835,,Contig,32.77,staphylococcus,0
GCA_000221525.2,HMT-116,Staphylococcus,capitis,,VCU116,38,2452574,,Contig,32.85,staphylococcus,0
GCA_000263775.1,HMT-116,Staphylococcus,capitis,,QN1,30,2430101,,Contig,32.76,staphylococcus,0
GCA_000499705.1,HMT-116,Staphylococcus,capitis,,CR01,8,2503772,,Scaffold,32.86,staphylococcus,0
GCA_000692055.1,HMT-116,Staphylococcus,capitis,,TE8,8,2516639,,Scaffold,32.85,staphylococcus,0
GCA_001028645.1,HMT-116,Staphylococcus,capitis,,AYP1020,2,2503265,,Complete Genome,32.93,staphylococcus,0
GCA_001063695.1,HMT-116,Staphylococcus,capitis,,558_SAUR,40,2584863,,Contig,32.87,staphylococcus,0
GCA_001066795.1,HMT-116,Staphylococcus,capitis,,664.rep2_SAUR,40,2561043,,Scaffold,32.86,staphylococcus,0
GCA_001073365.1,HMT-116,Staphylococcus,capitis,,562_SWAR,39,2509044,,Scaffold,32.68,staphylococcus,0
GCA_001073715.1,HMT-116,Staphylococcus,capitis,,645_SEPI,40,2554649,,Scaffold,32.88,staphylococcus,0
GCA_001179785.1,HMT-116,Staphylococcus,capitis,,CR03,31,2505352,,Contig,32.81,staphylococcus,0
GCA_001201015.1,HMT-116,Staphylococcus,capitis,,CR04,38,2508589,,Contig,32.8,staphylococcus,0
GCA_001215085.1,HMT-116,Staphylococcus,capitis,,CR03,1,2508352,,Scaffold,32.89,staphylococcus,0
GCA_001220005.1,HMT-116,Staphylococcus,capitis,,CR05,39,2540117,,Contig,32.84,staphylococcus,0
GCA_001220605.1,HMT-116,Staphylococcus,capitis,,CR09,34,2487158,,Contig,32.82,staphylococcus,0
GCA_001471555.2,HMT-116,Staphylococcus,capitis,,FDAARGOS_173,4,2602552,,Contig,32.96,staphylococcus,0
GCA_001650475.1,HMT-116,Staphylococcus,capitis,,H36,31,2418436,,Contig,32.74,staphylococcus,0
GCA_001808345.1,HMT-116,Staphylococcus,capitis,,HMSC06C11,22,2373930,,Scaffold,32.78,staphylococcus,0
GCA_002356175.1,HMT-116,Staphylococcus,capitis,,TW2795,2,2486776,,Complete Genome,33.05,staphylococcus,0
GCA_002591175.1,HMT-116,Staphylococcus,capitis,,FDAARGOS_378,2,2485152,,Complete Genome,32.99,staphylococcus,0
GCA_002902325.1,HMT-116,Staphylococcus,capitis,,NCTC 11045,51,2434909,,Scaffold,32.7,staphylococcus,0
GCA_003041075.1,HMT-116,Staphylococcus,capitis,,SNUC 791,40,2415582,,Contig,32.89,staphylococcus,0
GCA_003578595.1,HMT-116,Staphylococcus,capitis,,SNUC 1319,41,2404190,,Contig,32.91,staphylococcus,0
GCA_003857115.1,HMT-116,Staphylococcus,capitis,,C0756,27,2502825,,Scaffold,32.8,staphylococcus,0
GCA_003857145.1,HMT-116,Staphylococcus,capitis,,C2784,34,2502435,,Scaffold,32.74,staphylococcus,0
GCA_005502985.1,HMT-116,Staphylococcus,capitis,,U,20,2378956,,Contig,32.74,staphylococcus,0
GCA_006540355.1,HMT-116,Staphylococcus,capitis,,TCR-3,37,2511037,,Contig,32.75,staphylococcus,0
GCA_009663495.1,HMT-116,Staphylococcus,capitis,,APC2923,16,2552268,,Scaffold,32.74,staphylococcus,0
GCA_012926745.1,HMT-116,Staphylococcus,capitis,,17-687,42,2648964,,Contig,32.71,staphylococcus,0
GCA_012926855.1,HMT-116,Staphylococcus,capitis,,15-843,40,2602192,,Contig,32.81,staphylococcus,0
GCA_013267675.1,HMT-116,Staphylococcus,capitis,,FDAARGOS_753,4,2490953,,Complete Genome,32.94,staphylococcus,0
GCA_013415405.1,HMT-116,Staphylococcus,capitis,,GW2,35,2450181,,Contig,32.81,staphylococcus,0
GCA_014266065.1,HMT-116,Staphylococcus,capitis,,IIF3SC-B2,26,2409841,,Contig,32.68,staphylococcus,0
GCA_014266085.1,HMT-116,Staphylococcus,capitis,,IIF3SC-B5,34,2379966,,Scaffold,32.75,staphylococcus,0
GCA_014266465.1,HMT-116,Staphylococcus,capitis,,IIF4SC-B1A,19,2407537,,Scaffold,32.79,staphylococcus,0
GCA_014266475.1,HMT-116,Staphylococcus,capitis,,IIF5SC-B2,25,2402589,,Contig,32.7,staphylococcus,0
GCA_014266725.1,HMT-116,Staphylococcus,capitis,,IIF5SC-B1,27,2400623,,Contig,32.69,staphylococcus,0
GCA_014267235.1,HMT-116,Staphylococcus,capitis,,IIF4SC-B3,20,2424546,,Scaffold,32.67,staphylococcus,0
GCA_014635765.1,HMT-116,Staphylococcus,capitis,,CCM 2734,26,2428814,,Contig,32.68,staphylococcus,0
GCA_015070475.1,HMT-116,Staphylococcus,capitis,,HESS022,42,2495216,,Contig,32.79,staphylococcus,0
GCA_015234665.1,HMT-116,Staphylococcus,capitis,,GW2.1,35,2450181,,Contig,32.81,staphylococcus,0
GCA_015243435.1,HMT-116,Staphylococcus,capitis,,BN2,3,2528549,,Complete Genome,32.8,staphylococcus,0
GCA_015273915.1,HMT-116,Staphylococcus,capitis,,R6013,24,2550134,,Contig,32.76,staphylococcus,0
GCA_015273975.1,HMT-116,Staphylococcus,capitis,,R6012,23,2559829,,Contig,32.76,staphylococcus,0
GCA_015273985.1,HMT-116,Staphylococcus,capitis,,R5945,33,2626696,,Contig,32.68,staphylococcus,0
GCA_015273995.1,HMT-116,Staphylococcus,capitis,,R5946,31,2620428,,Contig,32.68,staphylococcus,0
GCA_015274025.1,HMT-116,Staphylococcus,capitis,,R5944,32,2620474,,Contig,32.67,staphylococcus,0
GCA_015274055.1,HMT-116,Staphylococcus,capitis,,R5943,36,2618481,,Contig,32.67,staphylococcus,0
GCA_015274095.1,HMT-116,Staphylococcus,capitis,,R5942,31,2624874,,Contig,32.67,staphylococcus,0
GCA_015274115.1,HMT-116,Staphylococcus,capitis,,R6026,21,2515456,,Contig,32.75,staphylococcus,0
GCA_015274185.1,HMT-116,Staphylococcus,capitis,,R6023,22,2515849,,Contig,32.76,staphylococcus,0
GCA_015645205.1,HMT-116,Staphylococcus,capitis,,C34,33,2558708,,Contig,32.84,staphylococcus,0
GCA_015645265.1,HMT-116,Staphylococcus,capitis,,C06_1,28,2518283,,Contig,32.83,staphylococcus,0
GCA_017167155.1,HMT-116,Staphylococcus,capitis,,F6_7S_P_4,16,2451586,,Scaffold,32.78,staphylococcus,0
GCA_017167295.1,HMT-116,Staphylococcus,capitis,,F6_7S_P_1,23,2502093,,Contig,32.83,staphylococcus,0
GCA_017315425.1,HMT-116,Staphylococcus,capitis,,DSM 20325,37,2417641,,Contig,32.72,staphylococcus,0
GCA_017315685.1,HMT-116,Staphylococcus,capitis,,HAF22,29,2380266,,Contig,32.76,staphylococcus,0
GCA_018407735.1,HMT-116,Staphylococcus,capitis,,1I27,35,2456583,,Contig,32.69,staphylococcus,0
GCA_018407745.1,HMT-116,Staphylococcus,capitis,,1I23,34,2547948,,Contig,32.79,staphylococcus,0
GCA_018407905.1,HMT-116,Staphylococcus,capitis,,1H29,18,2403389,,Contig,32.79,staphylococcus,0
GCA_018917165.1,HMT-116,Staphylococcus,capitis,,N50,23,2484181,,Contig,32.75,staphylococcus,0
GCA_020682835.1,HMT-116,Staphylococcus,capitis,,SS160_SC_UNIFESP,22,2508421,,Contig,32.8,staphylococcus,0
GCA_020739965.1,HMT-116,Staphylococcus,capitis,,AATYY,18,2485315,,Contig,32.85,staphylococcus,0
GCA_020740065.1,HMT-116,Staphylococcus,capitis,,AATZJ,16,2431250,,Contig,32.86,staphylococcus,0
GCA_020740075.1,HMT-116,Staphylococcus,capitis,,AATZA,22,2514309,,Contig,32.78,staphylococcus,0
GCA_020740145.1,HMT-116,Staphylococcus,capitis,,AATYZ,10,2440222,,Contig,32.88,staphylococcus,0
GCA_020883475.1,HMT-116,Staphylococcus,capitis,,XZ03,1,2565475,,Complete Genome,32.93,staphylococcus,0
GCA_020907165.1,HMT-116,Staphylococcus,capitis,,AATYT,16,2487323,,Contig,32.84,staphylococcus,0
GCA_022531845.1,HMT-116,Staphylococcus,capitis,,LR 95,3,2632988,,Complete Genome,32.85,staphylococcus,0
GCA_022762925.1,HMT-116,Staphylococcus,capitis,,LR4,38,2606208,,Contig,32.77,staphylococcus,0
GCA_022762945.1,HMT-116,Staphylococcus,capitis,,LR16,43,2596660,,Contig,32.71,staphylococcus,0
GCA_023148985.1,HMT-116,Staphylococcus,capitis,,EYE_742,27,2406708,,Contig,32.67,staphylococcus,0
GCA_025149525.1,HMT-116,Staphylococcus,capitis,,p3-SID1731,12,2477307,,Contig,32.81,staphylococcus,0
GCA_025272695.1,HMT-116,Staphylococcus,capitis,,K1-2-2-23,2,2546812,,Complete Genome,32.96,staphylococcus,0
GCA_025272815.1,HMT-116,Staphylococcus,capitis,,H17,2,2491837,,Complete Genome,32.98,staphylococcus,0
GCA_025272975.1,HMT-116,Staphylococcus,capitis,,DSM 20326,5,2486324,,Complete Genome,32.88,staphylococcus,0
GCA_025370135.1,HMT-116,Staphylococcus,capitis,,DSM 31028,10,2469425,,Scaffold,32.94,staphylococcus,0
GCA_026430575.1,HMT-116,Staphylococcus,capitis,,CCSM0123,5,2549044,,Complete Genome,32.8,staphylococcus,0
GCA_027664685.1,HMT-116,Staphylococcus,capitis,,AF94-12M2BA,31,2403042,,Scaffold,32.72,staphylococcus,0
GCA_029917375.1,HMT-116,Staphylococcus,capitis,,ADPXQ,38,2450491,,Contig,32.91,staphylococcus,0
GCA_029918385.1,HMT-116,Staphylococcus,capitis,,ADPVN,35,2493082,,Contig,32.93,staphylococcus,0
GCA_029924965.1,HMT-116,Staphylococcus,capitis,,ACVHD,20,2613967,,Contig,32.65,staphylococcus,0
GCA_029924985.1,HMT-116,Staphylococcus,capitis,,ACVHC,26,2615174,,Contig,32.66,staphylococcus,0
GCA_029925065.1,HMT-116,Staphylococcus,capitis,,ACVGX,29,2441468,,Contig,32.9,staphylococcus,0
GCA_029925625.1,HMT-116,Staphylococcus,capitis,,ACVFB,17,2479086,,Contig,32.83,staphylococcus,0
GCA_029926435.1,HMT-116,Staphylococcus,capitis,,ACVGQ,15,2445644,,Contig,32.89,staphylococcus,0
GCA_029926445.1,HMT-116,Staphylococcus,capitis,,ACVGO,18,2444570,,Contig,32.89,staphylococcus,0
GCA_029926485.1,HMT-116,Staphylococcus,capitis,,ACVGN,16,2445446,,Contig,32.89,staphylococcus,0
GCA_029926805.1,HMT-116,Staphylococcus,capitis,,ACVFA,37,2547235,,Contig,32.65,staphylococcus,0
GCA_029927345.1,HMT-116,Staphylococcus,capitis,,ACVCL,22,2431228,,Contig,32.67,staphylococcus,0
GCA_029927385.1,HMT-116,Staphylococcus,capitis,,ACVCI,14,2478672,,Contig,32.83,staphylococcus,0
GCA_029927405.1,HMT-116,Staphylococcus,capitis,,ACVCG,17,2479516,,Contig,32.84,staphylococcus,0
GCA_029927425.1,HMT-116,Staphylococcus,capitis,,ACVCH,16,2478771,,Contig,32.83,staphylococcus,0
GCA_029928775.1,HMT-116,Staphylococcus,capitis,,ACVEN,19,2431738,,Contig,32.67,staphylococcus,0
GCA_029928945.1,HMT-116,Staphylococcus,capitis,,ACVCK,23,2432285,,Contig,32.67,staphylococcus,0
GCA_029928965.1,HMT-116,Staphylococcus,capitis,,ACVCJ,25,2431282,,Contig,32.67,staphylococcus,0
GCA_029928985.1,HMT-116,Staphylococcus,capitis,,ACVCF,14,2478062,,Contig,32.83,staphylococcus,0
GCA_030230485.1,HMT-116,Staphylococcus,capitis,,UMB6688.2,23,2500385,,Contig,32.78,staphylococcus,0
GCA_900068995.1,HMT-116,Staphylococcus,capitis,,CR07,26,2474601,,Contig,32.83,staphylococcus,0
GCA_901482635.1,HMT-116,Staphylococcus,capitis,,NCTC11045,3,2485020,,Contig,32.83,staphylococcus,0
GCA_000160215.1,HMT-567,Staphylococcus,caprae,,M23864:W1,26,2629570,,Scaffold,33.96,staphylococcus,0
GCA_000931485.1,HMT-567,Staphylococcus,caprae,,9557,85,2747651,,Contig,33.34,staphylococcus,0
GCA_001071965.1,HMT-567,Staphylococcus,caprae,,252_SWAR,122,2593581,,Contig,33.45,staphylococcus,0
GCA_001836225.1,HMT-567,Staphylococcus,caprae,,HMSC036D05,23,2536023,,Scaffold,33.59,staphylococcus,0
GCA_001839105.1,HMT-567,Staphylococcus,caprae,,HMSC62A08,51,2587345,,Scaffold,33.62,staphylococcus,0
GCA_002276615.1,HMT-567,Staphylococcus,caprae,,OG2-2,193,2659121,,Contig,33.86,staphylococcus,0
GCA_002902725.1,HMT-567,Staphylococcus,caprae,,NCTC 12196,101,2606761,,Scaffold,33.52,staphylococcus,0
GCA_003522455.1,HMT-567,Staphylococcus,caprae,,UBA10739,61,2229926,,Scaffold,33.71,staphylococcus,0
GCA_003578345.1,HMT-567,Staphylococcus,caprae,,SNUC 4023,141,2580743,,Contig,33.43,staphylococcus,0
GCA_003966585.1,HMT-567,Staphylococcus,caprae,,JMUB145,1,2618380,,Complete Genome,33.66,staphylococcus,0
GCA_003966605.1,HMT-567,Staphylococcus,caprae,,JMUB590,1,2629173,,Complete Genome,33.61,staphylococcus,0
GCA_003966625.1,HMT-567,Staphylococcus,caprae,,JMUB898,1,2598513,,Complete Genome,33.62,staphylococcus,0
GCA_007814385.1,HMT-567,Staphylococcus,caprae,,26D,2,2691499,,Complete Genome,33.62,staphylococcus,0
GCA_012851115.1,HMT-567,Staphylococcus,caprae,,SY333,6,2764332,,Complete Genome,33.48,staphylococcus,0
GCA_017167785.1,HMT-567,Staphylococcus,caprae,,F5_7S_P12B,12,2636914,,Contig,33.49,staphylococcus,0
GCA_018407965.1,HMT-567,Staphylococcus,caprae,,1H22,20,2672556,,Contig,33.37,staphylococcus,0
GCA_018916935.1,HMT-567,Staphylococcus,caprae,,N99,13,2645395,,Contig,33.43,staphylococcus,0
GCA_019685475.1,HMT-567,Staphylococcus,caprae,,78/2016,30,2610590,,Contig,33.53,staphylococcus,0
GCA_019685795.1,HMT-567,Staphylococcus,caprae,,28/2016,145,2476032,,Contig,33.59,staphylococcus,0
GCA_019685855.1,HMT-567,Staphylococcus,caprae,,76/2016,49,2589900,,Contig,33.42,staphylococcus,0
GCA_022690585.1,HMT-567,Staphylococcus,caprae,,acrog,44,2629195,,Contig,33.42,staphylococcus,0
GCA_029928745.1,HMT-567,Staphylococcus,caprae,,ACVEO,22,2603025,,Contig,33.53,staphylococcus,0
GCA_030053435.1,HMT-567,Staphylococcus,caprae,,GBY4178,50,2544326,,Scaffold,33.42,staphylococcus,0
GCA_030212385.1,HMT-567,Staphylococcus,caprae,,UMB9967,21,2619734,,Contig,33.35,staphylococcus,0
GCA_030217915.1,HMT-567,Staphylococcus,caprae,,UMB1181,78,2662207,,Contig,33.41,staphylococcus,0
GCA_900458385.1,HMT-567,Staphylococcus,caprae,,NCTC12196,6,2652349,,Contig,33.64,staphylococcus,0
GCA_002902365.1,HMT-117,Staphylococcus,cohnii,,NCTC 11041,69,2637875,,Scaffold,32.26,staphylococcus,0
GCA_003956025.1,HMT-117,Staphylococcus,cohnii,,FDAARGOS_538,2,2700845,,Complete Genome,32.38,staphylococcus,0
GCA_007992675.1,HMT-117,Staphylococcus,cohnii,,NBRC 109713,67,2563846,,Contig,32.23,staphylococcus,0
GCA_030220105.1,HMT-117,Staphylococcus,cohnii,,SDAQ-1,3,2798844,,Complete Genome,32.59,staphylococcus,0
GCA_900458255.1,HMT-117,Staphylococcus,cohnii,,NCTC11041,2,2694244,,Contig,32.38,staphylococcus,0
GCA_900458845.1,HMT-117,Staphylococcus,cohnii,,NCTC7623,2,2672175,,Contig,32.4,staphylococcus,0
GCA_000007645.1,HMT-601,Staphylococcus,epidermidis,,ATCC 12228,7,2564615,,Complete Genome,32.05,staphylococcus,0
GCA_000011925.1,HMT-601,Staphylococcus,epidermidis,,RP62A,2,2643840,,Complete Genome,32.15,staphylococcus,0
GCA_000759555.1,HMT-601,Staphylococcus,epidermidis,,SEI,2,2538314,,Complete Genome,32.05,staphylococcus,0
GCA_001310935.1,HMT-601,Staphylococcus,epidermidis,,JCM 2414,44,2302683,,Contig,32.11,staphylococcus,0
GCA_001956655.2,HMT-601,Staphylococcus,epidermidis,,14.1.R1,4,2606667,,Complete Genome,32.18,staphylococcus,0
GCA_002087975.1,HMT-601,Staphylococcus,epidermidis,,ATCC 14990,37,2457519,,Scaffold,32.12,staphylococcus,0
GCA_002215535.1,HMT-601,Staphylococcus,epidermidis,,AMT,6,2570371,,Complete Genome,32.08,staphylococcus,0
GCA_002850315.1,HMT-601,Staphylococcus,epidermidis,,DAR1907,1,2727549,,Complete Genome,32.09,staphylococcus,0
GCA_002901875.1,HMT-601,Staphylococcus,epidermidis,,NCTC 11047,62,2442385,,Scaffold,32.07,staphylococcus,0
GCA_002944995.1,HMT-601,Staphylococcus,epidermidis,,FDAARGOS_153,5,2551965,,Complete Genome,32.15,staphylococcus,0
GCA_002954055.1,HMT-601,Staphylococcus,epidermidis,,FDAARGOS_161,3,2515734,,Complete Genome,32.15,staphylococcus,0
GCA_003812425.1,HMT-601,Staphylococcus,epidermidis,,FDAARGOS_529,3,2577406,,Complete Genome,32.22,staphylococcus,0
GCA_003856395.1,HMT-601,Staphylococcus,epidermidis,,CDC120,4,2571738,,Complete Genome,32.16,staphylococcus,0
GCA_003856455.1,HMT-601,Staphylococcus,epidermidis,,CDC121,3,2571939,,Complete Genome,32.1,staphylococcus,0
GCA_006094375.1,HMT-601,Staphylococcus,epidermidis,,ATCC 14990,3,2491058,,Complete Genome,32.22,staphylococcus,0
GCA_006742205.1,HMT-601,Staphylococcus,epidermidis,,NBRC 100911,2,2427041,,Complete Genome,32.29,staphylococcus,0
GCA_011038575.1,HMT-601,Staphylococcus,epidermidis,,E73,1,2449132,,Complete Genome,32.19,staphylococcus,0
GCA_014334295.1,HMT-601,Staphylococcus,epidermidis,,LM087,1,2494355,,Complete Genome,32.22,staphylococcus,0
GCA_014490515.1,HMT-601,Staphylococcus,epidermidis,,Z0118SE0132,1,2521618,,Complete Genome,32.26,staphylococcus,0
GCA_016026915.1,HMT-601,Staphylococcus,epidermidis,,FDAARGOS_913,8,2626794,,Complete Genome,31.98,staphylococcus,0
GCA_016406225.1,HMT-601,Staphylococcus,epidermidis,,SE48,3,2232213,,Complete Genome,32.15,staphylococcus,0
GCA_016406625.1,HMT-601,Staphylococcus,epidermidis,,PH1-28,6,2598183,,Complete Genome,32.05,staphylococcus,0
GCA_016834475.1,HMT-601,Staphylococcus,epidermidis,,Z0118SE0269,4,2544994,,Complete Genome,32.17,staphylococcus,0
GCA_016889165.1,HMT-601,Staphylococcus,epidermidis,,FDAARGOS_1243,7,2534934,,Complete Genome,32.21,staphylococcus,0
GCA_016903555.1,HMT-601,Staphylococcus,epidermidis,,FDAARGOS_1363,4,2509593,,Complete Genome,32.24,staphylococcus,0
GCA_016903575.1,HMT-601,Staphylococcus,epidermidis,,FDAARGOS_1364,3,2448657,,Complete Genome,32.22,staphylococcus,0
GCA_019329325.1,HMT-601,Staphylococcus,epidermidis,,B1200343,3,2732693,,Complete Genome,31.91,staphylococcus,0
GCA_019329365.1,HMT-601,Staphylococcus,epidermidis,,B1208538,3,2733536,,Complete Genome,31.91,staphylococcus,0
GCA_019329405.1,HMT-601,Staphylococcus,epidermidis,,B1220165,3,2733982,,Complete Genome,31.91,staphylococcus,0
GCA_019329425.1,HMT-601,Staphylococcus,epidermidis,,B1230143,3,2781629,,Complete Genome,31.94,staphylococcus,0
GCA_019329505.1,HMT-601,Staphylococcus,epidermidis,,B1262351,3,2735368,,Complete Genome,31.92,staphylococcus,0
GCA_019329525.1,HMT-601,Staphylococcus,epidermidis,,B1264454,2,2726253,,Complete Genome,31.92,staphylococcus,0
GCA_019329565.1,HMT-601,Staphylococcus,epidermidis,,B1265603,3,2732707,,Complete Genome,31.91,staphylococcus,0
GCA_019329625.1,HMT-601,Staphylococcus,epidermidis,,B1266915,2,2648277,,Complete Genome,31.95,staphylococcus,0
GCA_019329665.1,HMT-601,Staphylococcus,epidermidis,,B1272014,2,2815778,,Complete Genome,31.97,staphylococcus,0
GCA_019329685.1,HMT-601,Staphylococcus,epidermidis,,B1275857,2,2726248,,Complete Genome,31.92,staphylococcus,0
GCA_019329725.1,HMT-601,Staphylococcus,epidermidis,,B1276296,2,2726233,,Complete Genome,31.92,staphylococcus,0
GCA_019329745.1,HMT-601,Staphylococcus,epidermidis,,B1276912,3,2832623,,Complete Genome,31.95,staphylococcus,0
GCA_019329805.1,HMT-601,Staphylococcus,epidermidis,,B1285135,2,2726087,,Complete Genome,31.92,staphylococcus,0
GCA_019330125.1,HMT-601,Staphylococcus,epidermidis,,V1933625,3,2732697,,Complete Genome,31.91,staphylococcus,0
GCA_019330145.1,HMT-601,Staphylococcus,epidermidis,,V1933793,3,2754745,,Complete Genome,31.87,staphylococcus,0
GCA_019330165.1,HMT-601,Staphylococcus,epidermidis,,V1936703,3,2732703,,Complete Genome,31.91,staphylococcus,0
GCA_019330185.1,HMT-601,Staphylococcus,epidermidis,,V1937538,3,2751270,,Complete Genome,31.88,staphylococcus,0
GCA_019330205.1,HMT-601,Staphylococcus,epidermidis,,V1939586,2,2726247,,Complete Genome,31.92,staphylococcus,0
GCA_019330225.1,HMT-601,Staphylococcus,epidermidis,,V1949610,3,2732705,,Complete Genome,31.91,staphylococcus,0
GCA_019330245.1,HMT-601,Staphylococcus,epidermidis,,V1950266,3,2754755,,Complete Genome,31.87,staphylococcus,0
GCA_021398305.1,HMT-601,Staphylococcus,epidermidis,,CBPA-ST-10002,4,2473252,,Complete Genome,32.19,staphylococcus,0
GCA_021398325.1,HMT-601,Staphylococcus,epidermidis,,CBPA-ST-11003,2,2591267,,Complete Genome,32.17,staphylococcus,0
GCA_021398345.1,HMT-601,Staphylococcus,epidermidis,,AZ22,2,2475286,,Complete Genome,32.23,staphylococcus,0
GCA_021496015.1,HMT-601,Staphylococcus,epidermidis,,44,3,2401799,,Complete Genome,32.24,staphylococcus,0
GCA_021496075.1,HMT-601,Staphylococcus,epidermidis,,45A6,2,2447700,,Complete Genome,32.17,staphylococcus,0
GCA_021513055.1,HMT-601,Staphylococcus,epidermidis,,52B,4,2532862,,Complete Genome,32.15,staphylococcus,0
GCA_021513075.1,HMT-601,Staphylococcus,epidermidis,,50D,4,2494613,,Complete Genome,32.2,staphylococcus,0
GCA_021513115.1,HMT-601,Staphylococcus,epidermidis,,BC1190,5,2521740,,Complete Genome,32.15,staphylococcus,0
GCA_022832915.1,HMT-601,Staphylococcus,epidermidis,,C100,7,2541647,,Complete Genome,32.15,staphylococcus,0
GCA_022869565.1,HMT-601,Staphylococcus,epidermidis,,PartG-Sepidermidis-RM8376,4,2594997,,Complete Genome,32.01,staphylococcus,0
GCA_022919195.1,HMT-601,Staphylococcus,epidermidis,,SKN25lux,1,2539082,,Complete Genome,32.34,staphylococcus,0
GCA_023547085.1,HMT-601,Staphylococcus,epidermidis,,C019,2,2634259,,Complete Genome,32.0,staphylococcus,0
GCA_024204705.1,HMT-601,Staphylococcus,epidermidis,,TMDU-41,5,2472870,,Complete Genome,32.2,staphylococcus,0
GCA_024204745.1,HMT-601,Staphylococcus,epidermidis,,TMDU-137,6,2573209,,Complete Genome,32.18,staphylococcus,0
GCA_024204765.1,HMT-601,Staphylococcus,epidermidis,,TMDU-190,2,2734660,,Complete Genome,32.08,staphylococcus,0
GCA_024204785.1,HMT-601,Staphylococcus,epidermidis,,TMDU-265,4,2761052,,Complete Genome,32.11,staphylococcus,0
GCA_024204845.1,HMT-601,Staphylococcus,epidermidis,,TMDU-323,3,2485634,,Complete Genome,32.2,staphylococcus,0
GCA_024204865.1,HMT-601,Staphylococcus,epidermidis,,TMDU-2014-62,2,2646864,,Complete Genome,32.16,staphylococcus,0
GCA_024204905.1,HMT-601,Staphylococcus,epidermidis,,TSM-18,4,2659990,,Complete Genome,32.09,staphylococcus,0
GCA_024204925.1,HMT-601,Staphylococcus,epidermidis,,TSM-36,3,2602631,,Complete Genome,32.25,staphylococcus,0
GCA_024204965.1,HMT-601,Staphylococcus,epidermidis,,TSM-50,2,2503340,,Complete Genome,32.23,staphylococcus,0
GCA_025558645.1,HMT-601,Staphylococcus,epidermidis,,IVB6256,2,2469183,,Complete Genome,32.14,staphylococcus,0
GCA_025558665.1,HMT-601,Staphylococcus,epidermidis,,IVB6213,1,2484775,,Complete Genome,32.17,staphylococcus,0
GCA_025558685.1,HMT-601,Staphylococcus,epidermidis,,IVB6210,2,2504304,,Complete Genome,32.15,staphylococcus,0
GCA_025558705.1,HMT-601,Staphylococcus,epidermidis,,IVB6208,2,2544812,,Complete Genome,32.16,staphylococcus,0
GCA_025558725.1,HMT-601,Staphylococcus,epidermidis,,IVB6194,1,2552216,,Complete Genome,32.28,staphylococcus,0
GCA_025665415.1,HMT-601,Staphylococcus,epidermidis,,AH6072,4,2507467,,Complete Genome,32.16,staphylococcus,0
GCA_026153315.1,HMT-601,Staphylococcus,epidermidis,,CCSM0287,4,2531086,,Complete Genome,32.01,staphylococcus,0
GCA_029457595.1,HMT-601,Staphylococcus,epidermidis,,32FSE06,1,2501976,,Complete Genome,32.18,staphylococcus,0
GCA_029691705.1,HMT-601,Staphylococcus,epidermidis,,32FSE02,3,2484214,,Complete Genome,32.14,staphylococcus,0
GCA_029691725.1,HMT-601,Staphylococcus,epidermidis,,44DSE01,3,2528901,,Complete Genome,32.1,staphylococcus,0
GCA_029691775.1,HMT-601,Staphylococcus,epidermidis,,32FSE07,3,2563036,,Complete Genome,32.06,staphylococcus,0
GCA_029691795.1,HMT-601,Staphylococcus,epidermidis,,47FSE01,3,2527411,,Complete Genome,32.1,staphylococcus,0
GCA_029691815.1,HMT-601,Staphylococcus,epidermidis,,1FSE05,2,2481384,,Complete Genome,32.28,staphylococcus,0
GCA_029691875.1,HMT-601,Staphylococcus,epidermidis,,24FSE04,6,2542396,,Complete Genome,32.17,staphylococcus,0
GCA_029691895.1,HMT-601,Staphylococcus,epidermidis,,24FSE01,5,2540654,,Complete Genome,32.08,staphylococcus,0
GCA_029691915.1,HMT-601,Staphylococcus,epidermidis,,20DL,5,2607338,,Complete Genome,32.03,staphylococcus,0
GCA_029691935.1,HMT-601,Staphylococcus,epidermidis,,1FSE01,2,2494103,,Complete Genome,32.27,staphylococcus,0
GCA_029691955.1,HMT-601,Staphylococcus,epidermidis,,1FSE03,2,2525918,,Complete Genome,32.2,staphylococcus,0
GCA_030012845.1,HMT-601,Staphylococcus,epidermidis,,7049,6,2640687,,Complete Genome,31.97,staphylococcus,0
GCA_030013945.1,HMT-601,Staphylococcus,epidermidis,,7073,1,2526144,,Complete Genome,32.23,staphylococcus,0
GCA_030014045.1,HMT-601,Staphylococcus,epidermidis,,7055,1,2526192,,Complete Genome,32.23,staphylococcus,0
GCA_030014105.1,HMT-601,Staphylococcus,epidermidis,,7052,1,2526290,,Complete Genome,32.23,staphylococcus,0
GCA_030435915.1,HMT-601,Staphylococcus,epidermidis,,CKFA-393,4,2453845,,Complete Genome,32.17,staphylococcus,0
GCA_030435975.1,HMT-601,Staphylococcus,epidermidis,,CCSH-141,2,2537768,,Complete Genome,32.06,staphylococcus,0
GCA_900086615.2,HMT-601,Staphylococcus,epidermidis,,BPH0662,4,2854742,,Complete Genome,31.98,staphylococcus,0
GCA_900458605.1,HMT-601,Staphylococcus,epidermidis,,NCTC11047,5,2538008,,Contig,32.21,staphylococcus,0
GCA_900638695.1,HMT-601,Staphylococcus,epidermidis,,NCTC13924,1,2750807,,Complete Genome,31.99,staphylococcus,0
GCA_902509485.1,HMT-601,Staphylococcus,epidermidis,,none,3,2547194,,Complete Genome,32.08,staphylococcus,0
GCA_902509495.1,HMT-601,Staphylococcus,epidermidis,,none,2,2541041,,Complete Genome,32.1,staphylococcus,0
GCA_902509505.1,HMT-601,Staphylococcus,epidermidis,,none,3,2581001,,Complete Genome,32.03,staphylococcus,0
GCA_902509515.1,HMT-601,Staphylococcus,epidermidis,,none,3,2598654,,Complete Genome,32.25,staphylococcus,0
GCA_902509525.1,HMT-601,Staphylococcus,epidermidis,,none,2,2646468,,Complete Genome,32.15,staphylococcus,0
GCA_902509535.1,HMT-601,Staphylococcus,epidermidis,,none,3,2561733,,Complete Genome,32.22,staphylococcus,0
GCA_000009865.1,HMT-120,Staphylococcus,haemolyticus,,JCSC1435,4,2697861,,Complete Genome,32.78,staphylococcus,0
GCA_000759125.1,HMT-120,Staphylococcus,haemolyticus,,DNF00585,49,2357406,,Contig,32.52,staphylococcus,0
GCA_000763705.1,HMT-120,Staphylococcus,haemolyticus,,C10D,42,2440251,,Contig,32.6,staphylococcus,0
GCA_000763725.1,HMT-120,Staphylococcus,haemolyticus,,C10F,40,2458301,,Contig,32.58,staphylococcus,0
GCA_000972725.1,HMT-120,Staphylococcus,haemolyticus,,Sh29/312/L2,1,2561368,,Complete Genome,32.72,staphylococcus,0
GCA_001223985.1,HMT-120,Staphylococcus,haemolyticus,,278-10,25,2488619,,Contig,32.76,staphylococcus,0
GCA_001225905.1,HMT-120,Staphylococcus,haemolyticus,,140376,51,2372839,,Contig,32.58,staphylococcus,0
GCA_001228405.1,HMT-120,Staphylococcus,haemolyticus,,51-37,34,2332821,,Scaffold,32.59,staphylococcus,0
GCA_001228845.1,HMT-120,Staphylococcus,haemolyticus,,W59,42,2454272,,Contig,32.45,staphylococcus,0
GCA_001233565.1,HMT-120,Staphylococcus,haemolyticus,,CN1197,42,2331387,,Contig,32.73,staphylococcus,0
GCA_001237185.1,HMT-120,Staphylococcus,haemolyticus,,134634,44,2393643,,Scaffold,32.59,staphylococcus,0
GCA_001239225.1,HMT-120,Staphylococcus,haemolyticus,,2263-3461,18,2458332,,Scaffold,32.75,staphylococcus,0
GCA_001471515.2,HMT-120,Staphylococcus,haemolyticus,,FDAARGOS_130,2,2695523,,Contig,32.79,staphylococcus,0
GCA_001611955.1,HMT-120,Staphylococcus,haemolyticus,,S167,2,2560146,,Complete Genome,32.83,staphylococcus,0
GCA_002114275.1,HMT-120,Staphylococcus,haemolyticus,,IPK_TSA25,4,2517398,,Contig,32.79,staphylococcus,0
GCA_002165435.1,HMT-120,Staphylococcus,haemolyticus,,SH06,4,2501418,,Contig,32.65,staphylococcus,0
GCA_002901805.1,HMT-120,Staphylococcus,haemolyticus,,NCTC 11042,92,2472399,,Scaffold,32.71,staphylococcus,0
GCA_002906595.1,HMT-120,Staphylococcus,haemolyticus,,83131A,2,2610865,,Complete Genome,32.79,staphylococcus,0
GCA_002906615.1,HMT-120,Staphylococcus,haemolyticus,,83131B,3,2612666,,Complete Genome,32.79,staphylococcus,0
GCA_002952715.2,HMT-120,Staphylococcus,haemolyticus,,SGAir0252,2,2674594,,Complete Genome,32.79,staphylococcus,0
GCA_003217445.1,HMT-120,Staphylococcus,haemolyticus,,AtHG25,42,2437823,,Scaffold,32.67,staphylococcus,0
GCA_003596365.3,HMT-120,Staphylococcus,haemolyticus,,VB19458,1,2699210,,Complete Genome,32.77,staphylococcus,0
GCA_003956005.1,HMT-120,Staphylococcus,haemolyticus,,FDAARGOS_517,3,2669504,,Complete Genome,32.8,staphylococcus,0
GCA_005706435.1,HMT-120,Staphylococcus,haemolyticus,,PK-01,1,2615683,,Complete Genome,32.82,staphylococcus,0
GCA_006094395.1,HMT-120,Staphylococcus,haemolyticus,,ATCC 29970,3,2572027,,Complete Genome,32.91,staphylococcus,0
GCA_007004265.1,HMT-120,Staphylococcus,haemolyticus,,SDB1,30,2468753,,Contig,32.84,staphylococcus,0
GCA_007004275.1,HMT-120,Staphylococcus,haemolyticus,,SDA2,27,2444677,,Contig,32.83,staphylococcus,0
GCA_007992795.1,HMT-120,Staphylococcus,haemolyticus,,NBRC 109768,60,2399880,,Contig,32.68,staphylococcus,0
GCA_009189185.2,HMT-120,Staphylococcus,haemolyticus,,VB5326,1,2699292,,Complete Genome,32.76,staphylococcus,0
GCA_009791315.1,HMT-120,Staphylococcus,haemolyticus,,SDF1,24,2477199,,Contig,32.87,staphylococcus,0
GCA_009932715.2,HMT-120,Staphylococcus,haemolyticus,,SE2.14,6,2396041,,Complete Genome,32.69,staphylococcus,0
GCA_009932885.2,HMT-120,Staphylococcus,haemolyticus,,SE3.8,6,2396207,,Complete Genome,32.69,staphylococcus,0
GCA_009932935.2,HMT-120,Staphylococcus,haemolyticus,,SE3.9,6,2396096,,Complete Genome,32.69,staphylococcus,0
GCA_012955505.1,HMT-120,Staphylococcus,haemolyticus,,SCAID URN1-2019,1,2256190,,Chromosome,33.04,staphylococcus,0
GCA_015070685.1,HMT-120,Staphylococcus,haemolyticus,,HESMS017,20,2462495,,Contig,32.78,staphylococcus,0
GCA_016695195.1,HMT-120,Staphylococcus,haemolyticus,,MSA_JNM24C1,1,2502707,,Chromosome,32.95,staphylococcus,0
GCA_016695445.1,HMT-120,Staphylococcus,haemolyticus,,MSA_JNM60C2,1,2511057,,Chromosome,32.82,staphylococcus,0
GCA_017355005.1,HMT-120,Staphylococcus,haemolyticus,,7b,4,2398463,,Complete Genome,32.75,staphylococcus,0
GCA_017355025.1,HMT-120,Staphylococcus,haemolyticus,,1b,4,2390652,,Complete Genome,32.82,staphylococcus,0
GCA_017355045.1,HMT-120,Staphylococcus,haemolyticus,,12b,3,2382565,,Complete Genome,32.75,staphylococcus,0
GCA_018986335.1,HMT-120,Staphylococcus,haemolyticus,,A11,24,2485414,,Contig,32.67,staphylococcus,0
GCA_018996905.1,HMT-120,Staphylococcus,haemolyticus,,A3.2,24,2497919,,Contig,32.64,staphylococcus,0
GCA_019048025.1,HMT-120,Staphylococcus,haemolyticus,,FDAARGOS 1453,3,2568751,,Complete Genome,32.88,staphylococcus,0
GCA_019222685.1,HMT-120,Staphylococcus,haemolyticus,,NY5,3,2539247,,Complete Genome,32.68,staphylococcus,0
GCA_019349055.1,HMT-120,Staphylococcus,haemolyticus,,C128_MRS_SCCmec type VII/X,5,2842834,,Contig,32.76,staphylococcus,0
GCA_019426365.1,HMT-120,Staphylococcus,haemolyticus,,B,48,2668788,,Contig,32.77,staphylococcus,0
GCA_019426385.1,HMT-120,Staphylococcus,haemolyticus,,A,42,2572961,,Contig,32.72,staphylococcus,0
GCA_019426405.1,HMT-120,Staphylococcus,haemolyticus,,D,51,2591907,,Contig,32.69,staphylococcus,0
GCA_021270905.1,HMT-120,Staphylococcus,haemolyticus,,Ani_LG-048,5,2649024,,Contig,32.63,staphylococcus,0
GCA_021366995.1,HMT-120,Staphylococcus,haemolyticus,,Ani-LG-036,39,2428110,,Contig,32.85,staphylococcus,0
GCA_021367115.1,HMT-120,Staphylococcus,haemolyticus,,Ani-LG-021,40,2526847,,Contig,32.78,staphylococcus,0
GCA_021367155.1,HMT-120,Staphylococcus,haemolyticus,,Ani-LG-019,43,2495438,,Contig,32.96,staphylococcus,0
GCA_021367495.1,HMT-120,Staphylococcus,haemolyticus,,Ani-GT-046,51,2495433,,Contig,32.79,staphylococcus,0
GCA_021367505.1,HMT-120,Staphylococcus,haemolyticus,,Ani-GT-050,45,2456533,,Contig,32.86,staphylococcus,0
GCA_021367725.1,HMT-120,Staphylococcus,haemolyticus,,Ani-GT-003,40,2449567,,Contig,32.86,staphylococcus,0
GCA_021442105.1,HMT-120,Staphylococcus,haemolyticus,,BC5211,1,2580024,,Complete Genome,32.83,staphylococcus,0
GCA_022484865.1,HMT-120,Staphylococcus,haemolyticus,,51P6ENG_1,21,2341885,,Scaffold,32.64,staphylococcus,0
GCA_022484905.1,HMT-120,Staphylococcus,haemolyticus,,H10FS1,18,2355821,,Scaffold,32.62,staphylococcus,0
GCA_022485005.1,HMT-120,Staphylococcus,haemolyticus,,114P2SUD1,34,2387113,,Scaffold,32.7,staphylococcus,0
GCA_022485095.1,HMT-120,Staphylococcus,haemolyticus,,051P1ENP_1,32,2409183,,Scaffold,32.51,staphylococcus,0
GCA_022485125.1,HMT-120,Staphylococcus,haemolyticus,,C91NS1,35,2495391,,Scaffold,32.8,staphylococcus,0
GCA_022485285.1,HMT-120,Staphylococcus,haemolyticus,,85P1FS1,36,2340269,,Scaffold,32.57,staphylococcus,0
GCA_022485485.1,HMT-120,Staphylococcus,haemolyticus,,051P5ENP_1,42,2276175,,Scaffold,32.72,staphylococcus,0
GCA_022485685.1,HMT-120,Staphylococcus,haemolyticus,,C84FS2,46,2421236,,Scaffold,32.75,staphylococcus,0
GCA_022485725.1,HMT-120,Staphylococcus,haemolyticus,,051P4ENG_1,37,2477201,,Scaffold,32.61,staphylococcus,0
GCA_022485825.1,HMT-120,Staphylococcus,haemolyticus,,C61NS2,30,2419336,,Scaffold,32.74,staphylococcus,0
GCA_022486125.1,HMT-120,Staphylococcus,haemolyticus,,C86FS1,49,2461968,,Scaffold,32.73,staphylococcus,0
GCA_022486245.1,HMT-120,Staphylococcus,haemolyticus,,C38NS1,27,2506624,,Scaffold,32.7,staphylococcus,0
GCA_022486365.1,HMT-120,Staphylococcus,haemolyticus,,103P3NS1,19,2559563,,Scaffold,32.72,staphylococcus,0
GCA_022486405.1,HMT-120,Staphylococcus,haemolyticus,,37P8SUD1,30,2524658,,Scaffold,32.78,staphylococcus,0
GCA_022487705.1,HMT-120,Staphylococcus,haemolyticus,,008P5SUE2,28,2445437,,Scaffold,32.46,staphylococcus,0
GCA_022487725.1,HMT-120,Staphylococcus,haemolyticus,,007P2ENG3BHI,36,2378928,,Scaffold,32.57,staphylococcus,0
GCA_022487785.1,HMT-120,Staphylococcus,haemolyticus,,008P4SUE001,12,2456999,,Scaffold,32.62,staphylococcus,0
GCA_022690445.1,HMT-120,Staphylococcus,haemolyticus,,acroh,45,2407753,,Contig,32.49,staphylococcus,0
GCA_022690485.1,HMT-120,Staphylococcus,haemolyticus,,acroa,48,2337166,,Contig,32.66,staphylococcus,0
GCA_022690525.1,HMT-120,Staphylococcus,haemolyticus,,acrob,42,2368537,,Contig,32.6,staphylococcus,0
GCA_022690545.1,HMT-120,Staphylococcus,haemolyticus,,acrnz,49,2355844,,Contig,32.62,staphylococcus,0
GCA_022695905.1,HMT-120,Staphylococcus,haemolyticus,,1864,8,2591539,,Contig,32.66,staphylococcus,0
GCA_022695925.1,HMT-120,Staphylococcus,haemolyticus,,48,5,2611179,,Contig,32.7,staphylococcus,0
GCA_022811505.1,HMT-120,Staphylococcus,haemolyticus,,MSA_JNM56C1,1,2555440,,Chromosome,32.86,staphylococcus,0
GCA_024668745.2,HMT-120,Staphylococcus,haemolyticus,,4,1,2575474,,Chromosome,32.89,staphylococcus,0
GCA_024668785.2,HMT-120,Staphylococcus,haemolyticus,,6,2,2582674,,Chromosome,32.83,staphylococcus,0
GCA_024668805.2,HMT-120,Staphylococcus,haemolyticus,,5,2,2663947,,Chromosome,32.92,staphylococcus,0
GCA_024722415.1,HMT-120,Staphylococcus,haemolyticus,,4M,4,2608257,,Complete Genome,32.96,staphylococcus,0
GCA_027594605.1,HMT-120,Staphylococcus,haemolyticus,,CGMH-SH53,2,2586626,,Chromosome,32.72,staphylococcus,0
GCA_027594625.1,HMT-120,Staphylococcus,haemolyticus,,CGMH-SH51,2,2596982,,Complete Genome,32.74,staphylococcus,0
GCA_029023945.1,HMT-120,Staphylococcus,haemolyticus,,DSM 20263,3,2571027,,Complete Genome,32.88,staphylococcus,0
GCA_029917045.1,HMT-120,Staphylococcus,haemolyticus,,SH1275,4,2619402,,Complete Genome,32.76,staphylococcus,0
GCA_029917065.1,HMT-120,Staphylococcus,haemolyticus,,SH9361,3,2511057,,Complete Genome,32.82,staphylococcus,0
GCA_030264095.1,HMT-120,Staphylococcus,haemolyticus,,M1691_10,3,2471657,,Complete Genome,32.93,staphylococcus,0
GCA_030435855.1,HMT-120,Staphylococcus,haemolyticus,,CCSH-121,3,2490837,,Complete Genome,32.84,staphylococcus,0
GCA_030435935.1,HMT-120,Staphylococcus,haemolyticus,,CJFE-402M,3,2610080,,Complete Genome,32.88,staphylococcus,0
GCA_030644245.1,HMT-120,Staphylococcus,haemolyticus,,F0718,1,2497780,,Complete Genome,32.82,staphylococcus,0
GCA_900240195.1,HMT-120,Staphylococcus,haemolyticus,,Staphylococcus haemolyticus K8,1,2426012,,Chromosome,32.79,staphylococcus,0
GCA_900458595.1,HMT-120,Staphylococcus,haemolyticus,,NCTC11042,4,2569468,,Contig,32.88,staphylococcus,0
GCA_001051895.1,HMT-127,Staphylococcus,hominis,,As3,15,1983631,,Contig,31.68,staphylococcus,0
GCA_001051905.1,HMT-127,Staphylococcus,hominis,,As1,17,2113143,,Contig,31.65,staphylococcus,0
GCA_001051915.1,HMT-127,Staphylococcus,hominis,,As2,16,2124015,,Contig,31.58,staphylococcus,0
GCA_002850375.1,HMT-127,Staphylococcus,hominis,,K1,1,2253412,,Complete Genome,31.36,staphylococcus,0
GCA_002860985.1,HMT-127,Staphylococcus,hominis,,UMB0272,18,2218470,,Scaffold,31.28,staphylococcus,0
GCA_002901845.1,HMT-127,Staphylococcus,hominis,,NCTC 11320,30,2204528,,Scaffold,31.4,staphylococcus,0
GCA_002951505.1,HMT-127,Staphylococcus,hominis,,C34847,1,2273112,,Complete Genome,31.6,staphylococcus,0
GCA_002954105.1,HMT-127,Staphylococcus,hominis,,FDAARGOS_136,7,2268051,,Chromosome,31.58,staphylococcus,0
GCA_003812505.1,HMT-127,Staphylococcus,hominis,,FDAARGOS_575,3,2257431,,Complete Genome,31.61,staphylococcus,0
GCA_004365845.1,HMT-127,Staphylococcus,hominis,,AtDRG32,15,2179656,,Scaffold,31.38,staphylococcus,0
GCA_005502385.1,HMT-127,Staphylococcus,hominis,,L2B,28,2174619,,Contig,31.36,staphylococcus,0
GCA_007004175.1,HMT-127,Staphylococcus,hominis,,SDA3,34,2289009,,Contig,31.46,staphylococcus,0
GCA_007004245.1,HMT-127,Staphylococcus,hominis,,SDC3,20,2178430,,Contig,31.39,staphylococcus,0
GCA_007004385.1,HMT-127,Staphylococcus,hominis,,SDB3,33,2212016,,Contig,31.43,staphylococcus,0
GCA_007814725.1,HMT-127,Staphylococcus,hominis,,19A,3,2281220,,Complete Genome,31.68,staphylococcus,0
GCA_009663945.1,HMT-127,Staphylococcus,hominis,,SHYJILJH,20,2214275,,Contig,31.29,staphylococcus,0
GCA_009730115.1,HMT-127,Staphylococcus,hominis,,FDAARGOS_747,4,2242116,,Complete Genome,31.53,staphylococcus,0
GCA_009730135.1,HMT-127,Staphylococcus,hominis,,FDAARGOS_746,3,2372192,,Complete Genome,31.61,staphylococcus,0
GCA_009897275.1,HMT-127,Staphylococcus,hominis,,APC 3824,33,2292997,,Contig,31.27,staphylococcus,0
GCA_012273435.1,HMT-127,Staphylococcus,hominis,,FDAARGOS_745,3,2359666,,Chromosome,31.44,staphylococcus,0
GCA_013267575.1,HMT-127,Staphylococcus,hominis,,FDAARGOS_762,5,2255507,,Complete Genome,31.54,staphylococcus,0
GCA_013364435.1,HMT-127,Staphylococcus,hominis,,FDAARGOS_748,5,2338044,,Chromosome,31.63,staphylococcus,0
GCA_014264985.1,HMT-127,Staphylococcus,hominis,,IIF3SC-B11-FOX,26,2243268,,Scaffold,31.42,staphylococcus,0
GCA_014264995.1,HMT-127,Staphylococcus,hominis,,IIF3SC-B11-P,26,2243589,,Contig,31.42,staphylococcus,0
GCA_014265005.1,HMT-127,Staphylococcus,hominis,,IIF3SW-P2-NN,27,2245297,,Scaffold,31.43,staphylococcus,0
GCA_014265015.1,HMT-127,Staphylococcus,hominis,,IIF3SC-B11-OX,29,2243827,,Scaffold,31.42,staphylococcus,0
GCA_014265025.1,HMT-127,Staphylococcus,hominis,,IIF3SW-P2-P,29,2244759,,Scaffold,31.43,staphylococcus,0
GCA_014265085.1,HMT-127,Staphylococcus,hominis,,IIF3SW-P1-OX,27,2244342,,Contig,31.43,staphylococcus,0
GCA_014265095.1,HMT-127,Staphylococcus,hominis,,IIF3SW-P2-FOX,27,2244014,,Scaffold,31.42,staphylococcus,0
GCA_014265125.1,HMT-127,Staphylococcus,hominis,,IIF3SW-P1-RA,28,2243671,,Scaffold,31.42,staphylococcus,0
GCA_014265215.1,HMT-127,Staphylococcus,hominis,,IIF3SW-P1-FOX,30,2244373,,Contig,31.42,staphylococcus,0
GCA_014266385.1,HMT-127,Staphylococcus,hominis,,IIF7SC-B2,29,2113506,,Contig,31.45,staphylococcus,0
GCA_014266505.1,HMT-127,Staphylococcus,hominis,,IIF4SC-B5,27,2203387,,Contig,31.41,staphylococcus,0
GCA_014266525.1,HMT-127,Staphylococcus,hominis,,IIF3SC-B11,29,2245911,,Scaffold,31.43,staphylococcus,0
GCA_014266705.1,HMT-127,Staphylococcus,hominis,,IIF4SC-B9,29,2207922,,Contig,31.44,staphylococcus,0
GCA_014266895.1,HMT-127,Staphylococcus,hominis,,IIF3SW-P2,23,2245723,,Scaffold,31.43,staphylococcus,0
GCA_014266935.1,HMT-127,Staphylococcus,hominis,,IIF3SW-P1,28,2245823,,Scaffold,31.43,staphylococcus,0
GCA_014267295.1,HMT-127,Staphylococcus,hominis,,IIF4SC-B4,29,2198199,,Scaffold,31.42,staphylococcus,0
GCA_014645875.1,HMT-127,Staphylococcus,hominis,,CGMCC 4.7143,39,2184290,,Contig,31.39,staphylococcus,0
GCA_015274675.1,HMT-127,Staphylococcus,hominis,,R6016,34,2244822,,Contig,31.51,staphylococcus,0
GCA_016623665.1,HMT-127,Staphylococcus,hominis,,FDAARGOS_1043,18,2678023,,Scaffold,31.59,staphylococcus,0
GCA_017315645.1,HMT-127,Staphylococcus,hominis,,HAA31,30,2172017,,Contig,31.42,staphylococcus,0
GCA_018456105.1,HMT-127,Staphylococcus,hominis,,MBF12-19J,2,2295496,,Contig,31.54,staphylococcus,0
GCA_019149255.1,HMT-127,Staphylococcus,hominis,,K24,27,2162928,,Contig,31.25,staphylococcus,0
GCA_020740045.1,HMT-127,Staphylococcus,hominis,,AATZL,22,2277719,,Contig,31.35,staphylococcus,0
GCA_020740115.1,HMT-127,Staphylococcus,hominis,,AATZB,29,2277881,,Contig,31.27,staphylococcus,0
GCA_021366525.1,HMT-127,Staphylococcus,hominis,,Ani-LG-162,27,2226036,,Contig,31.38,staphylococcus,0
GCA_021366695.1,HMT-127,Staphylococcus,hominis,,Ani-LG-137,28,2244302,,Contig,31.35,staphylococcus,0
GCA_021366975.1,HMT-127,Staphylococcus,hominis,,Ani-LG-038,30,2191896,,Contig,31.41,staphylococcus,0
GCA_021497065.1,HMT-127,Staphylococcus,hominis,,S34-1,3,2254542,,Complete Genome,31.44,staphylococcus,0
GCA_022689575.1,HMT-127,Staphylococcus,hominis,,acrlz,31,2259789,,Contig,31.27,staphylococcus,0
GCA_022689645.1,HMT-127,Staphylococcus,hominis,,acrln,34,2277235,,Contig,31.25,staphylococcus,0
GCA_022689665.1,HMT-127,Staphylococcus,hominis,,acrly,28,2260117,,Contig,31.26,staphylococcus,0
GCA_022689725.1,HMT-127,Staphylococcus,hominis,,acrlx,31,2258694,,Contig,31.27,staphylococcus,0
GCA_022689775.1,HMT-127,Staphylococcus,hominis,,acrll,26,2284405,,Contig,31.25,staphylococcus,0
GCA_022689785.1,HMT-127,Staphylococcus,hominis,,acrmm,31,2217530,,Contig,31.27,staphylococcus,0
GCA_022689855.1,HMT-127,Staphylococcus,hominis,,acrlv,33,2309757,,Contig,31.19,staphylococcus,0
GCA_022689945.1,HMT-127,Staphylococcus,hominis,,acrlj,34,2276076,,Contig,31.34,staphylococcus,0
GCA_022690005.1,HMT-127,Staphylococcus,hominis,,acrlh,23,2268944,,Contig,31.2,staphylococcus,0
GCA_022690025.1,HMT-127,Staphylococcus,hominis,,acrlu,32,2266768,,Contig,31.32,staphylococcus,0
GCA_022690045.1,HMT-127,Staphylococcus,hominis,,acrlt,28,2267685,,Contig,31.19,staphylococcus,0
GCA_022690065.1,HMT-127,Staphylococcus,hominis,,acrmj,24,2194294,,Contig,31.34,staphylococcus,0
GCA_022690145.1,HMT-127,Staphylococcus,hominis,,acrlf,23,2213328,,Contig,31.32,staphylococcus,0
GCA_022690165.1,HMT-127,Staphylococcus,hominis,,acrle,24,2193257,,Contig,31.33,staphylococcus,0
GCA_022690185.1,HMT-127,Staphylococcus,hominis,,acrlr,23,2245889,,Contig,31.27,staphylococcus,0
GCA_022690225.1,HMT-127,Staphylococcus,hominis,,acrlq,27,2216034,,Contig,31.27,staphylococcus,0
GCA_022690265.1,HMT-127,Staphylococcus,hominis,,acrmp,22,2189068,,Contig,31.25,staphylococcus,0
GCA_022690275.1,HMT-127,Staphylococcus,hominis,,acrmr,27,2211478,,Contig,31.38,staphylococcus,0
GCA_022690295.1,HMT-127,Staphylococcus,hominis,,acrmv,27,2268824,,Contig,31.38,staphylococcus,0
GCA_022690325.1,HMT-127,Staphylococcus,hominis,,acrno,30,2229319,,Contig,31.4,staphylococcus,0
GCA_022690375.1,HMT-127,Staphylococcus,hominis,,acrmt,26,2286950,,Contig,31.26,staphylococcus,0
GCA_022690425.1,HMT-127,Staphylococcus,hominis,,acrmn,32,2343435,,Contig,31.26,staphylococcus,0
GCA_022693345.1,HMT-127,Staphylococcus,hominis,,C5,7,2447570,,Complete Genome,31.44,staphylococcus,0
GCA_022695885.1,HMT-127,Staphylococcus,hominis,,384,5,2315909,,Contig,31.57,staphylococcus,0
GCA_022695935.1,HMT-127,Staphylococcus,hominis,,371,4,2295464,,Contig,31.47,staphylococcus,0
GCA_023277465.1,HMT-127,Staphylococcus,hominis,,WiKim0113,1,2239213,,Complete Genome,31.53,staphylococcus,0
GCA_024586465.1,HMT-127,Staphylococcus,hominis,,706569/1,7,2494841,,Contig,31.6,staphylococcus,0
GCA_025143445.1,HMT-127,Staphylococcus,hominis,,p3-SID320,24,2252934,,Contig,31.47,staphylococcus,0
GCA_025558605.1,HMT-127,Staphylococcus,hominis,,IVB6247,1,2225204,,Complete Genome,31.61,staphylococcus,0
GCA_027689215.1,HMT-127,Staphylococcus,hominis,,TM114-130,24,2173824,,Scaffold,31.27,staphylococcus,0
GCA_027689245.1,HMT-127,Staphylococcus,hominis,,TM114-127,24,2182385,,Scaffold,31.32,staphylococcus,0
GCA_027689395.1,HMT-127,Staphylococcus,hominis,,TM114-05,26,2180566,,Scaffold,31.3,staphylococcus,0
GCA_027689675.1,HMT-127,Staphylococcus,hominis,,TM114-128,23,2177331,,Scaffold,31.3,staphylococcus,0
GCA_029926865.1,HMT-127,Staphylococcus,hominis,,ACVEJ,28,2293612,,Contig,31.36,staphylococcus,0
GCA_029926905.1,HMT-127,Staphylococcus,hominis,,ACVEI,29,2293973,,Contig,31.37,staphylococcus,0
GCA_029926915.1,HMT-127,Staphylococcus,hominis,,ACVEH,27,2233274,,Contig,31.43,staphylococcus,0
GCA_030014025.1,HMT-127,Staphylococcus,hominis,,7056,4,2251807,,Complete Genome,31.63,staphylococcus,0
GCA_030503475.1,HMT-127,Staphylococcus,hominis,,CONS_ST78,34,2174186,,Contig,31.4,staphylococcus,0
GCA_030503485.1,HMT-127,Staphylococcus,hominis,,CONS_83,25,2160289,,Contig,31.38,staphylococcus,0
GCA_030503545.1,HMT-127,Staphylococcus,hominis,,CONS_84,21,2161998,,Contig,31.38,staphylococcus,0
GCA_030540895.1,HMT-127,Staphylococcus,hominis,,G15S1,13,2216911,,Contig,31.38,staphylococcus,0
GCA_900006675.1,HMT-127,Staphylococcus,hominis,,J31,5,2324167,,Contig,31.46,staphylococcus,0
GCA_900033555.1,HMT-127,Staphylococcus,hominis,,2842STDY5753564,20,2207040,,Scaffold,31.36,staphylococcus,0
GCA_900109865.1,HMT-127,Staphylococcus,hominis,,NFPP34,34,2219443,,Contig,31.32,staphylococcus,0
GCA_900240155.1,HMT-127,Staphylococcus,hominis,,Staphylococcus hominis J11,1,2236788,,Chromosome,31.26,staphylococcus,0
GCA_900240185.1,HMT-127,Staphylococcus,hominis,,Staphylococcus hominis J6,1,2235839,,Chromosome,31.24,staphylococcus,0
GCA_900458635.1,HMT-127,Staphylococcus,hominis,,NCTC 11320,2,2257110,,Contig,31.65,staphylococcus,0
GCA_900458745.1,HMT-127,Staphylococcus,hominis,,NCTC 7802,2,2251523,,Contig,31.52,staphylococcus,0
GCA_947495435.1,HMT-127,Staphylococcus,hominis,,4-104.fasta,29,2198056,,Contig,31.42,staphylococcus,0
GCA_000025085.1,HMT-128,Staphylococcus,lugdunensis,,HKU09-01,1,2658366,,Complete Genome,33.87,staphylococcus,0
GCA_000185485.1,HMT-128,Staphylococcus,lugdunensis,,M23590,8,2523668,,Scaffold,33.79,staphylococcus,0
GCA_000247225.2,HMT-128,Staphylococcus,lugdunensis,,VCU139,69,2524140,,Contig,33.68,staphylococcus,0
GCA_000270465.1,HMT-128,Staphylococcus,lugdunensis,,N920143,1,2595888,,Complete Genome,33.82,staphylococcus,0
GCA_000316075.2,HMT-128,Staphylococcus,lugdunensis,,ACS-027-V-Sch2,4,2611013,,Scaffold,34.28,staphylococcus,0
GCA_000542395.1,HMT-128,Staphylococcus,lugdunensis,,UCIM6116,47,2554377,,Scaffold,33.62,staphylococcus,0
GCA_000649085.1,HMT-128,Staphylococcus,lugdunensis,,VCU150,28,2536050,,Contig,33.75,staphylococcus,0
GCA_000649125.1,HMT-128,Staphylococcus,lugdunensis,,VCU148,56,2514513,,Contig,33.7,staphylococcus,0
GCA_001558775.1,HMT-128,Staphylococcus,lugdunensis,,FDAARGOS_141,1,2571829,,Complete Genome,33.8,staphylococcus,0
GCA_001558815.2,HMT-128,Staphylococcus,lugdunensis,,FDAARGOS_143,1,2613879,,Complete Genome,33.95,staphylococcus,0
GCA_002073395.2,HMT-128,Staphylococcus,lugdunensis,,FDAARGOS_222,1,2540323,,Complete Genome,33.85,staphylococcus,0
GCA_002096075.1,HMT-128,Staphylococcus,lugdunensis,,VISLISI_37,1,2579522,,Chromosome,33.79,staphylococcus,0
GCA_002096115.1,HMT-128,Staphylococcus,lugdunensis,,VISLISI_21,1,2546158,,Chromosome,33.77,staphylococcus,0
GCA_002096135.1,HMT-128,Staphylococcus,lugdunensis,,VISLISI_25,1,2491642,,Chromosome,33.84,staphylococcus,0
GCA_002096155.1,HMT-128,Staphylococcus,lugdunensis,,VISLISI_27,2,2600937,,Chromosome,33.72,staphylococcus,0
GCA_002096975.1,HMT-128,Staphylococcus,lugdunensis,,C_33,3,2500687,,Chromosome,33.93,staphylococcus,0
GCA_002097035.1,HMT-128,Staphylococcus,lugdunensis,,VISLISI_22,2,2570886,,Chromosome,33.86,staphylococcus,0
GCA_002104555.1,HMT-128,Staphylococcus,lugdunensis,,VISLISI_33,2,2667001,,Chromosome,33.77,staphylococcus,0
GCA_002250095.2,HMT-128,Staphylococcus,lugdunensis,,K93G,1,2584152,,Complete Genome,33.81,staphylococcus,0
GCA_002407165.1,HMT-128,Staphylococcus,lugdunensis,,FDAARGOS_377,1,2571633,,Complete Genome,33.8,staphylococcus,0
GCA_002591215.1,HMT-128,Staphylococcus,lugdunensis,,FDAARGOS_381,2,2570702,,Complete Genome,33.81,staphylococcus,0
GCA_002901705.1,HMT-128,Staphylococcus,lugdunensis,,NCTC 12217,20,2519514,,Scaffold,33.74,staphylococcus,0
GCA_008728715.1,HMT-128,Staphylococcus,lugdunensis,,SL29,1,2660394,,Complete Genome,33.88,staphylococcus,0
GCA_008728735.1,HMT-128,Staphylococcus,lugdunensis,,SL55,1,2624231,,Complete Genome,33.89,staphylococcus,0
GCA_008728755.1,HMT-128,Staphylococcus,lugdunensis,,SL117,1,2652107,,Complete Genome,33.9,staphylococcus,0
GCA_008728775.1,HMT-128,Staphylococcus,lugdunensis,,SL118,1,2610930,,Complete Genome,33.79,staphylococcus,0
GCA_008728795.1,HMT-128,Staphylococcus,lugdunensis,,SL122,1,2647211,,Complete Genome,33.83,staphylococcus,0
GCA_008728815.1,HMT-128,Staphylococcus,lugdunensis,,SL13,1,2694981,,Complete Genome,33.84,staphylococcus,0
GCA_009931395.1,HMT-128,Staphylococcus,lugdunensis,,APC 3758,1,2570129,,Complete Genome,33.79,staphylococcus,0
GCA_011403135.1,HMT-128,Staphylococcus,lugdunensis,,JICS135,1,2687768,,Complete Genome,33.72,staphylococcus,0
GCA_014962425.1,HMT-128,Staphylococcus,lugdunensis,,IVK28,1,2567907,,Complete Genome,33.8,staphylococcus,0
GCA_016804245.1,HMT-128,Staphylococcus,lugdunensis,,MBAZ2,1,2606118,,Complete Genome,33.82,staphylococcus,0
GCA_016808995.1,HMT-128,Staphylococcus,lugdunensis,,s38,19,2535435,,Scaffold,33.66,staphylococcus,0
GCA_020682785.1,HMT-128,Staphylococcus,lugdunensis,,SS167_SL_UNIFESP,23,2548401,,Contig,33.7,staphylococcus,0
GCA_020882195.1,HMT-128,Staphylococcus,lugdunensis,,CGMH-SL118,1,2813336,,Complete Genome,33.75,staphylococcus,0
GCA_022568915.1,HMT-128,Staphylococcus,lugdunensis,,P5-13,32,2549897,,Contig,33.73,staphylococcus,0
GCA_022568935.1,HMT-128,Staphylococcus,lugdunensis,,D2-12,25,2532348,,Contig,33.66,staphylococcus,0
GCA_022568955.1,HMT-128,Staphylococcus,lugdunensis,,P8-10,42,2522674,,Contig,33.77,staphylococcus,0
GCA_022568975.1,HMT-128,Staphylococcus,lugdunensis,,E1-48,25,2586588,,Contig,33.71,staphylococcus,0
GCA_022568985.1,HMT-128,Staphylococcus,lugdunensis,,P6-7,34,2536521,,Contig,33.65,staphylococcus,0
GCA_022569015.1,HMT-128,Staphylococcus,lugdunensis,,B6-6,20,2547873,,Contig,33.64,staphylococcus,0
GCA_022569035.1,HMT-128,Staphylococcus,lugdunensis,,B6-3,23,2575268,,Contig,33.7,staphylococcus,0
GCA_022569055.1,HMT-128,Staphylococcus,lugdunensis,,B5-16,19,2560903,,Contig,33.73,staphylococcus,0
GCA_022569075.1,HMT-128,Staphylococcus,lugdunensis,,D2-19,12,2585050,,Contig,33.74,staphylococcus,0
GCA_022569085.1,HMT-128,Staphylococcus,lugdunensis,,D3-12,32,2649731,,Contig,33.69,staphylococcus,0
GCA_022569095.1,HMT-128,Staphylococcus,lugdunensis,,D4-9,15,2517845,,Contig,33.81,staphylococcus,0
GCA_022569135.1,HMT-128,Staphylococcus,lugdunensis,,E1-36,37,2576831,,Contig,33.81,staphylococcus,0
GCA_022569155.1,HMT-128,Staphylococcus,lugdunensis,,P2-40,33,2598745,,Contig,33.69,staphylococcus,0
GCA_022569175.1,HMT-128,Staphylococcus,lugdunensis,,IVK84,22,2586047,,Contig,33.69,staphylococcus,0
GCA_022569195.1,HMT-128,Staphylococcus,lugdunensis,,IVK68,18,2635037,,Contig,33.66,staphylococcus,0
GCA_022569205.1,HMT-128,Staphylococcus,lugdunensis,,D2-16,18,2535332,,Contig,33.7,staphylococcus,0
GCA_022569235.1,HMT-128,Staphylococcus,lugdunensis,,IVK28,24,2521981,,Contig,33.68,staphylococcus,0
GCA_022569245.1,HMT-128,Staphylococcus,lugdunensis,,14-2,31,2495017,,Contig,33.75,staphylococcus,0
GCA_022569275.1,HMT-128,Staphylococcus,lugdunensis,,3-Dec,17,2634709,,Contig,33.66,staphylococcus,0
GCA_022660955.1,HMT-128,Staphylococcus,lugdunensis,,E1-10,20,2516899,,Contig,33.7,staphylococcus,0
GCA_022689125.1,HMT-128,Staphylococcus,lugdunensis,,acrnn,38,2544169,,Contig,33.75,staphylococcus,0
GCA_022689145.1,HMT-128,Staphylococcus,lugdunensis,,acrnq,28,2575389,,Contig,33.67,staphylococcus,0
GCA_022689165.1,HMT-128,Staphylococcus,lugdunensis,,acrnm,34,2545411,,Contig,33.75,staphylococcus,0
GCA_022689185.1,HMT-128,Staphylococcus,lugdunensis,,acrnx,21,2580366,,Contig,33.66,staphylococcus,0
GCA_022689205.1,HMT-128,Staphylococcus,lugdunensis,,acrnv,31,2577496,,Contig,33.67,staphylococcus,0
GCA_022689225.1,HMT-128,Staphylococcus,lugdunensis,,acrnu,43,2571640,,Contig,33.65,staphylococcus,0
GCA_022689235.1,HMT-128,Staphylococcus,lugdunensis,,acrnk,24,2620375,,Contig,33.69,staphylococcus,0
GCA_022689255.1,HMT-128,Staphylococcus,lugdunensis,,acrnt,60,2635867,,Contig,33.66,staphylococcus,0
GCA_022689285.1,HMT-128,Staphylococcus,lugdunensis,,acrnh,32,2544697,,Contig,33.74,staphylococcus,0
GCA_022689305.1,HMT-128,Staphylococcus,lugdunensis,,acrnp,32,2577616,,Contig,33.67,staphylococcus,0
GCA_022689325.1,HMT-128,Staphylococcus,lugdunensis,,acrnj,23,2621768,,Contig,33.69,staphylococcus,0
GCA_022689335.1,HMT-128,Staphylococcus,lugdunensis,,acrnw,21,2577291,,Contig,33.77,staphylococcus,0
GCA_022689365.1,HMT-128,Staphylococcus,lugdunensis,,acrnr,29,2640633,,Contig,33.69,staphylococcus,0
GCA_022689385.1,HMT-128,Staphylococcus,lugdunensis,,acrns,55,2639987,,Contig,33.68,staphylococcus,0
GCA_022689405.1,HMT-128,Staphylococcus,lugdunensis,,acrng,38,2545528,,Contig,33.75,staphylococcus,0
GCA_022689425.1,HMT-128,Staphylococcus,lugdunensis,,acrnf,38,2545213,,Contig,33.75,staphylococcus,0
GCA_022689445.1,HMT-128,Staphylococcus,lugdunensis,,acrny,34,2542918,,Contig,33.74,staphylococcus,0
GCA_022689465.1,HMT-128,Staphylococcus,lugdunensis,,acrne,36,2545328,,Contig,33.75,staphylococcus,0
GCA_022689485.1,HMT-128,Staphylococcus,lugdunensis,,acrna,54,2525960,,Contig,33.66,staphylococcus,0
GCA_022689495.1,HMT-128,Staphylococcus,lugdunensis,,acrnc,49,2535567,,Contig,33.67,staphylococcus,0
GCA_022689525.1,HMT-128,Staphylococcus,lugdunensis,,acrnb,58,2527888,,Contig,33.67,staphylococcus,0
GCA_022689545.1,HMT-128,Staphylococcus,lugdunensis,,acrmz,36,2575402,,Contig,33.69,staphylococcus,0
GCA_022689605.1,HMT-128,Staphylococcus,lugdunensis,,acrnd,43,2521784,,Contig,33.77,staphylococcus,0
GCA_023508855.1,HMT-128,Staphylococcus,lugdunensis,,CGMH-SL131,1,2646605,,Complete Genome,33.73,staphylococcus,0
GCA_023508875.1,HMT-128,Staphylococcus,lugdunensis,,CGMH-SL138,1,2625330,,Complete Genome,33.78,staphylococcus,0
GCA_024104375.1,HMT-128,Staphylococcus,lugdunensis,,Q-087,33,2534192,,Contig,33.81,staphylococcus,0
GCA_024104395.1,HMT-128,Staphylococcus,lugdunensis,,Q-081,40,2623763,,Contig,33.71,staphylococcus,0
GCA_024104415.1,HMT-128,Staphylococcus,lugdunensis,,Q-046,38,2566020,,Contig,33.78,staphylococcus,0
GCA_024104435.1,HMT-128,Staphylococcus,lugdunensis,,Q-058,40,2605218,,Contig,33.71,staphylococcus,0
GCA_024104455.1,HMT-128,Staphylococcus,lugdunensis,,Q-026,40,2626353,,Contig,33.71,staphylococcus,0
GCA_024104475.1,HMT-128,Staphylococcus,lugdunensis,,K-015,34,2545458,,Contig,33.8,staphylococcus,0
GCA_024104495.1,HMT-128,Staphylococcus,lugdunensis,,K-060,45,2626997,,Contig,33.71,staphylococcus,0
GCA_024104505.1,HMT-128,Staphylococcus,lugdunensis,,K-016,38,2624890,,Contig,33.71,staphylococcus,0
GCA_025152445.1,HMT-128,Staphylococcus,lugdunensis,,p3-SID102,26,2526590,,Contig,33.68,staphylococcus,0
GCA_026427435.1,HMT-128,Staphylococcus,lugdunensis,,RMLUG1,4,2650399,,Complete Genome,33.69,staphylococcus,0
GCA_026427455.1,HMT-128,Staphylococcus,lugdunensis,,RMLUG2,3,2676510,,Complete Genome,33.93,staphylococcus,0
GCA_026427475.1,HMT-128,Staphylococcus,lugdunensis,,RMLUG3,3,2593363,,Complete Genome,33.74,staphylococcus,0
GCA_026427495.1,HMT-128,Staphylococcus,lugdunensis,,RMLUG4,3,2710045,,Complete Genome,33.73,staphylococcus,0
GCA_026427515.1,HMT-128,Staphylococcus,lugdunensis,,RMLUG5,1,2622429,,Complete Genome,33.86,staphylococcus,0
GCA_026427535.1,HMT-128,Staphylococcus,lugdunensis,,RMLUG6,3,2634289,,Complete Genome,33.7,staphylococcus,0
GCA_030224835.1,HMT-128,Staphylococcus,lugdunensis,,UMB1283,21,2553256,,Contig,33.71,staphylococcus,0
GCA_030228685.1,HMT-128,Staphylococcus,lugdunensis,,UMB10323,56,2546921,,Contig,33.67,staphylococcus,0
GCA_030230405.1,HMT-128,Staphylococcus,lugdunensis,,UMB7933,34,2458711,,Contig,33.77,staphylococcus,0
GCA_900474705.1,HMT-128,Staphylococcus,lugdunensis,,NCTC7990,1,2547699,,Complete Genome,33.85,staphylococcus,0
GCA_900478255.1,HMT-128,Staphylococcus,lugdunensis,,NCTC12217,1,2540333,,Complete Genome,33.85,staphylococcus,0
GCA_002442915.1,HMT-141,Staphylococcus,pasteuri,,JS7,3,2622223,,Complete Genome,31.59,staphylococcus,0
GCA_003970495.1,HMT-141,Staphylococcus,pasteuri,,DSM 10656,93,2462952,,Scaffold,31.41,staphylococcus,0
GCA_007814825.1,HMT-141,Staphylococcus,pasteuri,,3C,2,2566689,,Complete Genome,31.58,staphylococcus,0
GCA_016599795.1,HMT-141,Staphylococcus,pasteuri,,FDAARGOS_1069,2,2484808,,Complete Genome,31.58,staphylococcus,0
GCA_016725205.1,HMT-141,Staphylococcus,pasteuri,,FDAARGOS_1152,3,2556308,,Complete Genome,31.63,staphylococcus,0
GCA_016725285.1,HMT-141,Staphylococcus,pasteuri,,FDAARGOS_1151,4,2634722,,Complete Genome,31.62,staphylococcus,0
GCA_016751935.1,HMT-141,Staphylococcus,pasteuri,,FDAARGOS_1070,5,2226788,,Scaffold,31.56,staphylococcus,0
GCA_016888605.1,HMT-141,Staphylococcus,pasteuri,,FDAARGOS_1206,5,2687438,,Contig,31.63,staphylococcus,0
GCA_025558385.1,HMT-141,Staphylococcus,pasteuri,,IVB6198,2,2475360,,Complete Genome,31.61,staphylococcus,0
GCA_026636275.1,HMT-141,Staphylococcus,pasteuri,,PPE011,3,2617971,,Chromosome,31.53,staphylococcus,0
GCA_002208805.2,HMT-142,Staphylococcus,pettenkoferi,,FDAARGOS_288,1,2502360,,Complete Genome,38.92,staphylococcus,0
GCA_002884615.1,HMT-142,Staphylococcus,pettenkoferi,,UMB0834,22,2541352,,Scaffold,38.79,staphylococcus,0
GCA_002902685.1,HMT-142,Staphylococcus,pettenkoferi,,CCUG 51270,122,2455272,,Scaffold,38.91,staphylococcus,0
GCA_016127935.1,HMT-142,Staphylococcus,pettenkoferi,,FDAARGOS_1071,2,2493628,,Complete Genome,38.99,staphylococcus,0
GCA_019731485.1,HMT-142,Staphylococcus,pettenkoferi,,K49_2,26,2466980,,Contig,38.73,staphylococcus,0
GCA_026659915.1,HMT-142,Staphylococcus,pettenkoferi,,NSP001H,25,2515007,,Contig,38.62,staphylococcus,0
GCA_026659935.1,HMT-142,Staphylococcus,pettenkoferi,,NSP002H,21,2418100,,Contig,38.97,staphylococcus,0
GCA_026660155.1,HMT-142,Staphylococcus,pettenkoferi,,NSP021P,24,2476101,,Contig,38.86,staphylococcus,0
GCA_026660275.1,HMT-142,Staphylococcus,pettenkoferi,,NSP019P,26,2457863,,Contig,38.9,staphylococcus,0
GCA_030218345.1,HMT-142,Staphylococcus,pettenkoferi,,UMB0889A,14,2475105,,Contig,38.84,staphylococcus,0
GCA_003968885.1,HMT-789,Staphylococcus,saccharolyticus,,NCTC 11807,93,2350071,,Scaffold,32.03,staphylococcus,0
GCA_004291115.2,HMT-789,Staphylococcus,saccharolyticus,,13T0028,2,2352566,,Complete Genome,32.18,staphylococcus,0
GCA_004291125.1,HMT-789,Staphylococcus,saccharolyticus,,05B0362,10,2349349,,Contig,32.02,staphylococcus,0
GCA_004291175.2,HMT-789,Staphylococcus,saccharolyticus,,DVP5-16-4677,2,2396786,,Complete Genome,32.12,staphylococcus,0
GCA_004291195.1,HMT-789,Staphylococcus,saccharolyticus,,12B0021,11,2349395,,Contig,32.02,staphylococcus,0
GCA_016127715.1,HMT-789,Staphylococcus,saccharolyticus,,FDAARGOS_1074,1,2346516,,Complete Genome,32.2,staphylococcus,0
GCA_016791525.1,HMT-789,Staphylococcus,saccharolyticus,,13T098,10,2321374,,Contig,32.1,staphylococcus,0
GCA_016791565.1,HMT-789,Staphylococcus,saccharolyticus,,DVP1-17-1678,10,2348904,,Contig,32.02,staphylococcus,0
GCA_016791585.1,HMT-789,Staphylococcus,saccharolyticus,,DVP1-17-2344,10,2321278,,Contig,32.1,staphylococcus,0
GCA_900458815.1,HMT-789,Staphylococcus,saccharolyticus,,NCTC11807,2,2366437,,Contig,32.16,staphylococcus,0
GCA_003968865.1,HMT-233,Staphylococcus,schleiferi,,NCTC 12218,156,2473007,,Scaffold,35.93,staphylococcus,0
GCA_011137195.1,HMT-233,Staphylococcus,schleiferi,,ATCC 43808,88,2469638,,Contig,35.92,staphylococcus,0
GCA_015326085.1,HMT-233,Staphylococcus,schleiferi,,ssch2,1,2508082,,Complete Genome,36.03,staphylococcus,0
GCA_015326545.1,HMT-233,Staphylococcus,schleiferi,,ssch3,1,2508018,,Complete Genome,36.03,staphylococcus,0
GCA_025558345.1,HMT-233,Staphylococcus,schleiferi,,IVB6180,1,2520333,,Complete Genome,36.01,staphylococcus,0
GCA_025558365.1,HMT-233,Staphylococcus,schleiferi,,IVB6176,1,2560239,,Complete Genome,36.0,staphylococcus,0
GCA_900458895.2,HMT-233,Staphylococcus,schleiferi,,NCTC12218,1,2522243,,Complete Genome,36.03,staphylococcus,0
GCA_000332735.1,HMT-076,Staphylococcus,warneri,,SG1,9,2560716,,Complete Genome,32.69,staphylococcus,0
GCA_000494875.1,HMT-076,Staphylococcus,warneri,,SP1,1,2559946,,Complete Genome,32.71,staphylococcus,0
GCA_000736475.1,HMT-076,Staphylococcus,warneri,,NGS-ED-1001,12,2510278,,Contig,32.57,staphylococcus,0
GCA_001019115.2,HMT-076,Staphylococcus,warneri,,FDAARGOS_39,6,2598175,,Contig,32.7,staphylococcus,0
GCA_001471795.2,HMT-076,Staphylococcus,warneri,,FDAARGOS_151,3,2589814,,Contig,32.74,staphylococcus,0
GCA_002026425.1,HMT-076,Staphylococcus,warneri,,MMP1,44,2441279,,Scaffold,32.52,staphylococcus,0
GCA_002901765.1,HMT-076,Staphylococcus,warneri,,NCTC 11044,31,2401190,,Scaffold,32.67,staphylococcus,0
GCA_002940975.1,HMT-076,Staphylococcus,warneri,,UMB0328,15,2575792,,Contig,32.53,staphylococcus,0
GCA_003344065.1,HMT-076,Staphylococcus,warneri,,YZ-1,18,2659581,,Scaffold,32.53,staphylococcus,0
GCA_003438095.1,HMT-076,Staphylococcus,warneri,,OM08-17AT,28,2673248,,Scaffold,32.42,staphylococcus,0
GCA_003491325.1,HMT-076,Staphylococcus,warneri,,M0911,1,2438350,,Complete Genome,32.83,staphylococcus,0
GCA_003571725.1,HMT-076,Staphylococcus,warneri,,22.1,2,2541629,,Complete Genome,32.82,staphylococcus,0
GCA_003691405.1,HMT-076,Staphylococcus,warneri,,SWO,4,2572660,,Complete Genome,32.6,staphylococcus,0
GCA_003850105.1,HMT-076,Staphylococcus,warneri,,UGA3,25,2466813,,Contig,32.49,staphylococcus,0
GCA_003857195.1,HMT-076,Staphylococcus,warneri,,C2796,34,2538946,,Scaffold,32.43,staphylococcus,0
GCA_004117035.1,HMT-076,Staphylococcus,warneri,,SB1155,1,2469323,,Complete Genome,32.65,staphylococcus,0
GCA_004125365.1,HMT-076,Staphylococcus,warneri,,TRPF4,33,2634550,,Scaffold,32.58,staphylococcus,0
GCA_007814275.1,HMT-076,Staphylococcus,warneri,,16A,4,2770002,,Complete Genome,32.58,staphylococcus,0
GCA_007833855.1,HMT-076,Staphylococcus,warneri,,GD01,9,2544623,,Complete Genome,32.73,staphylococcus,0
GCA_009183435.1,HMT-076,Staphylococcus,warneri,,B2-b,16,2569126,,Scaffold,32.48,staphylococcus,0
GCA_013137955.1,HMT-076,Staphylococcus,warneri,,WB224,7,2571966,,Complete Genome,32.59,staphylococcus,0
GCA_013267715.1,HMT-076,Staphylococcus,warneri,,FDAARGOS_754,2,2460001,,Complete Genome,32.78,staphylococcus,0
GCA_014267135.1,HMT-076,Staphylococcus,warneri,,IIF4SW-P1,25,2566482,,Contig,32.57,staphylococcus,0
GCA_014495745.1,HMT-076,Staphylococcus,warneri,,WS479,3,2564394,,Complete Genome,32.81,staphylococcus,0
GCA_015273425.1,HMT-076,Staphylococcus,warneri,,R5991,15,2490175,,Contig,32.54,staphylococcus,0
GCA_015273445.1,HMT-076,Staphylococcus,warneri,,R5992,24,2529376,,Contig,32.53,staphylococcus,0
GCA_015273475.1,HMT-076,Staphylococcus,warneri,,R5990,19,2500591,,Contig,32.55,staphylococcus,0
GCA_015274065.1,HMT-076,Staphylococcus,warneri,,R6028,24,2556053,,Contig,32.5,staphylococcus,0
GCA_015274105.1,HMT-076,Staphylococcus,warneri,,R6027,25,2576096,,Contig,32.49,staphylococcus,0
GCA_015274175.1,HMT-076,Staphylococcus,warneri,,R6024,24,2569567,,Contig,32.48,staphylococcus,0
GCA_015548525.1,HMT-076,Staphylococcus,warneri,,J1101437_171009_F1,28,2569939,,Scaffold,32.55,staphylococcus,0
GCA_017086425.1,HMT-076,Staphylococcus,warneri,,SB1-57,4,2438595,,Complete Genome,32.74,staphylococcus,0
GCA_017167635.1,HMT-076,Staphylococcus,warneri,,F5_7S_P4,26,2558875,,Contig,32.46,staphylococcus,0
GCA_017898045.1,HMT-076,Staphylococcus,warneri,,MBF02_19J,12,2521958,,Contig,32.79,staphylococcus,0
GCA_019714115.1,HMT-076,Staphylococcus,warneri,,AF1741,23,2551375,,Contig,32.43,staphylococcus,0
GCA_021117155.1,HMT-076,Staphylococcus,warneri,,HL28,3,2562829,,Complete Genome,32.68,staphylococcus,0
GCA_021189295.1,HMT-076,Staphylococcus,warneri,,N95,33,2446622,,Contig,32.55,staphylococcus,0
GCA_021189315.1,HMT-076,Staphylococcus,warneri,,N92,28,2446223,,Contig,32.55,staphylococcus,0
GCA_021366815.1,HMT-076,Staphylococcus,warneri,,Ani-LG-057,36,2556958,,Contig,32.53,staphylococcus,0
GCA_021497985.1,HMT-076,Staphylococcus,warneri,,Cap 100.1,4,2474749,,Complete Genome,32.69,staphylococcus,0
GCA_021728465.1,HMT-076,Staphylococcus,warneri,,8SE,27,2556753,,Contig,32.48,staphylococcus,0
GCA_022291075.1,HMT-076,Staphylococcus,warneri,,Cap 10.1,14,2495971,,Scaffold,32.63,staphylococcus,0
GCA_022291085.1,HMT-076,Staphylococcus,warneri,,Cap 9.1,12,2484974,,Scaffold,32.64,staphylococcus,0
GCA_022291115.1,HMT-076,Staphylococcus,warneri,,Cap 9.2,21,2578828,,Scaffold,32.6,staphylococcus,0
GCA_022291155.1,HMT-076,Staphylococcus,warneri,,Cap 10.2,14,2496149,,Scaffold,32.62,staphylococcus,0
GCA_022291175.1,HMT-076,Staphylococcus,warneri,,Cap 100.2,14,2496383,,Scaffold,32.63,staphylococcus,0
GCA_022291195.1,HMT-076,Staphylococcus,warneri,,Cap 101.2,15,2499240,,Scaffold,32.62,staphylococcus,0
GCA_022291215.1,HMT-076,Staphylococcus,warneri,,Cap 101.1,14,2496160,,Scaffold,32.62,staphylococcus,0
GCA_022346515.1,HMT-076,Staphylococcus,warneri,,ACRRM,28,2490980,,Contig,32.53,staphylococcus,0
GCA_022688765.1,HMT-076,Staphylococcus,warneri,,acrmw,27,2523508,,Contig,32.48,staphylococcus,0
GCA_022688935.1,HMT-076,Staphylococcus,warneri,,acros,34,2601616,,Contig,32.42,staphylococcus,0
GCA_022688945.1,HMT-076,Staphylococcus,warneri,,acroi,28,2470727,,Contig,32.5,staphylococcus,0
GCA_022688985.1,HMT-076,Staphylococcus,warneri,,acroj,33,2632495,,Contig,32.55,staphylococcus,0
GCA_022689005.1,HMT-076,Staphylococcus,warneri,,acror,33,2584632,,Contig,32.46,staphylococcus,0
GCA_022689035.1,HMT-076,Staphylococcus,warneri,,acroq,27,2468930,,Contig,32.49,staphylococcus,0
GCA_022815255.1,HMT-076,Staphylococcus,warneri,,NJ2,44,2619647,,Contig,32.54,staphylococcus,0
GCA_022815285.1,HMT-076,Staphylococcus,warneri,,NJ1,35,2466249,,Contig,32.56,staphylococcus,0
GCA_022815345.1,HMT-076,Staphylococcus,warneri,,NJ7,42,2579267,,Contig,32.5,staphylococcus,0
GCA_022815405.1,HMT-076,Staphylococcus,warneri,,NJ6,42,2552797,,Contig,32.54,staphylococcus,0
GCA_022815445.1,HMT-076,Staphylococcus,warneri,,NJ3,40,2571928,,Contig,32.51,staphylococcus,0
GCA_022815485.1,HMT-076,Staphylococcus,warneri,,NJ5,43,2573752,,Contig,32.5,staphylococcus,0
GCA_023147355.1,HMT-076,Staphylococcus,warneri,,EYE_450,40,2637367,,Scaffold,32.47,staphylococcus,0
GCA_023148415.1,HMT-076,Staphylococcus,warneri,,EYE_117,23,2552276,,Contig,32.52,staphylococcus,0
GCA_023148425.1,HMT-076,Staphylococcus,warneri,,EYE_410,22,2552706,,Contig,32.52,staphylococcus,0
GCA_023149075.1,HMT-076,Staphylococcus,warneri,,EYE_411,23,2609711,,Scaffold,32.46,staphylococcus,0
GCA_023712675.1,HMT-076,Staphylococcus,warneri,,MSL 316.2,37,2550295,,Contig,32.48,staphylococcus,0
GCA_023713505.1,HMT-076,Staphylococcus,warneri,,MER TA 18,27,2424208,,Contig,32.65,staphylococcus,0
GCA_024655805.1,HMT-076,Staphylococcus,warneri,,49.2.7,23,2479650,,Scaffold,32.48,staphylococcus,0
GCA_024668655.2,HMT-076,Staphylococcus,warneri,,11,2,2494910,,Chromosome,32.77,staphylococcus,0
GCA_025145625.2,HMT-076,Staphylococcus,warneri,,p3-SID855,4,2555736,,Contig,32.64,staphylococcus,0
GCA_025145695.1,HMT-076,Staphylococcus,warneri,,p3-SID856,45,2555542,,Contig,32.4,staphylococcus,0
GCA_025150105.1,HMT-076,Staphylococcus,warneri,,p3-SID858,41,2555453,,Contig,32.4,staphylococcus,0
GCA_025166855.1,HMT-076,Staphylococcus,warneri,,LK1468,36,2441264,,Contig,32.57,staphylococcus,0
GCA_028464135.1,HMT-076,Staphylococcus,warneri,,G1M1F,32,2541809,,Contig,32.5,staphylococcus,0
GCA_029023845.1,HMT-076,Staphylococcus,warneri,,DSM 20316,1,2428398,,Complete Genome,32.83,staphylococcus,0
GCA_029918605.1,HMT-076,Staphylococcus,warneri,,ADPVB,46,2434493,,Contig,32.64,staphylococcus,0
GCA_029918745.1,HMT-076,Staphylococcus,warneri,,ADPUU,39,2531323,,Contig,32.57,staphylococcus,0
GCA_029918815.1,HMT-076,Staphylococcus,warneri,,ADPUS,41,2434872,,Contig,32.64,staphylococcus,0
GCA_029925185.1,HMT-076,Staphylococcus,warneri,,ACVGS,21,2512920,,Contig,32.57,staphylococcus,0
GCA_029925195.1,HMT-076,Staphylococcus,warneri,,ACVGP,24,2512058,,Contig,32.56,staphylococcus,0
GCA_029926535.1,HMT-076,Staphylococcus,warneri,,ACVGF,17,2512570,,Contig,32.57,staphylococcus,0
GCA_029926565.1,HMT-076,Staphylococcus,warneri,,ACVGG,19,2511885,,Contig,32.56,staphylococcus,0
GCA_029926605.1,HMT-076,Staphylococcus,warneri,,ACVGE,22,2512009,,Contig,32.57,staphylococcus,0
GCA_029929545.1,HMT-076,Staphylococcus,warneri,,ACVGR,31,2508211,,Contig,32.57,staphylococcus,0
GCA_029929625.1,HMT-076,Staphylococcus,warneri,,ACVCM,16,2511729,,Contig,32.56,staphylococcus,0
GCA_030177215.1,HMT-076,Staphylococcus,warneri,,AM_AQ_BC5,44,2433960,,Contig,32.52,staphylococcus,0
GCA_030177225.1,HMT-076,Staphylococcus,warneri,,AM_AQ_BC3,28,2522491,,Contig,32.48,staphylococcus,0
GCA_030218885.1,HMT-076,Staphylococcus,warneri,,UMB0017A,43,2557073,,Contig,32.49,staphylococcus,0
GCA_030225245.1,HMT-076,Staphylococcus,warneri,,UMB0026,31,2463277,,Contig,32.51,staphylococcus,0
GCA_030225305.1,HMT-076,Staphylococcus,warneri,,UMB0017B,31,2541978,,Contig,32.44,staphylococcus,0
GCA_030228345.1,HMT-076,Staphylococcus,warneri,,UMB0030B,22,2468379,,Contig,32.54,staphylococcus,0
GCA_030230925.1,HMT-076,Staphylococcus,warneri,,UMB0046.C,27,2556987,,Contig,32.4,staphylococcus,0
GCA_030360715.1,HMT-076,Staphylococcus,warneri,,TOM.1367,30,2571938,,Contig,32.46,staphylococcus,0
GCA_900458715.1,HMT-076,Staphylococcus,warneri,,NCTC10518,2,2498415,,Contig,32.72,staphylococcus,0
GCA_900636255.1,HMT-076,Staphylococcus,warneri,,NCTC4133,1,2430678,,Complete Genome,32.83,staphylococcus,0
GCA_900636265.1,HMT-076,Staphylococcus,warneri,,NCTC7291,1,2451975,,Complete Genome,32.84,staphylococcus,0
GCA_900636385.1,HMT-076,Staphylococcus,warneri,,NCTC11044,1,2427576,,Complete Genome,32.83,staphylococcus,0
GCA_902385495.1,HMT-076,Staphylococcus,warneri,,MGYG-HGUT-02301,28,2673248,,Scaffold,32.42,staphylococcus,0
GCA_910574905.1,HMT-076,Staphylococcus,warneri,,A42_34_SW_DSS,24,2502595,,Contig,32.49,staphylococcus,0
GCA_000020665.1,HMT-663,Stenotrophomonas,maltophilia,,R551-3,1,4573969,,Complete Genome,66.3,stenotrophomonas,0
GCA_001591205.1,HMT-663,Stenotrophomonas,maltophilia,,NBRC 14161,131,4936723,,Contig,66.19,stenotrophomonas,0
GCA_001997185.1,HMT-663,Stenotrophomonas,maltophilia,,ATCC 13637,182,4951541,,Scaffold,66.18,stenotrophomonas,0
GCA_002138415.1,HMT-663,Stenotrophomonas,maltophilia,,OUC_Est10,1,4668743,,Complete Genome,66.25,stenotrophomonas,0
GCA_003205835.1,HMT-663,Stenotrophomonas,maltophilia,,SJTL3,1,4891004,,Complete Genome,66.27,stenotrophomonas,0
GCA_004346925.1,HMT-663,Stenotrophomonas,maltophilia,,ASS1,1,4564481,,Complete Genome,66.38,stenotrophomonas,0
GCA_006974125.1,HMT-663,Stenotrophomonas,maltophilia,,X28,1,4554224,,Complete Genome,66.52,stenotrophomonas,0
GCA_025617355.1,HMT-663,Stenotrophomonas,maltophilia,,CGMCC 1.1788,70,4956694,,Scaffold,66.19,stenotrophomonas,0
GCA_900186865.1,HMT-663,Stenotrophomonas,maltophilia,,NCTC10257,1,5004261,,Complete Genome,66.12,stenotrophomonas,0
GCA_001422025.1,HMT-037,Stenotrophomonas,nitritireducens,,Leaf70,11,4032657,,Scaffold,68.55,stenotrophomonas,0
GCA_001431425.1,HMT-037,Stenotrophomonas,nitritireducens,,DSM 12575,95,3983487,,Contig,68.34,stenotrophomonas,0
GCA_001562215.1,HMT-037,Stenotrophomonas,nitritireducens,,YM1,1,4541594,,Complete Genome,63.83,stenotrophomonas,0
GCA_001700965.1,HMT-037,Stenotrophomonas,nitritireducens,,2001,1,4541729,,Complete Genome,63.83,stenotrophomonas,0
GCA_017304535.1,HMT-037,Stenotrophomonas,nitritireducens,,SCN18_13_7_16_R1_B_68_91,21,4001815,,Contig,68.49,stenotrophomonas,0
GCA_029959705.1,HMT-037,Stenotrophomonas,nitritireducens,,PS02297,270,4171120,,Contig,68.5,stenotrophomonas,0
GCA_000242235.1,HMT-419,Stomatobaculum,longum,,ACC2,5,2313632,,Scaffold,55.15,stomatobaculum,0
GCA_902481595.1,HMT-419,Stomatobaculum,longum,,MGYG-HGUT-03001,24,1905072,,Contig,56.08,stomatobaculum,0
GCA_905372645.1,HMT-419,Stomatobaculum,longum,,SRR9217423-mag-bin.14,149,2028958,yes,Contig,55.61,stomatobaculum,0
GCA_916720395.1,HMT-419,Stomatobaculum,longum,,SRR15235662_bin.6_metaWRAP_v1.1_MAG,234,1704558,yes,Contig,56.66,stomatobaculum,0
GCA_938028245.1,HMT-419,Stomatobaculum,longum,,ERR589636_bin.74_CONCOCT_v1.1_MAG,72,2312090,yes,Contig,54.64,stomatobaculum,0
GCA_000186445.1,HMT-537,Streptococcus,agalactiae,,ATCC 13813,21,2287892,,Scaffold,40.16,streptococcus,0
GCA_002197205.1,HMT-537,Streptococcus,agalactiae,,CUGBS591,1,2227680,,Complete Genome,35.75,streptococcus,0
GCA_002881355.1,HMT-537,Streptococcus,agalactiae,,SA85,1,1849989,,Complete Genome,35.49,streptococcus,0
GCA_002881535.1,HMT-537,Streptococcus,agalactiae,,SA220,1,1841963,,Complete Genome,35.48,streptococcus,0
GCA_002882375.1,HMT-537,Streptococcus,agalactiae,,SA330,1,1842081,,Complete Genome,35.47,streptococcus,0
GCA_006874565.1,HMT-537,Streptococcus,agalactiae,,PLGBS13,1,2095031,,Complete Genome,35.52,streptococcus,0
GCA_013414325.1,HMT-537,Streptococcus,agalactiae,,S9968,1,2201113,,Complete Genome,35.73,streptococcus,0
GCA_031203395.1,HMT-537,Streptococcus,agalactiae,,BCJB3344,1,2222638,,Complete Genome,35.52,streptococcus,0
GCA_900458965.1,HMT-537,Streptococcus,agalactiae,,NCTC8181,12,2448053,,Contig,35.73,streptococcus,0
GCA_949788945.1,HMT-537,Streptococcus,agalactiae,,MRI Z2-158,1,2088496,,Complete Genome,35.51,streptococcus,0
GCA_000186545.1,HMT-543,Streptococcus,anginosus,,1_2_62CV,7,1821055,,Scaffold,38.99,streptococcus,0
GCA_000214555.2,HMT-543,Streptococcus,anginosus,,SK52,109,1892386,,Contig,38.65,streptococcus,0
GCA_000257765.1,HMT-543,Streptococcus,anginosus,,CCUG 39159,83,2294730,,Contig,38.5,streptococcus,0
GCA_000373605.1,HMT-543,Streptococcus,anginosus,,DSM 20563,14,1938196,,Scaffold,38.69,streptococcus,0
GCA_000463465.1,HMT-543,Streptococcus,anginosus,,C1051,1,1911706,,Complete Genome,38.97,streptococcus,0
GCA_000463505.1,HMT-543,Streptococcus,anginosus,,C238,1,2233640,,Complete Genome,38.23,streptococcus,0
GCA_000474055.1,HMT-543,Streptococcus,anginosus,,SK52,24,1900641,,Contig,38.64,streptococcus,0
GCA_000474095.1,HMT-543,Streptococcus,anginosus,,SK54,30,1900949,,Contig,38.64,streptococcus,0
GCA_000474155.1,HMT-543,Streptococcus,anginosus,,T5,42,1789216,,Contig,39.06,streptococcus,0
GCA_000478925.1,HMT-543,Streptococcus,anginosus,,MAS624,1,2122284,,Complete Genome,38.34,streptococcus,0
GCA_001074525.1,HMT-543,Streptococcus,anginosus,,83_SANG,50,1839495,,Contig,38.82,streptococcus,0
GCA_001412635.1,HMT-543,Streptococcus,anginosus,,J4211,1,1924513,,Complete Genome,38.99,streptococcus,0
GCA_001813035.1,HMT-543,Streptococcus,anginosus,,HMSC071H03,38,1942366,,Scaffold,39.07,streptococcus,0
GCA_001813805.1,HMT-543,Streptococcus,anginosus,,HMSC066F10,58,1926242,,Scaffold,38.78,streptococcus,0
GCA_001838535.1,HMT-543,Streptococcus,anginosus,,HMSC034F03,86,2085882,,Scaffold,38.7,streptococcus,0
GCA_001838575.1,HMT-543,Streptococcus,anginosus,,HMSC034B03,23,1916995,,Scaffold,38.94,streptococcus,0
GCA_002088025.1,HMT-543,Streptococcus,anginosus,,ATCC 33397,9,1904351,,Contig,38.63,streptococcus,0
GCA_002848085.1,HMT-543,Streptococcus,anginosus,,UMB0142,59,1960871,,Scaffold,38.57,streptococcus,0
GCA_002999475.1,HMT-543,Streptococcus,anginosus,,11,24,1850270,,Scaffold,38.85,streptococcus,0
GCA_002999555.1,HMT-543,Streptococcus,anginosus,,OUP21,26,1997328,,Contig,38.34,streptococcus,0
GCA_002999595.1,HMT-543,Streptococcus,anginosus,,OUP10,12,1863386,,Scaffold,38.68,streptococcus,0
GCA_003436905.1,HMT-543,Streptococcus,anginosus,,TF09-3AT,37,1982541,,Scaffold,38.68,streptococcus,0
GCA_003439105.1,HMT-543,Streptococcus,anginosus,,OM04-6BH,18,1893088,,Scaffold,38.73,streptococcus,0
GCA_003963555.1,HMT-543,Streptococcus,anginosus,,KCOM 2412,1,1903815,,Complete Genome,38.95,streptococcus,0
GCA_008726415.1,HMT-543,Streptococcus,anginosus,,UMB8390,87,2155037,,Contig,38.54,streptococcus,0
GCA_008726875.1,HMT-543,Streptococcus,anginosus,,UMB633,44,1943307,,Contig,38.44,streptococcus,0
GCA_015547285.1,HMT-543,Streptococcus,anginosus,,BSD2780120874b_170522_B1,57,2216880,,Scaffold,38.13,streptococcus,0
GCA_015594635.1,HMT-543,Streptococcus,anginosus,,HF-100,17,1889478,,Contig,38.66,streptococcus,0
GCA_015594645.1,HMT-543,Streptococcus,anginosus,,HF-2466,29,1975024,,Contig,38.98,streptococcus,0
GCA_016725185.1,HMT-543,Streptococcus,anginosus,,FDAARGOS_1155,1,2284041,,Complete Genome,38.04,streptococcus,0
GCA_019733875.1,HMT-543,Streptococcus,anginosus,,K27,11,1847941,,Scaffold,38.77,streptococcus,0
GCA_019733995.1,HMT-543,Streptococcus,anginosus,,K20,11,1950501,,Scaffold,38.66,streptococcus,0
GCA_019930105.1,HMT-543,Streptococcus,anginosus,,SK52 = DSM 20563,17,1901435,,Contig,38.62,streptococcus,0
GCA_020735765.1,HMT-543,Streptococcus,anginosus,,FDAARGOS_1569,1,1876334,,Complete Genome,38.69,streptococcus,0
GCA_023109095.1,HMT-543,Streptococcus,anginosus,,S63,55,2245303,,Scaffold,37.92,streptococcus,0
GCA_023109445.1,HMT-543,Streptococcus,anginosus,,S41,21,1886050,,Scaffold,38.74,streptococcus,0
GCA_023109975.1,HMT-543,Streptococcus,anginosus,,S16,16,1868094,,Scaffold,38.71,streptococcus,0
GCA_023110155.1,HMT-543,Streptococcus,anginosus,,S08,14,1870258,,Scaffold,38.71,streptococcus,0
GCA_023169525.1,HMT-543,Streptococcus,anginosus,,CCUG 27928,1,1955308,,Complete Genome,38.71,streptococcus,0
GCA_025908845.1,HMT-543,Streptococcus,anginosus,,UMB8342,33,1960857,,Contig,38.69,streptococcus,0
GCA_025908915.1,HMT-543,Streptococcus,anginosus,,UMB6654,28,1815868,,Contig,38.74,streptococcus,0
GCA_025909175.1,HMT-543,Streptococcus,anginosus,,UMB8047,17,1833499,,Contig,38.61,streptococcus,0
GCA_025909295.1,HMT-543,Streptococcus,anginosus,,UMB6516,78,2084610,,Contig,38.65,streptococcus,0
GCA_025909465.1,HMT-543,Streptococcus,anginosus,,UMB8810,270,2145621,,Contig,39.2,streptococcus,0
GCA_026784025.1,HMT-543,Streptococcus,anginosus,,1.00993E+11,27,1797386,,Contig,38.76,streptococcus,0
GCA_027658535.1,HMT-543,Streptococcus,anginosus,,AM109-19,27,1838285,,Scaffold,38.75,streptococcus,0
GCA_027660775.1,HMT-543,Streptococcus,anginosus,,AM100_PMO_1D_13A,27,1865134,,Scaffold,38.76,streptococcus,0
GCA_027672465.1,HMT-543,Streptococcus,anginosus,,AM113-93,19,1837737,,Scaffold,38.8,streptococcus,0
GCA_027672485.1,HMT-543,Streptococcus,anginosus,,AM113-92,34,1938107,,Scaffold,38.76,streptococcus,0
GCA_027672805.1,HMT-543,Streptococcus,anginosus,,AM113-67,23,1837705,,Scaffold,38.81,streptococcus,0
GCA_027673585.1,HMT-543,Streptococcus,anginosus,,AM113-188,38,1933320,,Scaffold,38.76,streptococcus,0
GCA_027685845.1,HMT-543,Streptococcus,anginosus,,AF11-3H,14,1901005,,Scaffold,38.68,streptococcus,0
GCA_027687505.1,HMT-543,Streptococcus,anginosus,,AF07-5B,47,1817571,,Scaffold,38.76,streptococcus,0
GCA_027698225.1,HMT-543,Streptococcus,anginosus,,AM93-01IFCA,34,1890459,,Scaffold,38.84,streptococcus,0
GCA_027722505.1,HMT-543,Streptococcus,anginosus,,AM109-43,32,1822684,,Scaffold,39.03,streptococcus,0
GCA_027723265.1,HMT-543,Streptococcus,anginosus,,AM109-95,30,1823752,,Scaffold,39.03,streptococcus,0
GCA_028326945.1,HMT-543,Streptococcus,anginosus,,BSD2780120874st1_H7_BSD2780120874b_170522,59,2202773,,Scaffold,38.13,streptococcus,0
GCA_030027035.1,HMT-543,Streptococcus,anginosus,,S6 5008-2,62,2001769,,Contig,38.67,streptococcus,0
GCA_030676835.1,HMT-543,Streptococcus,anginosus,,SMC5342,46,2186043,,Contig,38.11,streptococcus,0
GCA_900636475.1,HMT-543,Streptococcus,anginosus,,NCTC10713,1,1953654,,Complete Genome,38.71,streptococcus,0
GCA_901542485.1,HMT-543,Streptococcus,anginosus,,NCTC11064,1,1904537,,Complete Genome,38.66,streptococcus,0
GCA_901875545.1,HMT-543,Streptococcus,anginosus,,Streptococcus_anginosus_BgEED29,49,1934591,,Contig,38.86,streptococcus,0
GCA_902374285.1,HMT-543,Streptococcus,anginosus,,MGYG-HGUT-01362,7,1821055,,Scaffold,38.99,streptococcus,0
GCA_902827125.1,HMT-543,Streptococcus,anginosus,,Marseille-P9010,28,1850945,,Contig,38.78,streptococcus,0
GCA_905208655.1,HMT-543,Streptococcus,anginosus,,ERR1430443-bin.2,18,1825544,yes,Contig,38.57,streptococcus,0
GCA_938046685.1,HMT-543,Streptococcus,anginosus,,ERR1430443_bin.89_CONCOCT_v1.1_MAG,27,1885480,yes,Contig,38.64,streptococcus,0
GCA_000186465.1,HMT-073,Streptococcus,australis,,ATCC 700641,6,2129953,,Scaffold,42.45,streptococcus,0
GCA_000222745.2,HMT-073,Streptococcus,australis,,ATCC 700641,49,2131358,,Contig,41.97,streptococcus,0
GCA_001069335.1,HMT-073,Streptococcus,australis,,1171_SSPC,45,2042733,,Scaffold,41.8,streptococcus,0
GCA_001072385.1,HMT-073,Streptococcus,australis,,343_SSPC,29,2028369,,Contig,42.39,streptococcus,0
GCA_001072745.1,HMT-073,Streptococcus,australis,,400_SSPC,77,1946641,,Scaffold,42.24,streptococcus,0
GCA_001587175.1,HMT-073,Streptococcus,australis,,A12,1,1874337,,Complete Genome,42.21,streptococcus,0
GCA_003943625.1,HMT-073,Streptococcus,australis,,A13,23,1858755,,Contig,42.16,streptococcus,0
GCA_003943675.1,HMT-073,Streptococcus,australis,,G2,21,1924564,,Contig,41.97,streptococcus,0
GCA_003944345.1,HMT-073,Streptococcus,australis,,BCC21,16,1943002,,Contig,41.96,streptococcus,0
GCA_004125815.1,HMT-073,Streptococcus,australis,,NU89,22,1962410,,Contig,42.51,streptococcus,0
GCA_004166885.1,HMT-073,Streptococcus,australis,,bf_0095,7,1980231,,Contig,42.31,streptococcus,0
GCA_006385805.1,HMT-073,Streptococcus,australis,,E24,5,1950659,,Contig,42.03,streptococcus,0
GCA_009716795.1,HMT-073,Streptococcus,australis,,BIOML-A1,6,1980351,,Contig,42.31,streptococcus,0
GCA_015552665.1,HMT-073,Streptococcus,australis,,1001283B150225_161107_H12,14,2091267,,Scaffold,41.92,streptococcus,0
GCA_015559825.1,HMT-073,Streptococcus,australis,,D55t1_190419_A7,12,1958475,,Scaffold,42.21,streptococcus,0
GCA_015560905.1,HMT-073,Streptococcus,australis,,1001095H_141210_D1,110,1922598,,Contig,42.1,streptococcus,0
GCA_018364115.1,HMT-073,Streptococcus,australis,,L3_114_000M1_dasL3_114_000M1_concoct_45,73,1909634,yes,Contig,42.45,streptococcus,0
GCA_019930005.1,HMT-073,Streptococcus,australis,,KO70,181,1985150,,Contig,41.27,streptococcus,0
GCA_019930045.1,HMT-073,Streptococcus,australis,,KO69,138,2183701,,Contig,41.92,streptococcus,0
GCA_021341835.1,HMT-073,Streptococcus,australis,,XMC,18,2100255,,Scaffold,41.77,streptococcus,0
GCA_021595565.1,HMT-073,Streptococcus,australis,,GS001,10,1944550,,Scaffold,41.97,streptococcus,0
GCA_022240605.1,HMT-073,Streptococcus,australis,,DFI.7.26,82,2000983,,Contig,41.73,streptococcus,0
GCA_030228465.1,HMT-073,Streptococcus,australis,,UMB5615B,15,1898495,,Contig,42.04,streptococcus,0
GCA_030233945.1,HMT-073,Streptococcus,australis,,UMB5615A,15,1899335,,Contig,42.05,streptococcus,0
GCA_900476055.1,HMT-073,Streptococcus,australis,,NCTC13166,1,2161464,,Complete Genome,41.94,streptococcus,0
GCA_902363295.1,HMT-073,Streptococcus,australis,,MGYG-HGUT-00109,7,2017290,,Scaffold,42.09,streptococcus,0
GCA_000223295.2,HMT-576,Streptococcus,constellatus,,SK1060,10,1963771,,Contig,37.99,streptococcus,0
GCA_000234015.1,HMT-576,Streptococcus,constellatus,,F0395,11,1934050,,Scaffold,38.16,streptococcus,0
GCA_000257785.1,HMT-576,Streptococcus,constellatus,,SK53,54,1840061,,Contig,37.92,streptococcus,0
GCA_000463395.1,HMT-576,Streptococcus,constellatus,,C232,1,1935414,,Complete Genome,38.18,streptococcus,0
GCA_000463425.1,HMT-576,Streptococcus,constellatus,,C1050,1,1991156,,Complete Genome,38.13,streptococcus,0
GCA_000463445.1,HMT-576,Streptococcus,constellatus,,C818,1,1935662,,Complete Genome,38.18,streptococcus,0
GCA_000474075.1,HMT-576,Streptococcus,constellatus,,SK53,89,1855617,,Contig,37.94,streptococcus,0
GCA_000474135.1,HMT-576,Streptococcus,constellatus,,CCUG 46377,66,1950566,,Contig,37.94,streptococcus,0
GCA_000524255.1,HMT-576,Streptococcus,constellatus,,AS20,17,1855240,,Contig,37.89,streptococcus,0
GCA_000814045.1,HMT-576,Streptococcus,constellatus,,KCOM 1650,5,1965746,,Contig,38.04,streptococcus,0
GCA_001072275.1,HMT-576,Streptococcus,constellatus,,317_SINT,48,1853071,,Contig,38.02,streptococcus,0
GCA_001073405.1,HMT-576,Streptococcus,constellatus,,567_SINT,59,2069778,,Scaffold,37.99,streptococcus,0
GCA_001074375.1,HMT-576,Streptococcus,constellatus,,783_SANG,69,1913462,,Scaffold,37.9,streptococcus,0
GCA_001075725.1,HMT-576,Streptococcus,constellatus,,925_SCON,124,2043273,,Contig,37.92,streptococcus,0
GCA_001471735.2,HMT-576,Streptococcus,constellatus,,FDAARGOS_146,1,1930245,,Contig,38.09,streptococcus,0
GCA_001579115.1,HMT-576,Streptococcus,constellatus,,DD09,26,1856848,,Scaffold,38.81,streptococcus,0
GCA_001809055.1,HMT-576,Streptococcus,constellatus,,HMSC034B05,50,1901829,,Scaffold,37.87,streptococcus,0
GCA_001814295.1,HMT-576,Streptococcus,constellatus,,HMSC067A03,45,1804950,,Scaffold,37.89,streptococcus,0
GCA_003570855.1,HMT-576,Streptococcus,constellatus,,KCOM 1039,2,1885802,,Scaffold,37.96,streptococcus,0
GCA_008633005.1,HMT-576,Streptococcus,constellatus,,ATCC 27823,42,1867902,,Scaffold,37.95,streptococcus,0
GCA_008633025.1,HMT-576,Streptococcus,constellatus,,13-11-14,16,1800973,,Scaffold,38.17,streptococcus,0
GCA_008633405.1,HMT-576,Streptococcus,constellatus,,15-01-28,13,1914344,,Scaffold,38.06,streptococcus,0
GCA_015555235.1,HMT-576,Streptococcus,constellatus,,D6t1_180914_C10,85,1863546,,Scaffold,37.87,streptococcus,0
GCA_015559305.1,HMT-576,Streptococcus,constellatus,,1001254J_160919_C10,6,1755446,,Scaffold,38.04,streptococcus,0
GCA_016127875.1,HMT-576,Streptococcus,constellatus,,FDAARGOS_1015,1,2038583,,Complete Genome,37.84,streptococcus,0
GCA_016725005.1,HMT-576,Streptococcus,constellatus,,FDAARGOS_1156,1,1903262,,Complete Genome,38.08,streptococcus,0
GCA_016889885.1,HMT-576,Streptococcus,constellatus,,FDAARGOS_1208,1,1978680,,Complete Genome,38.02,streptococcus,0
GCA_019336935.1,HMT-576,Streptococcus,constellatus,,Nov-17,70,1869421,,Contig,37.92,streptococcus,0
GCA_023109175.1,HMT-576,Streptococcus,constellatus,,S60,14,1892624,,Scaffold,37.9,streptococcus,0
GCA_023109215.1,HMT-576,Streptococcus,constellatus,,S54,17,1927926,,Scaffold,38.06,streptococcus,0
GCA_023109295.1,HMT-576,Streptococcus,constellatus,,S55,23,1993590,,Scaffold,37.78,streptococcus,0
GCA_023109615.1,HMT-576,Streptococcus,constellatus,,S34,15,1818626,,Scaffold,38.17,streptococcus,0
GCA_023167545.1,HMT-576,Streptococcus,constellatus,,CCUG 24889,1,1901581,,Complete Genome,38.07,streptococcus,0
GCA_024399395.1,HMT-576,Streptococcus,constellatus,,TCV107,1,1980997,,Complete Genome,38.11,streptococcus,0
GCA_027723325.1,HMT-576,Streptococcus,constellatus,,AM109-96,15,1821433,,Scaffold,37.94,streptococcus,0
GCA_030215825.1,HMT-576,Streptococcus,constellatus,,UMB8371,27,1830535,,Contig,37.88,streptococcus,0
GCA_030676655.1,HMT-576,Streptococcus,constellatus,,SMC7155,37,1826913,,Contig,37.95,streptococcus,0
GCA_900459125.1,HMT-576,Streptococcus,constellatus,,NCTC11325,2,1906855,,Contig,38.08,streptococcus,0
GCA_900459325.1,HMT-576,Streptococcus,constellatus,,NCTC11063,2,1943143,,Contig,38.11,streptococcus,0
GCA_900636715.1,HMT-576,Streptococcus,constellatus,,NCTC10708,1,1890902,,Complete Genome,38.15,streptococcus,0
GCA_902494025.1,HMT-576,Streptococcus,constellatus,,MGYG-HGUT-04321,34,1789116,,Contig,37.9,streptococcus,0
GCA_905373855.1,HMT-576,Streptococcus,constellatus,,SRR9217490-mag-bin.1,82,1848707,yes,Contig,37.95,streptococcus,0
GCA_000187855.1,HMT-578,Streptococcus,cristatus,,ATCC 51100,5,1982490,,Scaffold,43.07,streptococcus,0
GCA_000222765.2,HMT-578,Streptococcus,cristatus,,ATCC 51100,10,1994424,,Contig,42.61,streptococcus,0
GCA_000385925.1,HMT-578,Streptococcus,cristatus,,AS 1.3089,1,2142100,,Complete Genome,42.07,streptococcus,0
GCA_000959885.1,HMT-578,Streptococcus,cristatus,,CC5A,7,2026543,,Contig,42.68,streptococcus,0
GCA_000959895.1,HMT-578,Streptococcus,cristatus,,CR3,5,1998501,,Contig,42.61,streptococcus,0
GCA_001069055.1,HMT-578,Streptococcus,cristatus,,1014_SOLI,107,2015766,,Contig,42.36,streptococcus,0
GCA_001069775.1,HMT-578,Streptococcus,cristatus,,142_SOLI,69,2079706,,Contig,42.44,streptococcus,0
GCA_001069915.1,HMT-578,Streptococcus,cristatus,,1015_SOLI,105,2019516,,Scaffold,42.36,streptococcus,0
GCA_001578775.1,HMT-578,Streptococcus,cristatus,,DD08,44,2206539,,Scaffold,43.34,streptococcus,0
GCA_001588855.1,HMT-578,Streptococcus,cristatus,,DOBICBV2,99,1979098,,Contig,42.62,streptococcus,0
GCA_001588905.1,HMT-578,Streptococcus,cristatus,,JPIIBBV4,95,1991673,,Contig,42.39,streptococcus,0
GCA_003943435.1,HMT-578,Streptococcus,cristatus,,A55,51,2278062,,Contig,41.88,streptococcus,0
GCA_003943455.1,HMT-578,Streptococcus,cristatus,,BCA15,42,1967660,,Contig,42.55,streptococcus,0
GCA_003943465.1,HMT-578,Streptococcus,cristatus,,A53,47,2287283,,Contig,41.87,streptococcus,0
GCA_003943505.1,HMT-578,Streptococcus,cristatus,,A52,132,2080561,,Contig,42.68,streptococcus,0
GCA_003943515.1,HMT-578,Streptococcus,cristatus,,BCC41,40,2003744,,Contig,42.61,streptococcus,0
GCA_003943535.1,HMT-578,Streptococcus,cristatus,,BCC13,44,2041369,,Contig,42.48,streptococcus,0
GCA_003943815.1,HMT-578,Streptococcus,cristatus,,BCC51,68,2085438,,Contig,42.24,streptococcus,0
GCA_003944225.1,HMT-578,Streptococcus,cristatus,,BCA4,43,1991942,,Contig,42.6,streptococcus,0
GCA_003944245.1,HMT-578,Streptococcus,cristatus,,BCA6,48,2066467,,Contig,42.41,streptococcus,0
GCA_003944305.1,HMT-578,Streptococcus,cristatus,,A56,68,2294401,,Contig,41.9,streptococcus,0
GCA_003944315.1,HMT-578,Streptococcus,cristatus,,A54,52,2282836,,Contig,41.89,streptococcus,0
GCA_007991595.1,HMT-578,Streptococcus,cristatus,,NBRC 106105,177,2092623,,Contig,41.97,streptococcus,0
GCA_008369405.1,HMT-578,Streptococcus,cristatus,,S22,30,2041836,,Contig,42.4,streptococcus,0
GCA_011612585.1,HMT-578,Streptococcus,cristatus,,ATCC 51100,1,2031205,,Complete Genome,42.69,streptococcus,0
GCA_014338595.1,HMT-578,Streptococcus,cristatus,,F0329,30,1881435,,Contig,42.71,streptococcus,0
GCA_019929965.1,HMT-578,Streptococcus,cristatus,,CR163,28,2053353,,Contig,42.44,streptococcus,0
GCA_022346625.1,HMT-578,Streptococcus,cristatus,,ACRRN,19,1933836,,Contig,42.86,streptococcus,0
GCA_023110605.1,HMT-578,Streptococcus,cristatus,,O1-1,18,1971746,,Scaffold,42.57,streptococcus,0
GCA_026783785.1,HMT-578,Streptococcus,cristatus,,K13014465,19,2066313,,Scaffold,42.17,streptococcus,0
GCA_030272855.1,HMT-578,Streptococcus,cristatus,,SC1,11,1973970,,Contig,42.45,streptococcus,0
GCA_900475445.1,HMT-578,Streptococcus,cristatus,,NCTC12479,1,2000351,,Complete Genome,42.6,streptococcus,0
GCA_900478185.1,HMT-578,Streptococcus,cristatus,,NCTC13807,1,2176084,,Complete Genome,42.1,streptococcus,0
GCA_902460335.1,HMT-578,Streptococcus,cristatus,,Marseille-P5794,12,2073737,,Contig,42.27,streptococcus,0
GCA_902460345.1,HMT-578,Streptococcus,cristatus,,Marseille-P644,15,2075917,,Scaffold,42.38,streptococcus,0
GCA_902460365.1,HMT-578,Streptococcus,cristatus,,Marseille-P7375,10,2230759,,Contig,42.05,streptococcus,0
GCA_000180055.1,HMT-594,Streptococcus,downei,,F0415,17,2239421,,Contig,43.39,streptococcus,0
GCA_900459175.1,HMT-594,Streptococcus,downei,,NCTC 11391,3,2232110,,Contig,43.7,streptococcus,0
GCA_959600255.1,HMT-594,Streptococcus,downei,,SRR16280109_bin.45_MetaWRAP_v1.3_MAG,111,1991584,yes,Contig,43.89,streptococcus,0
GCA_000017005.1,HMT-622,Streptococcus,gordonii,,Challis substr. CH1,1,2196662,,Complete Genome,40.51,streptococcus,0
GCA_000161955.2,HMT-622,Streptococcus,gordonii,,2_1_36FAA,5,2231411,,Scaffold,40.53,streptococcus,0
GCA_000959925.1,HMT-622,Streptococcus,gordonii,,G9B,2,2197447,,Contig,40.5,streptococcus,0
GCA_000959965.1,HMT-622,Streptococcus,gordonii,,UB10712,7,2188318,,Contig,40.59,streptococcus,0
GCA_000963345.1,HMT-622,Streptococcus,gordonii,,I141,10,2228772,,Contig,40.43,streptococcus,0
GCA_000970665.2,HMT-622,Streptococcus,gordonii,,IE35,1,2190105,,Complete Genome,40.49,streptococcus,0
GCA_001074345.1,HMT-622,Streptococcus,gordonii,,771_SOLI,149,2190411,,Scaffold,40.43,streptococcus,0
GCA_001074415.1,HMT-622,Streptococcus,gordonii,,787_SOLI,67,2186177,,Scaffold,40.36,streptococcus,0
GCA_001281105.1,HMT-622,Streptococcus,gordonii,,KCOM 1506 (= ChDC B679),1,2283306,,Complete Genome,40.58,streptococcus,0
GCA_001469295.1,HMT-622,Streptococcus,gordonii,,ATCC 10558,12,2164016,,Scaffold,40.75,streptococcus,0
GCA_001553855.1,HMT-622,Streptococcus,gordonii,,CCUG 33482,41,2166763,,Scaffold,40.51,streptococcus,0
GCA_001556605.1,HMT-622,Streptococcus,gordonii,,CCH8-G7,121,1978194,,Contig,40.38,streptococcus,0
GCA_001588615.1,HMT-622,Streptococcus,gordonii,,FSS8,41,2151860,,Contig,40.61,streptococcus,0
GCA_001588735.1,HMT-622,Streptococcus,gordonii,,PV40,43,2190985,,Contig,40.48,streptococcus,0
GCA_001588775.1,HMT-622,Streptococcus,gordonii,,Blackburn,50,2164498,,Contig,40.47,streptococcus,0
GCA_001588795.1,HMT-622,Streptococcus,gordonii,,Channon,33,2233494,,Contig,40.64,streptococcus,0
GCA_001588935.1,HMT-622,Streptococcus,gordonii,,M5,67,2157804,,Contig,40.56,streptococcus,0
GCA_001588955.1,HMT-622,Streptococcus,gordonii,,M99,45,2166946,,Contig,40.48,streptococcus,0
GCA_001588975.1,HMT-622,Streptococcus,gordonii,,MW10,27,2186113,,Contig,40.48,streptococcus,0
GCA_001588985.1,HMT-622,Streptococcus,gordonii,,MB666,20,2307982,,Contig,40.3,streptococcus,0
GCA_001589035.1,HMT-622,Streptococcus,gordonii,,PK488,46,2202674,,Contig,40.4,streptococcus,0
GCA_001589055.1,HMT-622,Streptococcus,gordonii,,SK120,28,2164760,,Contig,40.39,streptococcus,0
GCA_001589065.1,HMT-622,Streptococcus,gordonii,,SK12,27,2145819,,Contig,40.63,streptococcus,0
GCA_001589095.1,HMT-622,Streptococcus,gordonii,,SK184,53,2255061,,Contig,40.51,streptococcus,0
GCA_001589145.1,HMT-622,Streptococcus,gordonii,,FSS2,18,2185691,,Contig,40.48,streptococcus,0
GCA_001807785.1,HMT-622,Streptococcus,gordonii,,HMSC10A01,24,2170492,,Scaffold,40.65,streptococcus,0
GCA_001811085.1,HMT-622,Streptococcus,gordonii,,HMSC062B01,45,2290184,,Scaffold,40.41,streptococcus,0
GCA_002073435.2,HMT-622,Streptococcus,gordonii,,FDAARGOS_257,1,2222706,,Complete Genome,40.42,streptococcus,0
GCA_002386285.1,HMT-622,Streptococcus,gordonii,,FDAARGOS_371,1,2121309,,Complete Genome,40.68,streptococcus,0
GCA_003469915.1,HMT-622,Streptococcus,gordonii,,AM27-4,11,2231694,,Scaffold,40.48,streptococcus,0
GCA_003943175.1,HMT-622,Streptococcus,gordonii,,BCA10,16,2239661,,Contig,40.46,streptococcus,0
GCA_003943195.1,HMT-622,Streptococcus,gordonii,,BCA7,36,2150535,,Contig,40.47,streptococcus,0
GCA_003943215.1,HMT-622,Streptococcus,gordonii,,A8,19,2225347,,Contig,40.34,streptococcus,0
GCA_003943245.1,HMT-622,Streptococcus,gordonii,,A7,136,2151963,,Contig,40.73,streptococcus,0
GCA_003943255.1,HMT-622,Streptococcus,gordonii,,A9,24,2182769,,Contig,40.51,streptococcus,0
GCA_003943285.1,HMT-622,Streptococcus,gordonii,,A11,61,2280671,,Contig,40.2,streptococcus,0
GCA_003943295.1,HMT-622,Streptococcus,gordonii,,KLC06,106,2241345,,Contig,40.53,streptococcus,0
GCA_003943305.1,HMT-622,Streptococcus,gordonii,,BCC32,73,2170067,,Contig,40.59,streptococcus,0
GCA_003943345.1,HMT-622,Streptococcus,gordonii,,BCC09,125,2228843,,Contig,40.61,streptococcus,0
GCA_003943355.1,HMT-622,Streptococcus,gordonii,,BCC27,13,2194129,,Contig,40.37,streptococcus,0
GCA_003944065.1,HMT-622,Streptococcus,gordonii,,BCA22,22,2136640,,Contig,40.49,streptococcus,0
GCA_003944075.1,HMT-622,Streptococcus,gordonii,,BCA14,25,2199820,,Contig,40.49,streptococcus,0
GCA_003944105.1,HMT-622,Streptococcus,gordonii,,A10,12,2155301,,Contig,40.45,streptococcus,0
GCA_003944115.1,HMT-622,Streptococcus,gordonii,,BCC62,20,2306361,,Contig,40.37,streptococcus,0
GCA_003944135.1,HMT-622,Streptococcus,gordonii,,BCC29,30,2137816,,Contig,40.53,streptococcus,0
GCA_003944155.1,HMT-622,Streptococcus,gordonii,,BCC57,27,2243946,,Contig,40.36,streptococcus,0
GCA_009730535.1,HMT-622,Streptococcus,gordonii,,FDAARGOS_683,1,2196595,,Complete Genome,40.51,streptococcus,0
GCA_015552565.1,HMT-622,Streptococcus,gordonii,,D6t1_180914_F1,79,2181005,,Scaffold,40.4,streptococcus,0
GCA_015666945.1,HMT-622,Streptococcus,gordonii,,BSD2780120874_150323_D6,8,2240646,,Scaffold,40.23,streptococcus,0
GCA_019046945.1,HMT-622,Streptococcus,gordonii,,FDAARGOS 1454,1,2187618,,Complete Genome,40.59,streptococcus,0
GCA_019047505.1,HMT-622,Streptococcus,gordonii,,FDAARGOS 1455,1,2154796,,Complete Genome,40.5,streptococcus,0
GCA_019449375.1,HMT-622,Streptococcus,gordonii,,14-4065,65,2249747,,Contig,40.29,streptococcus,0
GCA_019733955.1,HMT-622,Streptococcus,gordonii,,K19,8,2266473,,Scaffold,40.36,streptococcus,0
GCA_019929705.1,HMT-622,Streptococcus,gordonii,,SK9,17,2147000,,Contig,40.63,streptococcus,0
GCA_019929725.1,HMT-622,Streptococcus,gordonii,,SK186,8,2205158,,Contig,40.26,streptococcus,0
GCA_019929745.1,HMT-622,Streptococcus,gordonii,,SK33,17,2198505,,Contig,40.45,streptococcus,0
GCA_019929765.1,HMT-622,Streptococcus,gordonii,,M5,26,2154315,,Contig,40.57,streptococcus,0
GCA_019929785.1,HMT-622,Streptococcus,gordonii,,K4,22,2255498,,Contig,40.42,streptococcus,0
GCA_019929805.1,HMT-622,Streptococcus,gordonii,,SK12,13,2146685,,Contig,40.63,streptococcus,0
GCA_019929835.1,HMT-622,Streptococcus,gordonii,,KK1,56,2266218,,Contig,40.53,streptococcus,0
GCA_019929865.1,HMT-622,Streptococcus,gordonii,,DL1,17,2174351,,Contig,40.42,streptococcus,0
GCA_019929885.1,HMT-622,Streptococcus,gordonii,,CR53,16,2236480,,Contig,40.43,streptococcus,0
GCA_019929905.1,HMT-622,Streptococcus,gordonii,,CR01,17,2227230,,Contig,40.43,streptococcus,0
GCA_019929925.1,HMT-622,Streptococcus,gordonii,,CR134,18,2231477,,Contig,40.44,streptococcus,0
GCA_019929945.1,HMT-622,Streptococcus,gordonii,,38,9,2164419,,Contig,40.52,streptococcus,0
GCA_019929985.1,HMT-622,Streptococcus,gordonii,,10558,13,2165874,,Contig,40.51,streptococcus,0
GCA_020554325.1,HMT-622,Streptococcus,gordonii,,DFI.4.79,38,2217339,,Contig,40.31,streptococcus,0
GCA_020554345.1,HMT-622,Streptococcus,gordonii,,DFI.4.104,52,2236381,,Contig,40.26,streptococcus,0
GCA_020561985.1,HMT-622,Streptococcus,gordonii,,DFI.1.43,74,2215581,,Contig,40.48,streptococcus,0
GCA_020729705.1,HMT-622,Streptococcus,gordonii,,MA6,26,2264331,,Contig,40.22,streptococcus,0
GCA_022136765.1,HMT-622,Streptococcus,gordonii,,DFI.4.55,60,2206294,,Contig,40.57,streptococcus,0
GCA_022136825.1,HMT-622,Streptococcus,gordonii,,DFI.4.19,168,2274423,,Contig,40.18,streptococcus,0
GCA_023109545.1,HMT-622,Streptococcus,gordonii,,S36,11,2200426,,Scaffold,40.61,streptococcus,0
GCA_023109575.1,HMT-622,Streptococcus,gordonii,,S35,13,2183661,,Scaffold,40.39,streptococcus,0
GCA_023109865.1,HMT-622,Streptococcus,gordonii,,S19,16,2250098,,Scaffold,40.37,streptococcus,0
GCA_023109885.1,HMT-622,Streptococcus,gordonii,,S21,15,2249499,,Scaffold,40.35,streptococcus,0
GCA_023109935.1,HMT-622,Streptococcus,gordonii,,S18,8,2092254,,Scaffold,40.58,streptococcus,0
GCA_026783025.1,HMT-622,Streptococcus,gordonii,,B17930858,12,2211146,,Contig,40.53,streptococcus,0
GCA_026783045.1,HMT-622,Streptococcus,gordonii,,A16000605,11,2200605,,Scaffold,40.37,streptococcus,0
GCA_026783065.1,HMT-622,Streptococcus,gordonii,,A14000093,10,2212403,,Scaffold,40.43,streptococcus,0
GCA_026783085.1,HMT-622,Streptococcus,gordonii,,A13000540,6,2206727,,Scaffold,40.25,streptococcus,0
GCA_026783105.1,HMT-622,Streptococcus,gordonii,,A13000455,17,2230379,,Contig,40.44,streptococcus,0
GCA_026783125.1,HMT-622,Streptococcus,gordonii,,A11129118,10,2249164,,Scaffold,40.38,streptococcus,0
GCA_026783145.1,HMT-622,Streptococcus,gordonii,,17013687B,50,2191635,,Contig,40.41,streptococcus,0
GCA_026783165.1,HMT-622,Streptococcus,gordonii,,A11029119,11,2249569,,Scaffold,40.36,streptococcus,0
GCA_026810185.1,HMT-622,Streptococcus,gordonii,,CW,1,2204031,,Chromosome,40.31,streptococcus,0
GCA_027671105.1,HMT-622,Streptococcus,gordonii,,AM27-23,16,2197303,,Scaffold,40.55,streptococcus,0
GCA_027687775.1,HMT-622,Streptococcus,gordonii,,AF07-10B,22,2132479,,Scaffold,40.51,streptococcus,0
GCA_030439925.1,HMT-622,Streptococcus,gordonii,,SG2,9,2156808,,Contig,40.46,streptococcus,0
GCA_030439935.1,HMT-622,Streptococcus,gordonii,,SG1,18,2187339,,Contig,40.31,streptococcus,0
GCA_900475015.1,HMT-622,Streptococcus,gordonii,,NCTC7865,1,2187611,,Complete Genome,40.59,streptococcus,0
GCA_900475385.1,HMT-622,Streptococcus,gordonii,,NCTC3165,1,2154796,,Complete Genome,40.5,streptococcus,0
GCA_900636555.1,HMT-622,Streptococcus,gordonii,,NCTC7868,1,2196660,,Complete Genome,40.51,streptococcus,0
GCA_901542355.1,HMT-622,Streptococcus,gordonii,,NCTC7870,3,2336084,,Contig,40.45,streptococcus,0
GCA_901543415.1,HMT-622,Streptococcus,gordonii,,NCTC9124,1,2223915,,Complete Genome,40.37,streptococcus,0
GCA_901543645.1,HMT-622,Streptococcus,gordonii,,NCTC7869,4,2275545,,Contig,40.76,streptococcus,0
GCA_901544385.1,HMT-622,Streptococcus,gordonii,,NCTC10231,1,2185555,,Complete Genome,40.56,streptococcus,0
GCA_902374085.1,HMT-622,Streptococcus,gordonii,,MGYG-HGUT-01342,5,2231411,,Scaffold,40.53,streptococcus,0
GCA_013394695.1,HMT-061,Streptococcus,infantis,,F0704,1,1765730,,Complete Genome,39.52,streptococcus,0
GCA_024295665.1,HMT-061,Streptococcus,infantis,,CF8_St5-17,17,1690562,,Contig,39.51,streptococcus,0
GCA_000963255.1,HMT-431,Streptococcus,infantis,,UC6950A,29,2024688,,Contig,39.77,streptococcus,0
GCA_001553685.1,HMT-431,Streptococcus,infantis,,F0610 (5-114),1,2177905,,Complete Genome,39.65,streptococcus,0
GCA_001579645.1,HMT-431,Streptococcus,infantis,,DD18,56,2111724,,Scaffold,41.34,streptococcus,0
GCA_001808865.1,HMT-431,Streptococcus,infantis,,HMSC061D10,52,2096062,,Scaffold,39.32,streptococcus,0
GCA_019929565.1,HMT-431,Streptococcus,infantis,,SY96,139,1997894,,Contig,39.89,streptococcus,0
GCA_019929575.1,HMT-431,Streptococcus,infantis,,SY98,99,1969673,,Contig,39.74,streptococcus,0
GCA_019929605.1,HMT-431,Streptococcus,infantis,,SY115,71,1914292,,Contig,39.64,streptococcus,0
GCA_030440055.1,HMT-431,Streptococcus,infantis,,SO4,35,2062892,,Contig,39.33,streptococcus,0
GCA_000215385.2,HMT-444,Streptococcus,infantis,,SK1076,30,1744061,,Contig,39.47,streptococcus,0
GCA_000960085.1,HMT-444,Streptococcus,infantis,,UC921A,11,1791991,,Contig,39.2,streptococcus,0
GCA_024295705.1,HMT-444,Streptococcus,infantis,,CF8_Ac1-10,13,1689662,,Contig,39.41,streptococcus,0
GCA_024295885.1,HMT-444,Streptococcus,infantis,,CF8_Ac1-8,12,1683756,,Contig,39.41,streptococcus,0
GCA_937897765.1,HMT-444,Streptococcus,infantis,,ERR1332622_bin.1_CONCOCT_v1.1_MAG,46,1695900,yes,Contig,39.26,streptococcus,0
GCA_000187465.1,HMT-638,Streptococcus,infantis,,ATCC 700779,10,1905984,,Scaffold,39.67,streptococcus,0
GCA_000223255.2,HMT-638,Streptococcus,infantis,,SK970,9,1945605,,Contig,39.44,streptococcus,0
GCA_000223335.2,HMT-638,Streptococcus,infantis,,X,16,1869505,,Contig,39.57,streptococcus,0
GCA_000260755.1,HMT-638,Streptococcus,infantis,,ATCC 700779,53,1857230,,Contig,39.0,streptococcus,0
GCA_000279535.1,HMT-638,Streptococcus,infantis,,SPAR10,10,1758646,,Contig,39.39,streptococcus,0
GCA_001814215.1,HMT-638,Streptococcus,infantis,,HMSC062D07,18,1753374,,Scaffold,39.31,streptococcus,0
GCA_015546995.1,HMT-638,Streptococcus,infantis,,D6t1_180914_B1,46,1718317,,Scaffold,39.53,streptococcus,0
GCA_018499575.1,HMT-638,Streptococcus,infantis,,PA11599CN2,7,1716789,,Contig,39.6,streptococcus,0
GCA_019929625.1,HMT-638,Streptococcus,infantis,,STn450,23,1831482,,Contig,39.29,streptococcus,0
GCA_019929665.1,HMT-638,Streptococcus,infantis,,STn400,20,1829592,,Contig,39.29,streptococcus,0
GCA_024294705.1,HMT-638,Streptococcus,infantis,,CF9-1,13,1792476,,Contig,39.34,streptococcus,0
GCA_024294745.1,HMT-638,Streptococcus,infantis,,CF9-3,12,1792604,,Contig,39.34,streptococcus,0
GCA_024295385.1,HMT-638,Streptococcus,infantis,,CF4-3,19,1732098,,Contig,39.21,streptococcus,0
GCA_024295985.1,HMT-638,Streptococcus,infantis,,CF4-2,21,1735527,,Contig,39.21,streptococcus,0
GCA_030466425.1,HMT-638,Streptococcus,infantis,,9.1(2021),7,1798038,,Contig,39.36,streptococcus,0
GCA_030545605.1,HMT-638,Streptococcus,infantis,,GP0477,17,1768524,,Contig,39.31,streptococcus,0
GCA_900459415.1,HMT-638,Streptococcus,infantis,,NCTC13771,6,2023648,,Contig,38.9,streptococcus,0
GCA_916700545.1,HMT-638,Streptococcus,infantis,,Marseille-Q4154,10,1682274,,Contig,39.35,streptococcus,0
GCA_000234035.1,HMT-644,Streptococcus,intermedius,,F0413,8,1922374,,Scaffold,37.67,streptococcus,0
GCA_000258445.1,HMT-644,Streptococcus,intermedius,,SK54,17,1910718,,Contig,37.58,streptococcus,0
GCA_000306805.1,HMT-644,Streptococcus,intermedius,,JTH08,1,1933610,,Complete Genome,37.71,streptococcus,0
GCA_000313655.1,HMT-644,Streptococcus,intermedius,,BA1,48,1965880,,Contig,37.73,streptococcus,0
GCA_000413475.1,HMT-644,Streptococcus,intermedius,,ATCC 27335,10,1951449,,Contig,37.66,streptococcus,0
GCA_000463355.1,HMT-644,Streptococcus,intermedius,,B196,1,1996214,,Complete Genome,37.56,streptococcus,0
GCA_000463385.1,HMT-644,Streptococcus,intermedius,,C270,1,1960728,,Complete Genome,37.65,streptococcus,0
GCA_001073635.1,HMT-644,Streptococcus,intermedius,,631_SCON,19,1968891,,Scaffold,37.78,streptococcus,0
GCA_001296205.1,HMT-644,Streptococcus,intermedius,,KCOM 1545,1,1908201,,Complete Genome,37.57,streptococcus,0
GCA_002073355.2,HMT-644,Streptococcus,intermedius,,FDAARGOS_233,1,1914006,,Complete Genome,37.66,streptococcus,0
GCA_002356055.1,HMT-644,Streptococcus,intermedius,,TYG1620,1,2006877,,Complete Genome,37.55,streptococcus,0
GCA_002879575.1,HMT-644,Streptococcus,intermedius,,32811,15,1971034,,Scaffold,37.68,streptococcus,0
GCA_002879585.1,HMT-644,Streptococcus,intermedius,,30309,12,1956646,,Contig,37.51,streptococcus,0
GCA_002879755.1,HMT-644,Streptococcus,intermedius,,LC4,15,1914382,,Scaffold,37.76,streptococcus,0
GCA_003284685.1,HMT-644,Streptococcus,intermedius,,LAU_SINT,31,1949554,,Contig,37.72,streptococcus,0
GCA_003943035.1,HMT-644,Streptococcus,intermedius,,A6,34,1993372,,Contig,37.54,streptococcus,0
GCA_003943045.1,HMT-644,Streptococcus,intermedius,,A5,14,1968232,,Contig,37.63,streptococcus,0
GCA_003943085.1,HMT-644,Streptococcus,intermedius,,A3,41,1912153,,Contig,37.64,streptococcus,0
GCA_003943095.1,HMT-644,Streptococcus,intermedius,,A2,26,2001461,,Contig,37.62,streptococcus,0
GCA_003943125.1,HMT-644,Streptococcus,intermedius,,KLC02,26,2003880,,Contig,37.53,streptococcus,0
GCA_003943145.1,HMT-644,Streptococcus,intermedius,,BCC47,18,1889067,,Contig,37.74,streptococcus,0
GCA_003943155.1,HMT-644,Streptococcus,intermedius,,BCC01,33,1993716,,Contig,37.54,streptococcus,0
GCA_003944005.1,HMT-644,Streptococcus,intermedius,,A4,26,1992918,,Contig,37.54,streptococcus,0
GCA_003944015.1,HMT-644,Streptococcus,intermedius,,KLC09,56,1876885,,Contig,37.65,streptococcus,0
GCA_003944025.1,HMT-644,Streptococcus,intermedius,,BCC34,23,1953433,,Contig,37.43,streptococcus,0
GCA_008633045.1,HMT-644,Streptococcus,intermedius,,13-12-18,6,1946261,,Scaffold,37.7,streptococcus,0
GCA_008633305.1,HMT-644,Streptococcus,intermedius,,14-03-17,8,1845697,,Contig,37.74,streptococcus,0
GCA_008633485.1,HMT-644,Streptococcus,intermedius,,15-03-11,7,1813578,,Contig,37.75,streptococcus,0
GCA_008975305.1,HMT-644,Streptococcus,intermedius,,14-04-18,26,1860124,,Scaffold,37.79,streptococcus,0
GCA_013267515.1,HMT-644,Streptococcus,intermedius,,FDAARGOS_769,1,1933377,,Complete Genome,37.72,streptococcus,0
GCA_022699185.1,HMT-644,Streptococcus,intermedius,,GC1825,13,1911852,,Contig,37.63,streptococcus,0
GCA_023109395.1,HMT-644,Streptococcus,intermedius,,S45,5,1917252,,Scaffold,37.67,streptococcus,0
GCA_023109435.1,HMT-644,Streptococcus,intermedius,,S42,15,1907506,,Scaffold,37.64,streptococcus,0
GCA_023109685.1,HMT-644,Streptococcus,intermedius,,S30,12,2041358,,Scaffold,37.39,streptococcus,0
GCA_023109915.1,HMT-644,Streptococcus,intermedius,,S23,6,1945664,,Scaffold,37.56,streptococcus,0
GCA_023110255.1,HMT-644,Streptococcus,intermedius,,S01,7,2091190,,Scaffold,37.39,streptococcus,0
GCA_030226005.1,HMT-644,Streptococcus,intermedius,,UMB9934,36,1906605,,Contig,37.59,streptococcus,0
GCA_030439945.1,HMT-644,Streptococcus,intermedius,,SI1,10,1948549,,Contig,37.56,streptococcus,0
GCA_030676575.1,HMT-644,Streptococcus,intermedius,,SMC7156,11,1978687,,Contig,37.45,streptococcus,0
GCA_900475975.1,HMT-644,Streptococcus,intermedius,,NCTC11324,1,1932951,,Complete Genome,37.71,streptococcus,0
GCA_900490715.1,HMT-644,Streptococcus,intermedius,,G1552,14,1942413,,Contig,37.62,streptococcus,0
GCA_900490725.1,HMT-644,Streptococcus,intermedius,,G1565,17,1972424,,Contig,37.57,streptococcus,0
GCA_900490735.1,HMT-644,Streptococcus,intermedius,,G1563,14,1890941,,Contig,37.68,streptococcus,0
GCA_900490745.1,HMT-644,Streptococcus,intermedius,,G1557,14,1900046,,Contig,37.68,streptococcus,0
GCA_900490765.1,HMT-644,Streptococcus,intermedius,,G1567,13,1897330,,Contig,37.58,streptococcus,0
GCA_900490785.1,HMT-644,Streptococcus,intermedius,,G1562,21,2052377,,Contig,37.32,streptococcus,0
GCA_900490795.1,HMT-644,Streptococcus,intermedius,,G1554,38,1886668,,Contig,37.77,streptococcus,0
GCA_900490805.1,HMT-644,Streptococcus,intermedius,,G1555,25,2003390,,Contig,37.53,streptococcus,0
GCA_900490815.1,HMT-644,Streptococcus,intermedius,,G1564,125,1887926,,Contig,37.68,streptococcus,0
GCA_900490835.1,HMT-644,Streptococcus,intermedius,,G1568,14,1898090,,Contig,37.6,streptococcus,0
GCA_900490855.1,HMT-644,Streptococcus,intermedius,,G1566,10,1897154,,Contig,37.59,streptococcus,0
GCA_900490865.1,HMT-644,Streptococcus,intermedius,,G1556,14,1850828,,Contig,37.76,streptococcus,0
GCA_900626305.1,HMT-644,Streptococcus,intermedius,,G1553,16,1974260,,Contig,37.55,streptococcus,0
GCA_000479315.1,HMT-456,Streptococcus,ilei,,na,1,2023580,,Complete Genome,42.07,streptococcus,0
GCA_000479335.1,HMT-456,Streptococcus,ilei,,I-G2,1,1992567,,Complete Genome,42.12,streptococcus,0
GCA_003438245.1,HMT-456,Streptococcus,ilei,,OM06-9,8,1965871,,Scaffold,42.14,streptococcus,0
GCA_003603405.1,HMT-456,Streptococcus,ilei,,AM43-2AT,11,2064963,,Scaffold,41.87,streptococcus,0
GCA_003603595.1,HMT-456,Streptococcus,ilei,,AM28-20,6,2032489,,Scaffold,41.96,streptococcus,0
GCA_003627135.1,HMT-456,Streptococcus,ilei,,JS71,1,2009598,,Complete Genome,42.08,streptococcus,0
GCA_027662825.1,HMT-456,Streptococcus,ilei,,AM07-22C,9,1946708,,Scaffold,42.19,streptococcus,0
GCA_027663645.1,HMT-456,Streptococcus,ilei,,AM03-4X,12,1988245,,Scaffold,41.96,streptococcus,0
GCA_027663745.1,HMT-456,Streptococcus,ilei,,AM02-4W,15,1986268,,Scaffold,41.97,streptococcus,0
GCA_027687595.1,HMT-456,Streptococcus,ilei,,AF07-23B,20,2054930,,Scaffold,42.12,streptococcus,0
GCA_027687665.1,HMT-456,Streptococcus,ilei,,AF07-19,5,2006976,,Scaffold,42.11,streptococcus,0
GCA_902385485.1,HMT-456,Streptococcus,ilei,,MGYG-HGUT-02296,8,1965871,,Scaffold,42.14,streptococcus,0
GCA_014435245.1,HMT-948,Streptococcus,lactarius,,IMAU 99161,38,2062482,,Scaffold,41.63,streptococcus,0
GCA_016642265.1,HMT-948,Streptococcus,lactarius,,CCUG 66490,21,2117087,,Scaffold,41.64,streptococcus,0
GCA_018127725.1,HMT-948,Streptococcus,lactarius,,CCUG 66490,1,2144372,,Complete Genome,41.61,streptococcus,0
GCA_018367605.1,HMT-948,Streptococcus,lactarius,,L3_098_121G1_dasL3_098_121G1_concoct_11_sub,245,1840682,yes,Contig,41.86,streptococcus,0
GCA_018371015.1,HMT-948,Streptococcus,lactarius,,L3_102_091G1_dasL3_102_091G1_concoct_1,131,2057466,yes,Contig,41.55,streptococcus,0
GCA_900543065.1,HMT-948,Streptococcus,lactarius,,UMGS525,77,1794265,,Contig,41.98,streptococcus,0
GCA_900755475.1,HMT-948,Streptococcus,lactarius,,HGM10404,79,1951098,,Contig,41.89,streptococcus,0
GCA_902373575.1,HMT-948,Streptococcus,lactarius,,MGYG-HGUT-01289,63,1985520,,Contig,41.61,streptococcus,0
GCA_934201715.1,HMT-948,Streptococcus,lactarius,,REFINED_METABAT215_TOP10_CONTIGS_1500_ASSEMBLY_K77_MERGED__Hadza_MoBio_hadza-E-H_C_10_1834.5,23,2031851,yes,Contig,41.58,streptococcus,0
GCA_959023655.1,HMT-948,Streptococcus,lactarius,,ERR10149265_bin.7_MetaWRAP_v1.3_MAG,43,2089736,yes,Contig,41.54,streptococcus,0
GCA_000027165.1,HMT-677,Streptococcus,mitis,,B6,1,2146611,,Complete Genome,39.98,streptococcus,0
GCA_000148525.2,HMT-677,Streptococcus,mitis,,SK564,35,2026898,,Contig,39.73,streptococcus,0
GCA_000148585.3,HMT-677,Streptococcus,mitis,,NCTC 12261,1,1868883,,Complete Genome,40.45,streptococcus,0
GCA_000220085.2,HMT-677,Streptococcus,mitis,,SK1080,34,1943752,,Contig,40.33,streptococcus,0
GCA_000722685.1,HMT-677,Streptococcus,mitis,,SK667,15,2136987,,Contig,39.88,streptococcus,0
GCA_000722695.1,HMT-677,Streptococcus,mitis,,SK629,27,2213700,,Contig,39.42,streptococcus,0
GCA_000722705.1,HMT-677,Streptococcus,mitis,,SK642,11,1989639,,Contig,39.79,streptococcus,0
GCA_000722755.1,HMT-677,Streptococcus,mitis,,SK578,16,2080791,,Contig,39.95,streptococcus,0
GCA_000722765.2,HMT-677,Streptococcus,mitis,,SK637,1,1942107,,Complete Genome,40.28,streptococcus,0
GCA_000722775.1,HMT-677,Streptococcus,mitis,,SK608,15,2127862,,Contig,39.97,streptococcus,0
GCA_000724165.1,HMT-677,Streptococcus,mitis,,SK271,14,1944576,,Contig,40.3,streptococcus,0
GCA_000960005.1,HMT-677,Streptococcus,mitis,,OT25,3,1915198,,Contig,40.12,streptococcus,0
GCA_000960025.1,HMT-677,Streptococcus,mitis,,SK137,7,1984405,,Contig,40.21,streptococcus,0
GCA_000960065.1,HMT-677,Streptococcus,mitis,,SK145,8,1973165,,Contig,40.0,streptococcus,0
GCA_001281025.1,HMT-677,Streptococcus,mitis,,KCOM 1350 (= ChDC B183),1,1906344,,Complete Genome,40.21,streptococcus,0
GCA_001560895.1,HMT-677,Streptococcus,mitis,,SVGS_061,1,2167922,,Complete Genome,39.97,streptococcus,0
GCA_002005545.1,HMT-677,Streptococcus,mitis,,321A,6,2110680,,Scaffold,40.44,streptococcus,0
GCA_002014755.1,HMT-677,Streptococcus,mitis,,CCUG 31611,14,1847883,,Scaffold,40.38,streptococcus,0
GCA_002014795.1,HMT-677,Streptococcus,mitis,,CCUG 63687,9,2039754,,Scaffold,39.9,streptococcus,0
GCA_002014875.1,HMT-677,Streptococcus,mitis,,CCUG 61082,26,1989191,,Scaffold,39.93,streptococcus,0
GCA_002096735.1,HMT-677,Streptococcus,mitis,,RH_8961_10,17,1888936,,Scaffold,40.19,streptococcus,0
GCA_002096755.1,HMT-677,Streptococcus,mitis,,RH_50275_09,26,2057130,,Scaffold,39.85,streptococcus,0
GCA_002096815.1,HMT-677,Streptococcus,mitis,,RH_12363_08,21,1984277,,Scaffold,40.22,streptococcus,0
GCA_002096835.1,HMT-677,Streptococcus,mitis,,RH_43861_09,23,1849671,,Scaffold,40.15,streptococcus,0
GCA_002096855.1,HMT-677,Streptococcus,mitis,,RH_17439_08,33,1908049,,Scaffold,40.28,streptococcus,0
GCA_002096895.1,HMT-677,Streptococcus,mitis,,RH_17024_08,20,1819806,,Contig,40.39,streptococcus,0
GCA_002096935.1,HMT-677,Streptococcus,mitis,,B_5756_13,27,1896604,,Scaffold,40.26,streptococcus,0
GCA_002860825.1,HMT-677,Streptococcus,mitis,,UMB0079,25,1964794,,Contig,40.0,streptococcus,0
GCA_002860865.1,HMT-677,Streptococcus,mitis,,UMB1341,26,2081765,,Scaffold,39.97,streptococcus,0
GCA_002871315.1,HMT-677,Streptococcus,mitis,,UMB0079b,24,1960083,,Scaffold,40.05,streptococcus,0
GCA_003942765.1,HMT-677,Streptococcus,mitis,,KLC01,31,2046314,,Contig,39.96,streptococcus,0
GCA_003942775.1,HMT-677,Streptococcus,mitis,,BCC65,34,2064589,,Contig,39.86,streptococcus,0
GCA_009495735.1,HMT-677,Streptococcus,mitis,,SM45,25,2002001,,Contig,39.98,streptococcus,0
GCA_009495895.1,HMT-677,Streptococcus,mitis,,SM35,25,2007565,,Contig,39.97,streptococcus,0
GCA_009495955.1,HMT-677,Streptococcus,mitis,,SM47,31,2006587,,Contig,39.96,streptococcus,0
GCA_009496035.1,HMT-677,Streptococcus,mitis,,SM28,30,2007541,,Contig,39.96,streptococcus,0
GCA_009496045.1,HMT-677,Streptococcus,mitis,,SM30,28,2007955,,Contig,39.97,streptococcus,0
GCA_009496065.1,HMT-677,Streptococcus,mitis,,SM29,24,2005875,,Contig,39.95,streptococcus,0
GCA_009496075.1,HMT-677,Streptococcus,mitis,,SM46,28,2007012,,Contig,39.97,streptococcus,0
GCA_009496165.1,HMT-677,Streptococcus,mitis,,SM08,18,1996012,,Contig,39.96,streptococcus,0
GCA_009496235.1,HMT-677,Streptococcus,mitis,,SM41,27,2032459,,Contig,39.75,streptococcus,0
GCA_009496295.1,HMT-677,Streptococcus,mitis,,SM15,21,2016502,,Contig,39.89,streptococcus,0
GCA_009496335.1,HMT-677,Streptococcus,mitis,,SM07,27,2002890,,Contig,40.0,streptococcus,0
GCA_009496355.1,HMT-677,Streptococcus,mitis,,SM27,27,2001505,,Contig,39.98,streptococcus,0
GCA_009496375.1,HMT-677,Streptococcus,mitis,,SM09,15,1973655,,Contig,39.75,streptococcus,0
GCA_009496385.1,HMT-677,Streptococcus,mitis,,SM26,27,2060956,,Contig,39.87,streptococcus,0
GCA_009496395.1,HMT-677,Streptococcus,mitis,,SM05,23,2001354,,Contig,39.97,streptococcus,0
GCA_009496435.1,HMT-677,Streptococcus,mitis,,SM04,21,2000773,,Contig,39.97,streptococcus,0
GCA_009496505.1,HMT-677,Streptococcus,mitis,,SM06,27,2002705,,Contig,39.98,streptococcus,0
GCA_009496725.1,HMT-677,Streptococcus,mitis,,SM44,23,2000125,,Contig,39.98,streptococcus,0
GCA_009496735.1,HMT-677,Streptococcus,mitis,,SM43,26,2000668,,Contig,39.98,streptococcus,0
GCA_009496755.1,HMT-677,Streptococcus,mitis,,SM42,33,2007726,,Contig,39.97,streptococcus,0
GCA_009496795.1,HMT-677,Streptococcus,mitis,,SM37,29,2006041,,Contig,39.97,streptococcus,0
GCA_009496805.1,HMT-677,Streptococcus,mitis,,SM19,27,2006191,,Contig,39.96,streptococcus,0
GCA_009496815.1,HMT-677,Streptococcus,mitis,,SM36,25,2005820,,Contig,39.96,streptococcus,0
GCA_009496835.1,HMT-677,Streptococcus,mitis,,SM18,30,2000922,,Contig,39.98,streptococcus,0
GCA_009496895.1,HMT-677,Streptococcus,mitis,,SM49,30,1996076,,Contig,39.96,streptococcus,0
GCA_009496905.1,HMT-677,Streptococcus,mitis,,SM50,18,1894166,,Contig,40.1,streptococcus,0
GCA_009730515.1,HMT-677,Streptococcus,mitis,,FDAARGOS_684,1,1868857,,Complete Genome,40.45,streptococcus,0
GCA_013305725.1,HMT-677,Streptococcus,mitis,,S022-V3-A4,1,2086958,,Complete Genome,39.75,streptococcus,0
GCA_016658865.1,HMT-677,Streptococcus,mitis,,S022-V7-A3,1,2033396,,Complete Genome,40.24,streptococcus,0
GCA_019047825.1,HMT-677,Streptococcus,mitis,,FDAARGOS 1456,1,1868859,,Complete Genome,40.45,streptococcus,0
GCA_019929505.1,HMT-677,Streptococcus,mitis,,SK142,17,1849168,,Contig,40.37,streptococcus,0
GCA_020640935.1,HMT-677,Streptococcus,mitis,,CCUG 70037,27,1903742,,Scaffold,40.17,streptococcus,0
GCA_021893145.1,HMT-677,Streptococcus,mitis,,SM11,30,1858685,,Contig,40.44,streptococcus,0
GCA_023109235.1,HMT-677,Streptococcus,mitis,,S53,24,1845105,,Scaffold,40.43,streptococcus,0
GCA_023109515.1,HMT-677,Streptococcus,mitis,,S39,12,1987690,,Scaffold,40.09,streptococcus,0
GCA_023110315.1,HMT-677,Streptococcus,mitis,,O7-2,23,2013829,,Scaffold,40.04,streptococcus,0
GCA_023110375.1,HMT-677,Streptococcus,mitis,,O7-1,29,1969298,,Scaffold,39.99,streptococcus,0
GCA_023110415.1,HMT-677,Streptococcus,mitis,,O4-1,9,1871204,,Scaffold,40.38,streptococcus,0
GCA_023110445.1,HMT-677,Streptococcus,mitis,,O4-2,9,1871377,,Scaffold,40.38,streptococcus,0
GCA_023110515.1,HMT-677,Streptococcus,mitis,,O2-1,14,1983600,,Scaffold,40.01,streptococcus,0
GCA_026782865.1,HMT-677,Streptococcus,mitis,,B15023435,22,1863003,,Scaffold,40.16,streptococcus,0
GCA_026782895.1,HMT-677,Streptococcus,mitis,,D13054009,11,1990783,,Scaffold,40.0,streptococcus,0
GCA_027497885.1,HMT-677,Streptococcus,mitis,,SM2,7,1999481,,Contig,39.96,streptococcus,0
GCA_027497935.1,HMT-677,Streptococcus,mitis,,SM4,33,1874967,,Contig,40.28,streptococcus,0
GCA_030217155.1,HMT-677,Streptococcus,mitis,,UMB0829,33,1969270,,Contig,40.01,streptococcus,0
GCA_031191225.1,HMT-677,Streptococcus,mitis,,LMG 14557,1,1868860,,Complete Genome,40.45,streptococcus,0
GCA_900459425.1,HMT-677,Streptococcus,mitis,,NCTC12261,3,1879851,,Contig,40.49,streptococcus,0
GCA_901542415.1,HMT-677,Streptococcus,mitis,,NCTC11189,4,2155387,,Contig,39.93,streptococcus,0
GCA_902159415.1,HMT-677,Streptococcus,mitis,,4928STDY7071560,11,1709483,,Contig,38.93,streptococcus,0
GCA_000007465.2,HMT-686,Streptococcus,mutans,,UA159,1,2032925,,Complete Genome,36.83,streptococcus,0
GCA_000091645.1,HMT-686,Streptococcus,mutans,,NN2025,1,2013587,,Complete Genome,36.85,streptococcus,0
GCA_000228745.2,HMT-686,Streptococcus,mutans,,TCI-101,141,1816188,,Contig,36.97,streptococcus,0
GCA_000228765.2,HMT-686,Streptococcus,mutans,,TCI-109,146,1801671,,Contig,37.03,streptococcus,0
GCA_000228785.2,HMT-686,Streptococcus,mutans,,TCI-11,141,1799918,,Contig,37.01,streptococcus,0
GCA_000228805.2,HMT-686,Streptococcus,mutans,,TCI-110,135,1809107,,Contig,36.97,streptococcus,0
GCA_000228825.2,HMT-686,Streptococcus,mutans,,TCI-116,60,1929685,,Contig,36.72,streptococcus,0
GCA_000228845.2,HMT-686,Streptococcus,mutans,,TCI-120,159,1776899,,Contig,37.02,streptococcus,0
GCA_000228865.2,HMT-686,Streptococcus,mutans,,TCI-123,109,1890503,,Contig,36.8,streptococcus,0
GCA_000228885.2,HMT-686,Streptococcus,mutans,,TCI-125,96,1861689,,Contig,36.85,streptococcus,0
GCA_000228905.2,HMT-686,Streptococcus,mutans,,TCI-138,131,1805076,,Contig,36.99,streptococcus,0
GCA_000228925.2,HMT-686,Streptococcus,mutans,,TCI-143,157,1776306,,Contig,37.02,streptococcus,0
GCA_000228945.2,HMT-686,Streptococcus,mutans,,TCI-145,99,1877792,,Contig,36.83,streptococcus,0
GCA_000228965.2,HMT-686,Streptococcus,mutans,,TCI-146,143,1785489,,Contig,37.02,streptococcus,0
GCA_000228985.2,HMT-686,Streptococcus,mutans,,TCI-148,120,1819408,,Contig,36.98,streptococcus,0
GCA_000229005.2,HMT-686,Streptococcus,mutans,,TCI-149,117,1822635,,Contig,36.99,streptococcus,0
GCA_000229025.2,HMT-686,Streptococcus,mutans,,TCI-151,121,1820468,,Contig,36.99,streptococcus,0
GCA_000229045.2,HMT-686,Streptococcus,mutans,,TCI-152,101,1851396,,Contig,36.88,streptococcus,0
GCA_000229065.2,HMT-686,Streptococcus,mutans,,TCI-153,55,1927654,,Contig,36.74,streptococcus,0
GCA_000229085.2,HMT-686,Streptococcus,mutans,,TCI-154,120,1818945,,Contig,36.98,streptococcus,0
GCA_000229105.2,HMT-686,Streptococcus,mutans,,TCI-162,130,1817871,,Contig,36.98,streptococcus,0
GCA_000229125.2,HMT-686,Streptococcus,mutans,,TCI-163,92,1897877,,Contig,36.81,streptococcus,0
GCA_000229145.2,HMT-686,Streptococcus,mutans,,TCI-164,115,1829200,,Contig,37.0,streptococcus,0
GCA_000229165.2,HMT-686,Streptococcus,mutans,,TCI-169,59,1927770,,Contig,36.75,streptococcus,0
GCA_000229185.2,HMT-686,Streptococcus,mutans,,TCI-170,86,1899487,,Contig,36.77,streptococcus,0
GCA_000229205.2,HMT-686,Streptococcus,mutans,,TCI-173,112,1872679,,Contig,36.82,streptococcus,0
GCA_000229225.2,HMT-686,Streptococcus,mutans,,TCI-176,128,1794749,,Contig,37.02,streptococcus,0
GCA_000229245.2,HMT-686,Streptococcus,mutans,,TCI-177,110,1882948,,Contig,36.81,streptococcus,0
GCA_000229265.2,HMT-686,Streptococcus,mutans,,TCI-179,126,1818201,,Contig,36.98,streptococcus,0
GCA_000229285.2,HMT-686,Streptococcus,mutans,,TCI-187,127,1765562,,Contig,37.01,streptococcus,0
GCA_000229305.2,HMT-686,Streptococcus,mutans,,TCI-191,120,1832015,,Contig,36.97,streptococcus,0
GCA_000229325.2,HMT-686,Streptococcus,mutans,,TCI-196,90,1898193,,Contig,36.77,streptococcus,0
GCA_000229345.2,HMT-686,Streptococcus,mutans,,TCI-201,146,1770853,,Contig,37.03,streptococcus,0
GCA_000229365.2,HMT-686,Streptococcus,mutans,,TCI-202,115,1820309,,Contig,36.95,streptococcus,0
GCA_000229385.2,HMT-686,Streptococcus,mutans,,TCI-204,136,1847156,,Contig,36.96,streptococcus,0
GCA_000229405.2,HMT-686,Streptococcus,mutans,,TCI-210,135,1809350,,Contig,36.97,streptococcus,0
GCA_000229425.2,HMT-686,Streptococcus,mutans,,TCI-212,194,1771432,,Contig,37.02,streptococcus,0
GCA_000229445.2,HMT-686,Streptococcus,mutans,,TCI-218,136,1789375,,Contig,36.98,streptococcus,0
GCA_000229465.2,HMT-686,Streptococcus,mutans,,TCI-219,131,1809266,,Contig,37.02,streptococcus,0
GCA_000229485.2,HMT-686,Streptococcus,mutans,,TCI-220,145,1790639,,Contig,36.98,streptococcus,0
GCA_000229505.2,HMT-686,Streptococcus,mutans,,TCI-222,101,1861625,,Contig,36.85,streptococcus,0
GCA_000229525.2,HMT-686,Streptococcus,mutans,,TCI-223,134,1809565,,Contig,36.97,streptococcus,0
GCA_000229545.2,HMT-686,Streptococcus,mutans,,TCI-224,133,1797735,,Contig,37.03,streptococcus,0
GCA_000229565.2,HMT-686,Streptococcus,mutans,,TCI-227,130,1802905,,Contig,37.0,streptococcus,0
GCA_000229585.2,HMT-686,Streptococcus,mutans,,TCI-228,109,1859995,,Contig,36.85,streptococcus,0
GCA_000229605.2,HMT-686,Streptococcus,mutans,,TCI-234,106,1854930,,Contig,36.82,streptococcus,0
GCA_000229625.2,HMT-686,Streptococcus,mutans,,TCI-239,86,1898217,,Contig,36.77,streptococcus,0
GCA_000229645.2,HMT-686,Streptococcus,mutans,,TCI-242,61,1914397,,Contig,36.78,streptococcus,0
GCA_000229665.2,HMT-686,Streptococcus,mutans,,TCI-243,66,1914702,,Contig,36.78,streptococcus,0
GCA_000229685.2,HMT-686,Streptococcus,mutans,,TCI-244,143,1771140,,Contig,37.04,streptococcus,0
GCA_000229705.2,HMT-686,Streptococcus,mutans,,TCI-249,98,1879409,,Contig,36.81,streptococcus,0
GCA_000229725.2,HMT-686,Streptococcus,mutans,,TCI-256,110,1881106,,Contig,36.81,streptococcus,0
GCA_000229745.2,HMT-686,Streptococcus,mutans,,TCI-260,141,1799001,,Contig,37.01,streptococcus,0
GCA_000229765.2,HMT-686,Streptococcus,mutans,,TCI-264,137,1824597,,Contig,36.98,streptococcus,0
GCA_000229785.2,HMT-686,Streptococcus,mutans,,TCI-267,127,1819735,,Contig,36.98,streptococcus,0
GCA_000229805.2,HMT-686,Streptococcus,mutans,,TCI-268,92,1855678,,Contig,36.86,streptococcus,0
GCA_000229825.2,HMT-686,Streptococcus,mutans,,TCI-278,98,1856336,,Contig,36.86,streptococcus,0
GCA_000229845.2,HMT-686,Streptococcus,mutans,,TCI-279,136,1809821,,Contig,36.96,streptococcus,0
GCA_000229865.2,HMT-686,Streptococcus,mutans,,TCI-280,119,1818786,,Contig,36.95,streptococcus,0
GCA_000229885.2,HMT-686,Streptococcus,mutans,,TCI-289,140,1798201,,Contig,37.01,streptococcus,0
GCA_000229905.2,HMT-686,Streptococcus,mutans,,TCI-292,137,1810877,,Contig,36.98,streptococcus,0
GCA_000229925.2,HMT-686,Streptococcus,mutans,,TCI-294,109,1891335,,Contig,36.8,streptococcus,0
GCA_000229945.2,HMT-686,Streptococcus,mutans,,TCI-298,136,1743498,,Contig,37.04,streptococcus,0
GCA_000229965.2,HMT-686,Streptococcus,mutans,,TCI-30,103,1880026,,Contig,36.83,streptococcus,0
GCA_000229985.2,HMT-686,Streptococcus,mutans,,TCI-399,53,1935728,,Contig,36.73,streptococcus,0
GCA_000230005.2,HMT-686,Streptococcus,mutans,,TCI-400,93,1869620,,Contig,36.82,streptococcus,0
GCA_000230025.2,HMT-686,Streptococcus,mutans,,TCI-51,57,1936890,,Contig,36.71,streptococcus,0
GCA_000230045.2,HMT-686,Streptococcus,mutans,,TCI-62,135,1804833,,Contig,36.99,streptococcus,0
GCA_000230065.2,HMT-686,Streptococcus,mutans,,TCI-70,109,1855602,,Contig,36.83,streptococcus,0
GCA_000230085.2,HMT-686,Streptococcus,mutans,,TCI-75,108,1879483,,Contig,36.83,streptococcus,0
GCA_000230105.2,HMT-686,Streptococcus,mutans,,TCI-78,110,1883089,,Contig,36.82,streptococcus,0
GCA_000230125.2,HMT-686,Streptococcus,mutans,,TCI-82,48,1941227,,Contig,36.71,streptococcus,0
GCA_000230145.2,HMT-686,Streptococcus,mutans,,TCI-85,64,1921849,,Contig,36.76,streptococcus,0
GCA_000230165.2,HMT-686,Streptococcus,mutans,,TCI-86,128,1820007,,Contig,36.98,streptococcus,0
GCA_000230185.2,HMT-686,Streptococcus,mutans,,TCI-92,49,1941392,,Contig,36.71,streptococcus,0
GCA_000230205.2,HMT-686,Streptococcus,mutans,,TCI-96,121,1800548,,Contig,37.03,streptococcus,0
GCA_000230225.2,HMT-686,Streptococcus,mutans,,TCI-99,132,1814786,,Contig,36.96,streptococcus,0
GCA_000271865.1,HMT-686,Streptococcus,mutans,,GS-5,1,2027088,,Complete Genome,36.84,streptococcus,0
GCA_000284575.1,HMT-686,Streptococcus,mutans,,LJ23,1,2015626,,Complete Genome,37.05,streptococcus,0
GCA_000339055.1,HMT-686,Streptococcus,mutans,,S1B,132,2006359,,Contig,36.81,streptococcus,0
GCA_000339075.1,HMT-686,Streptococcus,mutans,,SA41,104,1952324,,Contig,36.77,streptococcus,0
GCA_000339095.1,HMT-686,Streptococcus,mutans,,SF12,107,1925888,,Contig,36.89,streptococcus,0
GCA_000339115.1,HMT-686,Streptococcus,mutans,,R221,109,1983724,,Contig,36.77,streptococcus,0
GCA_000339135.1,HMT-686,Streptococcus,mutans,,M230,139,1917450,,Contig,36.93,streptococcus,0
GCA_000339155.1,HMT-686,Streptococcus,mutans,,15JP3,87,1932974,,Contig,36.87,streptococcus,0
GCA_000339175.1,HMT-686,Streptococcus,mutans,,4SM1,97,2005341,,Contig,36.72,streptococcus,0
GCA_000339195.1,HMT-686,Streptococcus,mutans,,2ST1,111,1965562,,Contig,36.7,streptococcus,0
GCA_000339215.1,HMT-686,Streptococcus,mutans,,4VF1,127,2008731,,Contig,36.63,streptococcus,0
GCA_000339235.1,HMT-686,Streptococcus,mutans,,15VF2,117,2021665,,Contig,36.65,streptococcus,0
GCA_000339255.1,HMT-686,Streptococcus,mutans,,11VS1,155,1861960,,Contig,36.56,streptococcus,0
GCA_000339275.1,HMT-686,Streptococcus,mutans,,5SM3,86,1943643,,Contig,36.83,streptococcus,0
GCA_000339295.1,HMT-686,Streptococcus,mutans,,NFSM2,115,1990978,,Contig,36.59,streptococcus,0
GCA_000339315.1,HMT-686,Streptococcus,mutans,,A9,105,1868494,,Contig,36.82,streptococcus,0
GCA_000339335.1,HMT-686,Streptococcus,mutans,,N29,110,1965509,,Contig,36.79,streptococcus,0
GCA_000339355.1,HMT-686,Streptococcus,mutans,,NMT4863,97,1926604,,Contig,36.78,streptococcus,0
GCA_000339375.1,HMT-686,Streptococcus,mutans,,T4,113,1966047,,Contig,36.69,streptococcus,0
GCA_000339395.1,HMT-686,Streptococcus,mutans,,NFSM1,131,2002107,,Contig,36.85,streptococcus,0
GCA_000339415.1,HMT-686,Streptococcus,mutans,,NV1996,130,2015161,,Contig,36.84,streptococcus,0
GCA_000339435.1,HMT-686,Streptococcus,mutans,,SF14,97,1944789,,Contig,36.79,streptococcus,0
GCA_000339455.1,HMT-686,Streptococcus,mutans,,SM6,112,1960471,,Contig,36.78,streptococcus,0
GCA_000339475.1,HMT-686,Streptococcus,mutans,,U2A,163,2099425,,Contig,36.79,streptococcus,0
GCA_000339495.1,HMT-686,Streptococcus,mutans,,NLML8,135,1963147,,Contig,36.83,streptococcus,0
GCA_000339515.1,HMT-686,Streptococcus,mutans,,14D,102,1969096,,Contig,36.65,streptococcus,0
GCA_000339535.1,HMT-686,Streptococcus,mutans,,21,120,1990074,,Contig,36.69,streptococcus,0
GCA_000339555.1,HMT-686,Streptococcus,mutans,,B,111,1948124,,Contig,36.71,streptococcus,0
GCA_000339575.1,HMT-686,Streptococcus,mutans,,SM1,114,1994929,,Contig,36.75,streptococcus,0
GCA_000339595.1,HMT-686,Streptococcus,mutans,,8ID3,100,1908740,,Contig,36.86,streptococcus,0
GCA_000339615.1,HMT-686,Streptococcus,mutans,,SA38,91,1992890,,Contig,36.68,streptococcus,0
GCA_000339635.1,HMT-686,Streptococcus,mutans,,OMZ175,130,2003229,,Contig,36.85,streptococcus,0
GCA_000339655.1,HMT-686,Streptococcus,mutans,,1SM1,102,2068485,,Contig,36.65,streptococcus,0
GCA_000339675.1,HMT-686,Streptococcus,mutans,,3SN1,142,2034346,,Contig,36.79,streptococcus,0
GCA_000339695.1,HMT-686,Streptococcus,mutans,,11A1,111,1921647,,Contig,36.86,streptococcus,0
GCA_000339715.1,HMT-686,Streptococcus,mutans,,11SSST2,105,1969615,,Contig,36.67,streptococcus,0
GCA_000339735.1,HMT-686,Streptococcus,mutans,,2VS1,98,1970005,,Contig,36.64,streptococcus,0
GCA_000339755.1,HMT-686,Streptococcus,mutans,,NVAB,102,1944173,,Contig,36.84,streptococcus,0
GCA_000339775.1,HMT-686,Streptococcus,mutans,,A19,108,1984020,,Contig,36.68,streptococcus,0
GCA_000339795.1,HMT-686,Streptococcus,mutans,,U138,153,1991956,,Contig,36.71,streptococcus,0
GCA_000339815.1,HMT-686,Streptococcus,mutans,,G123,122,1977039,,Contig,36.7,streptococcus,0
GCA_000339835.1,HMT-686,Streptococcus,mutans,,M21,106,1961974,,Contig,36.76,streptococcus,0
GCA_000339855.1,HMT-686,Streptococcus,mutans,,N34,102,1962026,,Contig,36.84,streptococcus,0
GCA_000339875.1,HMT-686,Streptococcus,mutans,,NLML4,116,1968630,,Contig,36.67,streptococcus,0
GCA_000339895.1,HMT-686,Streptococcus,mutans,,NLML5,105,1941389,,Contig,36.82,streptococcus,0
GCA_000339915.1,HMT-686,Streptococcus,mutans,,NLML9,99,1996009,,Contig,36.67,streptococcus,0
GCA_000339935.1,HMT-686,Streptococcus,mutans,,M2A,115,1930238,,Contig,36.88,streptococcus,0
GCA_000339955.1,HMT-686,Streptococcus,mutans,,N3209,113,1953403,,Contig,36.75,streptococcus,0
GCA_000339975.1,HMT-686,Streptococcus,mutans,,N66,113,2006044,,Contig,36.79,streptococcus,0
GCA_000339995.1,HMT-686,Streptococcus,mutans,,W6,114,1991361,,Contig,36.62,streptococcus,0
GCA_000340015.1,HMT-686,Streptococcus,mutans,,SF1,185,2081419,,Contig,36.76,streptococcus,0
GCA_000340035.1,HMT-686,Streptococcus,mutans,,ST1,131,1980457,,Contig,36.74,streptococcus,0
GCA_000340055.1,HMT-686,Streptococcus,mutans,,ST6,121,1925853,,Contig,36.88,streptococcus,0
GCA_000340075.1,HMT-686,Streptococcus,mutans,,NLML1,139,2036028,,Contig,36.58,streptococcus,0
GCA_000340095.1,HMT-686,Streptococcus,mutans,,1ID3,90,1872370,,Contig,36.94,streptococcus,0
GCA_000340115.1,HMT-686,Streptococcus,mutans,,66-2A,113,1953006,,Contig,36.86,streptococcus,0
GCA_000340135.1,HMT-686,Streptococcus,mutans,,SM4,152,1977578,,Contig,36.91,streptococcus,0
GCA_000340155.1,HMT-686,Streptococcus,mutans,,24,119,2013675,,Contig,36.73,streptococcus,0
GCA_000340175.1,HMT-686,Streptococcus,mutans,,U2B,103,1960144,,Contig,36.88,streptococcus,0
GCA_000347795.1,HMT-686,Streptococcus,mutans,,5DC8,9,2010949,,Contig,36.9,streptococcus,0
GCA_000347815.1,HMT-686,Streptococcus,mutans,,KK21,2,2034595,,Contig,36.81,streptococcus,0
GCA_000347835.1,HMT-686,Streptococcus,mutans,,KK23,38,1976204,,Scaffold,36.71,streptococcus,0
GCA_000347855.1,HMT-686,Streptococcus,mutans,,AC4446,42,2003697,,Contig,36.93,streptococcus,0
GCA_000347875.1,HMT-686,Streptococcus,mutans,,ATCC 25175,10,1999673,,Contig,36.88,streptococcus,0
GCA_000347895.1,HMT-686,Streptococcus,mutans,,NCTC 11060,36,2021313,,Contig,37.01,streptococcus,0
GCA_000375505.1,HMT-686,Streptococcus,mutans,,DSM 20523,20,1988767,,Contig,36.71,streptococcus,0
GCA_000496535.1,HMT-686,Streptococcus,mutans,,PKUSS-HG01,12,2002612,,Contig,36.6,streptococcus,0
GCA_000496555.1,HMT-686,Streptococcus,mutans,,PKUSS-LG01,14,2001391,,Contig,36.66,streptococcus,0
GCA_000522565.1,HMT-686,Streptococcus,mutans,,B05Sm11,53,2036366,,Contig,36.98,streptococcus,0
GCA_000522585.1,HMT-686,Streptococcus,mutans,,B13Sm1,46,2151929,,Contig,36.77,streptococcus,0
GCA_000522625.1,HMT-686,Streptococcus,mutans,,B084SM-A,61,2048211,,Contig,36.9,streptococcus,0
GCA_000522765.1,HMT-686,Streptococcus,mutans,,B04Sm5,81,2077621,,Contig,37.0,streptococcus,0
GCA_000522845.1,HMT-686,Streptococcus,mutans,,B88SM-A,75,2061948,,Contig,36.74,streptococcus,0
GCA_000522885.1,HMT-686,Streptococcus,mutans,,B23Sm1,87,2095411,,Contig,37.07,streptococcus,0
GCA_000817065.1,HMT-686,Streptococcus,mutans,,UA159-FR,1,2031692,,Complete Genome,36.83,streptococcus,0
GCA_001068415.1,HMT-686,Streptococcus,mutans,,1006_SMUT,62,2026153,,Contig,36.73,streptococcus,0
GCA_001069835.1,HMT-686,Streptococcus,mutans,,1002_SMUT,49,2035965,,Contig,36.8,streptococcus,0
GCA_001073145.1,HMT-686,Streptococcus,mutans,,503_SMUT,30,2007546,,Scaffold,36.8,streptococcus,0
GCA_001558215.1,HMT-686,Streptococcus,mutans,,NG8,1,1984441,,Complete Genome,36.89,streptococcus,0
GCA_001625005.1,HMT-686,Streptococcus,mutans,,ATCC 55676,24,2050195,,Contig,36.64,streptococcus,0
GCA_001703615.1,HMT-686,Streptococcus,mutans,,AD01,37,2066006,,Contig,36.75,streptococcus,0
GCA_002083175.2,HMT-686,Streptococcus,mutans,,FDAARGOS_258,1,2144124,,Contig,36.74,streptococcus,0
GCA_002155285.1,HMT-686,Streptococcus,mutans,,KCOM 1054 (= ChDC YM3),1,2098341,,Chromosome,36.77,streptococcus,0
GCA_002157665.1,HMT-686,Streptococcus,mutans,,HM,1,2003112,,Scaffold,37.56,streptococcus,0
GCA_002179995.1,HMT-686,Streptococcus,mutans,,B14,68,1985972,,Contig,36.85,streptococcus,0
GCA_002212845.1,HMT-686,Streptococcus,mutans,,PKUSS-6,57,2012978,,Contig,36.82,streptococcus,0
GCA_002212855.1,HMT-686,Streptococcus,mutans,,PKUSS-2,40,1990377,,Contig,36.77,streptococcus,0
GCA_002212885.1,HMT-686,Streptococcus,mutans,,PKUSS-4,42,1998996,,Contig,36.66,streptococcus,0
GCA_002212905.1,HMT-686,Streptococcus,mutans,,PKUSS-5,37,1984238,,Contig,36.7,streptococcus,0
GCA_002212925.1,HMT-686,Streptococcus,mutans,,PKUSS-8,65,2024471,,Contig,36.87,streptococcus,0
GCA_002212935.1,HMT-686,Streptococcus,mutans,,PKUSS-9,40,2084933,,Scaffold,38.55,streptococcus,0
GCA_002212965.1,HMT-686,Streptococcus,mutans,,PKUSS-11,54,2004353,,Contig,36.6,streptococcus,0
GCA_002212995.1,HMT-686,Streptococcus,mutans,,PKUSS-7,52,2001751,,Scaffold,36.79,streptococcus,0
GCA_002213005.1,HMT-686,Streptococcus,mutans,,PKUSS-3,52,1980074,,Contig,36.74,streptococcus,0
GCA_002213035.1,HMT-686,Streptococcus,mutans,,PKUSS-10,52,2003657,,Contig,36.66,streptococcus,0
GCA_002213065.1,HMT-686,Streptococcus,mutans,,PKUSS-1,36,1995598,,Contig,36.58,streptococcus,0
GCA_002995555.1,HMT-686,Streptococcus,mutans,,LAR01,1,2088369,,Complete Genome,36.96,streptococcus,0
GCA_003466855.1,HMT-686,Streptococcus,mutans,,AM44-1,12,2020615,,Scaffold,36.74,streptococcus,0
GCA_003691695.1,HMT-686,Streptococcus,mutans,,LAB761,1,2076490,,Complete Genome,36.74,streptococcus,0
GCA_006386535.1,HMT-686,Streptococcus,mutans,,35,39,1929542,,Contig,36.74,streptococcus,0
GCA_006739205.1,HMT-686,Streptococcus,mutans,,NBRC 13955,1,2018796,,Complete Genome,36.87,streptococcus,0
GCA_008831325.1,HMT-686,Streptococcus,mutans,,MD,2,2022536,,Complete Genome,36.94,streptococcus,0
GCA_008831345.1,HMT-686,Streptococcus,mutans,,T8,1,1976303,,Complete Genome,37.04,streptococcus,0
GCA_008831365.1,HMT-686,Streptococcus,mutans,,UA140,1,2050049,,Complete Genome,37.04,streptococcus,0
GCA_009738105.1,HMT-686,Streptococcus,mutans,,NCH105,3,2028032,,Complete Genome,36.85,streptococcus,0
GCA_011765485.1,HMT-686,Streptococcus,mutans,,S4,1,2085365,,Complete Genome,36.87,streptococcus,0
GCA_011765505.1,HMT-686,Streptococcus,mutans,,S1,1,2080705,,Complete Genome,36.86,streptococcus,0
GCA_011765525.1,HMT-686,Streptococcus,mutans,,P6,1,2085254,,Complete Genome,36.87,streptococcus,0
GCA_011765545.1,HMT-686,Streptococcus,mutans,,P1,1,2085371,,Complete Genome,36.87,streptococcus,0
GCA_012273155.1,HMT-686,Streptococcus,mutans,,FDAARGOS_685,1,2054143,,Chromosome,36.89,streptococcus,0
GCA_012641085.1,HMT-686,Streptococcus,mutans,,UA140,21,2001996,,Contig,36.91,streptococcus,0
GCA_012641545.1,HMT-686,Streptococcus,mutans,,UAB-23,16,2044568,,Contig,36.68,streptococcus,0
GCA_012641565.1,HMT-686,Streptococcus,mutans,,UAB-16,61,2026999,,Contig,36.68,streptococcus,0
GCA_012641575.1,HMT-686,Streptococcus,mutans,,UAB-15,11,1977024,,Contig,36.79,streptococcus,0
GCA_012641605.1,HMT-686,Streptococcus,mutans,,UAB-13,41,2031959,,Contig,36.89,streptococcus,0
GCA_012641615.1,HMT-686,Streptococcus,mutans,,UAB-14,31,2073321,,Contig,36.81,streptococcus,0
GCA_012641625.1,HMT-686,Streptococcus,mutans,,UAB-12,19,1964397,,Contig,36.74,streptococcus,0
GCA_012641665.1,HMT-686,Streptococcus,mutans,,UAB-11,23,1961863,,Contig,36.7,streptococcus,0
GCA_012641765.1,HMT-686,Streptococcus,mutans,,UAB-38,43,2089832,,Contig,36.9,streptococcus,0
GCA_012641775.1,HMT-686,Streptococcus,mutans,,UAB-39,36,2004916,,Contig,36.68,streptococcus,0
GCA_012641805.1,HMT-686,Streptococcus,mutans,,UAB-40,19,1992196,,Contig,36.77,streptococcus,0
GCA_012641825.1,HMT-686,Streptococcus,mutans,,UAB-36,52,2054294,,Contig,36.58,streptococcus,0
GCA_012641845.1,HMT-686,Streptococcus,mutans,,UAB-37,53,1981474,,Contig,36.84,streptococcus,0
GCA_012641855.1,HMT-686,Streptococcus,mutans,,UAB-34,11,1986924,,Contig,36.71,streptococcus,0
GCA_012641885.1,HMT-686,Streptococcus,mutans,,UAB-35,18,1984708,,Contig,36.73,streptococcus,0
GCA_012641905.1,HMT-686,Streptococcus,mutans,,UAB-33,14,2050803,,Contig,36.55,streptococcus,0
GCA_012641925.1,HMT-686,Streptococcus,mutans,,UAB-32,36,2041059,,Contig,36.78,streptococcus,0
GCA_012641935.1,HMT-686,Streptococcus,mutans,,UAB-31,16,1990492,,Contig,36.71,streptococcus,0
GCA_012641965.1,HMT-686,Streptococcus,mutans,,UAB-30,16,2014838,,Contig,36.75,streptococcus,0
GCA_012641975.1,HMT-686,Streptococcus,mutans,,UAB-29,13,2011414,,Contig,36.81,streptococcus,0
GCA_012642005.1,HMT-686,Streptococcus,mutans,,UAB-28,15,2073407,,Contig,36.65,streptococcus,0
GCA_012642015.1,HMT-686,Streptococcus,mutans,,UAB-27,4,2014513,,Contig,36.91,streptococcus,0
GCA_012642035.1,HMT-686,Streptococcus,mutans,,UAB-26,23,2009530,,Contig,36.6,streptococcus,0
GCA_012642055.1,HMT-686,Streptococcus,mutans,,UAB-25,21,2035011,,Contig,36.56,streptococcus,0
GCA_012642085.1,HMT-686,Streptococcus,mutans,,UAB-24,18,1967929,,Contig,36.77,streptococcus,0
GCA_012642105.1,HMT-686,Streptococcus,mutans,,UAB-22,19,2030863,,Contig,36.62,streptococcus,0
GCA_012642125.1,HMT-686,Streptococcus,mutans,,UAB-21,17,2030630,,Contig,36.62,streptococcus,0
GCA_012642145.1,HMT-686,Streptococcus,mutans,,UAB-20,7,1981025,,Contig,36.79,streptococcus,0
GCA_012642165.1,HMT-686,Streptococcus,mutans,,UAB-19,12,2039165,,Contig,36.77,streptococcus,0
GCA_012642185.1,HMT-686,Streptococcus,mutans,,UAB-18,12,2051174,,Contig,36.7,streptococcus,0
GCA_012642205.1,HMT-686,Streptococcus,mutans,,UAB-17,12,2011891,,Contig,36.69,streptococcus,0
GCA_012642225.1,HMT-686,Streptococcus,mutans,,UAB-10,38,2077181,,Contig,36.87,streptococcus,0
GCA_012642235.1,HMT-686,Streptococcus,mutans,,UAB-9,13,2114820,,Contig,36.65,streptococcus,0
GCA_012642265.1,HMT-686,Streptococcus,mutans,,UAB-8,23,1981226,,Contig,36.79,streptococcus,0
GCA_012642275.1,HMT-686,Streptococcus,mutans,,UAB-7,24,1958306,,Contig,36.76,streptococcus,0
GCA_012642305.1,HMT-686,Streptococcus,mutans,,UAB-6,16,1968640,,Contig,36.83,streptococcus,0
GCA_012642325.1,HMT-686,Streptococcus,mutans,,UAB-5,22,2020767,,Contig,36.59,streptococcus,0
GCA_012642345.1,HMT-686,Streptococcus,mutans,,UAB-3,18,1988846,,Contig,36.73,streptococcus,0
GCA_012642355.1,HMT-686,Streptococcus,mutans,,UAB-4,23,1990785,,Contig,36.74,streptococcus,0
GCA_012642365.1,HMT-686,Streptococcus,mutans,,UAB-2,32,2012907,,Contig,36.65,streptococcus,0
GCA_012642405.1,HMT-686,Streptococcus,mutans,,UAB-1,25,1985422,,Contig,36.87,streptococcus,0
GCA_014621675.1,HMT-686,Streptococcus,mutans,,B04Sm5,1,2011542,,Complete Genome,36.91,streptococcus,0
GCA_014842815.3,HMT-686,Streptococcus,mutans,,27-3,1,1978522,,Complete Genome,37.03,streptococcus,0
GCA_015556125.1,HMT-686,Streptococcus,mutans,,1001287H_170206_C7,28,1990200,,Scaffold,36.89,streptococcus,0
GCA_015668935.1,HMT-686,Streptococcus,mutans,,1001270H_150608_B10,23,2017397,,Scaffold,36.65,streptococcus,0
GCA_015669655.1,HMT-686,Streptococcus,mutans,,D53t1_180928_E8,29,1987784,,Scaffold,36.71,streptococcus,0
GCA_015670115.1,HMT-686,Streptococcus,mutans,,1001095IJ_161003_G6,25,2005180,,Scaffold,36.69,streptococcus,0
GCA_015670285.1,HMT-686,Streptococcus,mutans,,D40t1_170626_E1,19,1995468,,Scaffold,36.72,streptococcus,0
GCA_018588765.1,HMT-686,Streptococcus,mutans,,Smu93,27,2012417,,Contig,36.76,streptococcus,0
GCA_018588785.1,HMT-686,Streptococcus,mutans,,Smu20,18,2011866,,Contig,36.71,streptococcus,0
GCA_018588825.1,HMT-686,Streptococcus,mutans,,UA159,29,2007660,,Contig,36.7,streptococcus,0
GCA_018619415.1,HMT-686,Streptococcus,mutans,,E681,106,2003248,,Contig,36.84,streptococcus,0
GCA_019048645.1,HMT-686,Streptococcus,mutans,,FDAARGOS 1458,1,2019345,,Complete Genome,36.87,streptococcus,0
GCA_019856215.1,HMT-686,Streptococcus,mutans,,OMZ175,1,2060302,,Chromosome,37.07,streptococcus,0
GCA_021013185.1,HMT-686,Streptococcus,mutans,,B30,20,1963415,,Contig,36.9,streptococcus,0
GCA_023109585.1,HMT-686,Streptococcus,mutans,,S38,17,2041017,,Scaffold,36.61,streptococcus,0
GCA_024762155.1,HMT-686,Streptococcus,mutans,,UA-159,1,2033272,,Complete Genome,36.83,streptococcus,0
GCA_024762175.1,HMT-686,Streptococcus,mutans,,COCC33-14R,1,2115009,,Complete Genome,36.83,streptococcus,0
GCA_024762195.1,HMT-686,Streptococcus,mutans,,COCC33-14,1,2114814,,Complete Genome,36.83,streptococcus,0
GCA_026782685.1,HMT-686,Streptococcus,mutans,,Y16035778,11,1983862,,Scaffold,36.69,streptococcus,0
GCA_026782705.1,HMT-686,Streptococcus,mutans,,B16869671,21,2022536,,Scaffold,36.73,streptococcus,0
GCA_026782725.1,HMT-686,Streptococcus,mutans,,B16012112,13,1977685,,Contig,36.69,streptococcus,0
GCA_026782745.1,HMT-686,Streptococcus,mutans,,B15029983,16,1979353,,Scaffold,36.68,streptococcus,0
GCA_026782765.1,HMT-686,Streptococcus,mutans,,B13010740,14,1973536,,Scaffold,36.72,streptococcus,0
GCA_026782785.1,HMT-686,Streptococcus,mutans,,B12305014,49,2037237,,Scaffold,36.66,streptococcus,0
GCA_026782805.1,HMT-686,Streptococcus,mutans,,A16000882,15,1973508,,Contig,36.74,streptococcus,0
GCA_026782825.1,HMT-686,Streptococcus,mutans,,A15000357,18,1951390,,Scaffold,36.84,streptococcus,0
GCA_026782845.1,HMT-686,Streptococcus,mutans,,A14000387,15,1976909,,Contig,36.68,streptococcus,0
GCA_026782885.1,HMT-686,Streptococcus,mutans,,A14000335,13,1976904,,Scaffold,36.68,streptococcus,0
GCA_027658645.1,HMT-686,Streptococcus,mutans,,AM109-45,24,1975176,,Scaffold,36.7,streptococcus,0
GCA_027683265.1,HMT-686,Streptococcus,mutans,,AF36-21BH,17,2019416,,Scaffold,36.74,streptococcus,0
GCA_028325405.1,HMT-686,Streptococcus,mutans,,D40st1_F5_D40t1_170626,22,1999617,,Scaffold,36.73,streptococcus,0
GCA_028325945.1,HMT-686,Streptococcus,mutans,,1001095st1_C11_1001095IJ_161003,22,1997461,,Scaffold,36.67,streptococcus,0
GCA_028326035.1,HMT-686,Streptococcus,mutans,,RTP21191st1_H7_RTP21191_200730,13,1955456,,Scaffold,36.81,streptococcus,0
GCA_028326065.1,HMT-686,Streptococcus,mutans,,1001270st1_A5_1001270J_160509,181,1973213,,Scaffold,36.8,streptococcus,0
GCA_028326125.1,HMT-686,Streptococcus,mutans,,1001174st1_F4_RTP21191_200730,22,1991487,,Scaffold,36.78,streptococcus,0
GCA_028326145.1,HMT-686,Streptococcus,mutans,,1001174st1_D8_RTP21191_200730,21,1990771,,Scaffold,36.78,streptococcus,0
GCA_028326165.1,HMT-686,Streptococcus,mutans,,1001174st1_D5_RTP21191_200730,28,2001244,,Scaffold,36.81,streptococcus,0
GCA_029071925.1,HMT-686,Streptococcus,mutans,,CIM3001,16,1994169,,Contig,36.83,streptococcus,0
GCA_030294905.1,HMT-686,Streptococcus,mutans,,LP13,1,2094589,,Complete Genome,36.78,streptococcus,0
GCA_030586545.1,HMT-686,Streptococcus,mutans,,P28C7,23,2010966,,Scaffold,36.71,streptococcus,0
GCA_030739475.1,HMT-686,Streptococcus,mutans,,P21S6,18,1972578,,Contig,36.77,streptococcus,0
GCA_030739515.1,HMT-686,Streptococcus,mutans,,P20MB6,20,1981669,,Contig,36.7,streptococcus,0
GCA_030739525.1,HMT-686,Streptococcus,mutans,,P18C3,21,1981793,,Scaffold,36.85,streptococcus,0
GCA_030739555.1,HMT-686,Streptococcus,mutans,,P28MB7,31,2026624,,Scaffold,36.82,streptococcus,0
GCA_900459345.1,HMT-686,Streptococcus,mutans,,NCTC10923,2,2022743,,Contig,37.05,streptococcus,0
GCA_900475095.1,HMT-686,Streptococcus,mutans,,NCTC10449,1,2019343,,Complete Genome,36.87,streptococcus,0
GCA_900636835.1,HMT-686,Streptococcus,mutans,,NCTC10832,1,2005322,,Complete Genome,36.92,streptococcus,0
GCA_901875565.1,HMT-686,Streptococcus,mutans,,Streptococcus_mutans_BgEED33,14,1980736,,Contig,36.69,streptococcus,0
GCA_902365065.1,HMT-686,Streptococcus,mutans,,MGYG-HGUT-00277,12,2020615,,Scaffold,36.74,streptococcus,0
GCA_905193455.1,HMT-686,Streptococcus,mutans,,ERR1190612-bin.35,36,1971455,yes,Contig,36.87,streptococcus,0
GCA_905371825.1,HMT-686,Streptococcus,mutans,,SRR9217392-mag-bin.12,45,1976835,yes,Contig,36.78,streptococcus,0
GCA_938038795.1,HMT-686,Streptococcus,mutans,,ERR589362_bin.124_CONCOCT_v1.1_MAG,18,1985544,yes,Contig,36.72,streptococcus,0
GCA_946222355.1,HMT-686,Streptococcus,mutans,,kNHPwAnfK3_bin.39.MAG,269,1712068,yes,Contig,37.24,streptococcus,0
GCA_959599805.1,HMT-686,Streptococcus,mutans,,SRR16280109_bin.44_MetaWRAP_v1.3_MAG,27,1965284,yes,Contig,36.77,streptococcus,0
GCA_000162495.1,HMT-398,Streptococcus,oralis,,M143,13,1880978,,Scaffold,41.48,streptococcus,0
GCA_000221165.2,HMT-398,Streptococcus,oralis,,F0392,2,1916998,,Contig,41.23,streptococcus,0
GCA_000222705.2,HMT-398,Streptococcus,oralis,,SK95,66,2020730,,Contig,40.8,streptococcus,0
GCA_000382805.1,HMT-398,Streptococcus,oralis,,CECT 7746,8,1981087,,Scaffold,41.13,streptococcus,0
GCA_000382825.1,HMT-398,Streptococcus,oralis,,7747,6,1884389,,Scaffold,41.66,streptococcus,0
GCA_002096675.1,HMT-398,Streptococcus,oralis,,RH_55407_11,20,1834212,,Contig,41.42,streptococcus,0
GCA_002096695.1,HMT-398,Streptococcus,oralis,,Y_052157_08,22,1929173,,Contig,41.14,streptococcus,0
GCA_003942715.1,HMT-398,Streptococcus,oralis,,KLC07,62,2005267,,Contig,40.94,streptococcus,0
GCA_003942915.1,HMT-398,Streptococcus,oralis,,BCC40,51,1896964,,Contig,41.15,streptococcus,0
GCA_003943905.1,HMT-398,Streptococcus,oralis,,BCA11,18,1943341,,Contig,41.03,streptococcus,0
GCA_007475365.1,HMT-398,Streptococcus,oralis,,F0392,1,1926555,,Complete Genome,41.25,streptococcus,0
GCA_013276505.1,HMT-398,Streptococcus,oralis,,5905,13,1822865,,Scaffold,41.36,streptococcus,0
GCA_016028175.1,HMT-398,Streptococcus,oralis,,FDAARGOS_886,1,1913782,,Complete Genome,41.3,streptococcus,0
GCA_016028255.1,HMT-398,Streptococcus,oralis,,FDAARGOS_885,1,2024323,,Complete Genome,41.04,streptococcus,0
GCA_019929285.1,HMT-398,Streptococcus,oralis,,KK38,14,1958801,,Contig,41.05,streptococcus,0
GCA_019929305.1,HMT-398,Streptococcus,oralis,,KK42,12,1961621,,Contig,41.05,streptococcus,0
GCA_019929365.1,HMT-398,Streptococcus,oralis,,KK26,25,1897448,,Contig,41.25,streptococcus,0
GCA_023110535.1,HMT-398,Streptococcus,oralis,,O1-4,18,1901479,,Scaffold,41.15,streptococcus,0
GCA_023110555.1,HMT-398,Streptococcus,oralis,,O1-3,18,1902441,,Scaffold,41.15,streptococcus,0
GCA_026782185.1,HMT-398,Streptococcus,oralis,,B14894613,15,1881068,,Scaffold,41.48,streptococcus,0
GCA_026782485.1,HMT-398,Streptococcus,oralis,,A13005712,15,2005987,,Scaffold,40.98,streptococcus,0
GCA_026782585.1,HMT-398,Streptococcus,oralis,,A11055407,10,1816699,,Scaffold,41.38,streptococcus,0
GCA_901543815.1,HMT-398,Streptococcus,oralis,,NCTC10232,2,1949061,,Contig,41.29,streptococcus,0
GCA_000148565.2,HMT-707,Streptococcus,oralis,,ATCC 35037,25,1884712,,Contig,41.35,streptococcus,0
GCA_000164095.1,HMT-707,Streptococcus,oralis,,ATCC 35037,10,1913838,,Scaffold,41.71,streptococcus,0
GCA_000185265.1,HMT-707,Streptococcus,oralis,,ATCC 49296,5,2068336,,Scaffold,41.55,streptococcus,0
GCA_000253155.1,HMT-707,Streptococcus,oralis,,Uo5,1,1958690,,Complete Genome,41.14,streptococcus,0
GCA_000688775.2,HMT-707,Streptococcus,oralis,,VT 162,1,2041142,,Complete Genome,41.1,streptococcus,0
GCA_000722675.1,HMT-707,Streptococcus,oralis,,SK141,11,1873971,,Contig,41.15,streptococcus,0
GCA_000722845.1,HMT-707,Streptococcus,oralis,,SK143,7,2043121,,Contig,41.25,streptococcus,0
GCA_000959975.1,HMT-707,Streptococcus,oralis,,OP51,10,1844175,,Contig,41.43,streptococcus,0
GCA_000960035.1,HMT-707,Streptococcus,oralis,,SK141,5,1859497,,Contig,41.07,streptococcus,0
GCA_001072035.1,HMT-707,Streptococcus,oralis,,274_SPSE,23,1993349,,Contig,41.19,streptococcus,0
GCA_001639375.1,HMT-707,Streptococcus,oralis,,CCUG 24891,40,1913574,,Scaffold,41.43,streptococcus,0
GCA_001683375.1,HMT-707,Streptococcus,oralis,,W10853,3,2013158,,Chromosome,41.25,streptococcus,0
GCA_001885595.1,HMT-707,Streptococcus,oralis,,SC15-3744,13,1934082,,Contig,41.06,streptococcus,0
GCA_001983955.1,HMT-707,Streptococcus,oralis,,S.MIT/ORALIS-351,1,1966910,,Complete Genome,40.98,streptococcus,0
GCA_002014885.1,HMT-707,Streptococcus,oralis,,CCUG 13229,11,1910194,,Scaffold,41.44,streptococcus,0
GCA_002096175.1,HMT-707,Streptococcus,oralis,,OD_338919_11,24,2032500,,Scaffold,41.1,streptococcus,0
GCA_002096275.1,HMT-707,Streptococcus,oralis,,OD_314165_09,18,1951470,,Contig,40.91,streptococcus,0
GCA_002096375.1,HMT-707,Streptococcus,oralis,,RH_8610_08,18,1990764,,Contig,41.11,streptococcus,0
GCA_002096435.1,HMT-707,Streptococcus,oralis,,Y_11577_11,25,1999772,,Scaffold,41.15,streptococcus,0
GCA_002096445.1,HMT-707,Streptococcus,oralis,,RH_57980_07,13,1988397,,Contig,41.0,streptococcus,0
GCA_002096455.1,HMT-707,Streptococcus,oralis,,RH_50443_09,8,1921370,,Scaffold,41.5,streptococcus,0
GCA_002096495.1,HMT-707,Streptococcus,oralis,,OD_336064_07,12,1967066,,Contig,41.27,streptococcus,0
GCA_002096515.1,HMT-707,Streptococcus,oralis,,OD_332610_07,9,1946464,,Contig,41.27,streptococcus,0
GCA_002096525.1,HMT-707,Streptococcus,oralis,,RH_34706_11,7,1936849,,Contig,41.4,streptococcus,0
GCA_002096535.1,HMT-707,Streptococcus,oralis,,RH_1735_08,11,2004683,,Contig,41.03,streptococcus,0
GCA_002096575.1,HMT-707,Streptococcus,oralis,,OD_321121_09,10,2016848,,Contig,41.28,streptococcus,0
GCA_002096595.1,HMT-707,Streptococcus,oralis,,OD_311844-09,10,1951174,,Scaffold,41.13,streptococcus,0
GCA_002289235.2,HMT-707,Streptococcus,oralis,,FDAARGOS_256,2,1995178,,Contig,41.48,streptococcus,0
GCA_002386345.1,HMT-707,Streptococcus,oralis,,FDAARGOS_367,1,2053209,,Complete Genome,40.94,streptococcus,0
GCA_002860885.1,HMT-707,Streptococcus,oralis,,UMB0008,14,1999792,,Contig,41.08,streptococcus,0
GCA_003942565.1,HMT-707,Streptococcus,oralis,,BCA21,20,1951779,,Contig,41.25,streptococcus,0
GCA_003942875.1,HMT-707,Streptococcus,oralis,,BCC52,22,2089314,,Contig,40.93,streptococcus,0
GCA_003944395.1,HMT-707,Streptococcus,oralis,,BCA17,20,2011128,,Contig,41.08,streptococcus,0
GCA_006175905.1,HMT-707,Streptococcus,oralis,,ATCC 9811,3,1881450,,Contig,41.38,streptococcus,0
GCA_006228325.1,HMT-707,Streptococcus,oralis,,1643,1,1898954,,Complete Genome,41.23,streptococcus,0
GCA_013488045.1,HMT-707,Streptococcus,oralis,,SN51445,1,2113832,,Chromosome,40.97,streptococcus,0
GCA_013488065.1,HMT-707,Streptococcus,oralis,,ATCC 10557,1,1995690,,Chromosome,41.42,streptococcus,0
GCA_013592015.1,HMT-707,Streptococcus,oralis,,SN64428,2,2107069,,Contig,40.95,streptococcus,0
GCA_016127555.1,HMT-707,Streptococcus,oralis,,FDAARGOS_1020,1,1931547,,Complete Genome,41.51,streptococcus,0
GCA_016127735.1,HMT-707,Streptococcus,oralis,,FDAARGOS_1075,1,1994899,,Complete Genome,41.41,streptococcus,0
GCA_016127915.1,HMT-707,Streptococcus,oralis,,FDAARGOS_1021,1,1905756,,Complete Genome,41.3,streptococcus,0
GCA_016549395.1,HMT-707,Streptococcus,oralis,,SF100,1,1969104,,Complete Genome,41.49,streptococcus,0
GCA_016888845.1,HMT-707,Streptococcus,oralis,,SF100,2,1985912,,Complete Genome,41.5,streptococcus,0
GCA_018791825.1,HMT-707,Streptococcus,oralis,,34,23,1911766,,Contig,41.3,streptococcus,0
GCA_019334565.1,HMT-707,Streptococcus,oralis,,34,1,1920884,,Complete Genome,41.31,streptococcus,0
GCA_019929265.1,HMT-707,Streptococcus,oralis,,SK141,15,1870517,,Contig,41.07,streptococcus,0
GCA_019929405.1,HMT-707,Streptococcus,oralis,,34,9,1903756,,Contig,41.24,streptococcus,0
GCA_019929425.1,HMT-707,Streptococcus,oralis,,102,13,1903378,,Contig,41.24,streptococcus,0
GCA_019929465.1,HMT-707,Streptococcus,oralis,,10557,18,1961798,,Contig,41.35,streptococcus,0
GCA_022749195.1,HMT-707,Streptococcus,oralis,,1648,1,1876737,,Complete Genome,41.47,streptococcus,0
GCA_023109195.1,HMT-707,Streptococcus,oralis,,S56,15,2026813,,Scaffold,41.07,streptococcus,0
GCA_023109275.1,HMT-707,Streptococcus,oralis,,S51,12,2001251,,Scaffold,41.22,streptococcus,0
GCA_023110055.1,HMT-707,Streptococcus,oralis,,S14,8,1990034,,Scaffold,41.25,streptococcus,0
GCA_023110325.1,HMT-707,Streptococcus,oralis,,O4-3,21,2048158,,Scaffold,41.11,streptococcus,0
GCA_023110385.1,HMT-707,Streptococcus,oralis,,O5,17,1951473,,Scaffold,41.27,streptococcus,0
GCA_024295425.1,HMT-707,Streptococcus,oralis,,CF7_Ac2-6,24,1989258,,Contig,40.98,streptococcus,0
GCA_024295485.1,HMT-707,Streptococcus,oralis,,CF7_Ac3-15,20,1990038,,Contig,40.98,streptococcus,0
GCA_024295605.1,HMT-707,Streptococcus,oralis,,CF7_Ac3-11,21,1988975,,Contig,40.98,streptococcus,0
GCA_024295645.1,HMT-707,Streptococcus,oralis,,CF7-6,13,2003414,,Contig,41.11,streptococcus,0
GCA_024295685.1,HMT-707,Streptococcus,oralis,,CF7_Ac3-8,19,1989556,,Contig,40.98,streptococcus,0
GCA_024295845.1,HMT-707,Streptococcus,oralis,,CF8-6,17,1998799,,Contig,40.85,streptococcus,0
GCA_024295945.1,HMT-707,Streptococcus,oralis,,CF7_Ac2-11,25,1989212,,Contig,40.98,streptococcus,0
GCA_024295965.1,HMT-707,Streptococcus,oralis,,CF7_Ac3-14,22,1989651,,Contig,40.98,streptococcus,0
GCA_024296005.1,HMT-707,Streptococcus,oralis,,CF7_Ac2-13,23,1988828,,Contig,40.98,streptococcus,0
GCA_024399415.1,HMT-707,Streptococcus,oralis,,CCUG 53468,1,2002022,,Complete Genome,41.38,streptococcus,0
GCA_026782085.1,HMT-707,Streptococcus,oralis,,K16259064,9,2059438,,Scaffold,41.2,streptococcus,0
GCA_026782145.1,HMT-707,Streptococcus,oralis,,D15003375,12,1954562,,Scaffold,41.26,streptococcus,0
GCA_026782195.1,HMT-707,Streptococcus,oralis,,B11338919,16,2029110,,Scaffold,41.09,streptococcus,0
GCA_026782325.1,HMT-707,Streptococcus,oralis,,A15000402,10,1993585,,Scaffold,41.29,streptococcus,0
GCA_026782365.1,HMT-707,Streptococcus,oralis,,A14000640,18,2044464,,Scaffold,41.09,streptococcus,0
GCA_026782425.1,HMT-707,Streptococcus,oralis,,A14000182,14,2003805,,Scaffold,41.28,streptococcus,0
GCA_026782505.1,HMT-707,Streptococcus,oralis,,A12048293,12,2018162,,Scaffold,41.05,streptococcus,0
GCA_029691405.1,HMT-707,Streptococcus,oralis,,D7B5,1,1970732,,Complete Genome,41.38,streptococcus,0
GCA_030546225.1,HMT-707,Streptococcus,oralis,,GP0053,24,2073577,,Contig,40.99,streptococcus,0
GCA_030546245.1,HMT-707,Streptococcus,oralis,,GP0025,24,2071804,,Contig,40.99,streptococcus,0
GCA_030546285.1,HMT-707,Streptococcus,oralis,,GP0012,24,2049680,,Contig,41.03,streptococcus,0
GCA_030546305.1,HMT-707,Streptococcus,oralis,,GP0011,20,2109804,,Contig,40.93,streptococcus,0
GCA_900637025.1,HMT-707,Streptococcus,oralis,,NCTC11427,1,1931548,,Complete Genome,41.51,streptococcus,0
GCA_910575295.1,HMT-707,Streptococcus,oralis,,A72_64_SM_DSS,10,2054678,,Contig,41.03,streptococcus,0
GCA_000146755.1,HMT-071,Streptococcus,oralis,,73H25AP,7,1976523,,Scaffold,41.46,streptococcus,0
GCA_000215365.2,HMT-071,Streptococcus,oralis,,SK255,63,2005180,,Contig,40.95,streptococcus,0
GCA_000223235.2,HMT-071,Streptococcus,oralis,,SK313,5,1888813,,Contig,41.45,streptococcus,0
GCA_000257845.1,HMT-071,Streptococcus,oralis,,SK1074,20,1853895,,Contig,41.28,streptococcus,0
GCA_000286475.1,HMT-071,Streptococcus,oralis,,BS35b,17,1858462,,Contig,41.23,streptococcus,0
GCA_000287715.1,HMT-071,Streptococcus,oralis,,SK304,25,2020585,,Contig,40.69,streptococcus,0
GCA_000314775.2,HMT-071,Streptococcus,oralis,,F0441,1,2000650,,Scaffold,41.72,streptococcus,0
GCA_000344255.1,HMT-071,Streptococcus,oralis,,1366,14,1871850,,Contig,40.95,streptococcus,0
GCA_000344275.1,HMT-071,Streptococcus,oralis,,AZ_3a,22,2184662,,Contig,40.34,streptococcus,0
GCA_000442155.1,HMT-071,Streptococcus,oralis,,2425,15,1871835,,Contig,40.95,streptococcus,0
GCA_000442175.1,HMT-071,Streptococcus,oralis,,2426,25,1882877,,Contig,40.89,streptococcus,0
GCA_000517765.1,HMT-071,Streptococcus,oralis,,BS29a,26,1937191,,Contig,40.98,streptococcus,0
GCA_000524275.1,HMT-071,Streptococcus,oralis,,BS21,24,1859121,,Contig,41.26,streptococcus,0
GCA_000526095.1,HMT-071,Streptococcus,oralis,,CM6,27,1921648,,Contig,41.28,streptococcus,0
GCA_000960105.1,HMT-071,Streptococcus,oralis,,UC5873,10,1835325,,Contig,41.19,streptococcus,0
GCA_001411485.1,HMT-071,Streptococcus,oralis,,89a,21,1928943,,Scaffold,41.27,streptococcus,0
GCA_001588695.1,HMT-071,Streptococcus,oralis,,JPIBVI,37,1792852,,Contig,41.25,streptococcus,0
GCA_002093515.1,HMT-071,Streptococcus,oralis,,AZ_14,29,1964273,,Contig,40.86,streptococcus,0
GCA_002093575.1,HMT-071,Streptococcus,oralis,,859,14,2036380,,Contig,40.9,streptococcus,0
GCA_002096215.1,HMT-071,Streptococcus,oralis,,OD_348934_12,14,1852323,,Scaffold,41.36,streptococcus,0
GCA_002096295.1,HMT-071,Streptococcus,oralis,,RH_48720_11,9,1934840,,Scaffold,41.11,streptococcus,0
GCA_002096355.1,HMT-071,Streptococcus,oralis,,OD_326128_08,10,1847293,,Contig,41.27,streptococcus,0
GCA_002356415.1,HMT-071,Streptococcus,oralis,,osk_001,1,1889005,,Complete Genome,41.15,streptococcus,0
GCA_015553015.1,HMT-071,Streptococcus,oralis,,J1101437_171009_E6,11,1964791,,Scaffold,40.94,streptococcus,0
GCA_015561235.1,HMT-071,Streptococcus,oralis,,1001095IJ_161003_A5,9,1909643,,Scaffold,41.07,streptococcus,0
GCA_018310275.1,HMT-071,Streptococcus,oralis,,E697,53,2013862,,Contig,40.93,streptococcus,0
GCA_019929325.1,HMT-071,Streptococcus,oralis,,J22,15,1944845,,Contig,41.08,streptococcus,0
GCA_021497885.1,HMT-071,Streptococcus,oralis,,SOD,1,1938840,,Complete Genome,41.19,streptococcus,0
GCA_021497945.1,HMT-071,Streptococcus,oralis,,SOT,1,1944085,,Complete Genome,41.05,streptococcus,0
GCA_023109005.1,HMT-071,Streptococcus,oralis,,S66,21,1947688,,Scaffold,40.88,streptococcus,0
GCA_023109315.1,HMT-071,Streptococcus,oralis,,S50,18,2005270,,Scaffold,40.96,streptococcus,0
GCA_023109405.1,HMT-071,Streptococcus,oralis,,S44,15,1880091,,Scaffold,41.06,streptococcus,0
GCA_023109465.1,HMT-071,Streptococcus,oralis,,S40,40,1911372,,Scaffold,41.05,streptococcus,0
GCA_023109655.1,HMT-071,Streptococcus,oralis,,S33,13,1868427,,Scaffold,41.25,streptococcus,0
GCA_023611505.1,HMT-071,Streptococcus,oralis,,HP01,1,2063152,,Complete Genome,40.95,streptococcus,0
GCA_026782305.1,HMT-071,Streptococcus,oralis,,A16000180,9,1955342,,Scaffold,41.02,streptococcus,0
GCA_026782405.1,HMT-071,Streptococcus,oralis,,A14000569,10,1911527,,Scaffold,41.09,streptococcus,0
GCA_026782445.1,HMT-071,Streptococcus,oralis,,A12068227,17,1946439,,Scaffold,40.91,streptococcus,0
GCA_026782455.1,HMT-071,Streptococcus,oralis,,A13000702,19,1934762,,Scaffold,41.58,streptococcus,0
GCA_026782525.1,HMT-071,Streptococcus,oralis,,A12034485,22,1905304,,Scaffold,40.88,streptococcus,0
GCA_026782545.1,HMT-071,Streptococcus,oralis,,A12046408,9,1867867,,Scaffold,41.3,streptococcus,0
GCA_026782645.1,HMT-071,Streptococcus,oralis,,1.00969E+11,11,1918213,,Contig,40.96,streptococcus,0
GCA_902488655.1,HMT-071,Streptococcus,oralis,,MGYG-HGUT-03739,98,1855725,,Contig,41.06,streptococcus,0
GCA_938040075.1,HMT-071,Streptococcus,oralis,,ERR589447_bin.37_CONCOCT_v1.1_MAG,126,1940756,yes,Contig,40.7,streptococcus,0
GCA_000180035.1,HMT-411,Streptococcus,parasanguinis,,F0405,16,2050302,,Contig,41.98,streptococcus,0
GCA_000187505.1,HMT-411,Streptococcus,parasanguinis,,ATCC 903,14,2131530,,Scaffold,42.26,streptococcus,0
GCA_000222725.2,HMT-411,Streptococcus,parasanguinis,,SK236,18,1988691,,Contig,42.12,streptococcus,0
GCA_000448565.1,HMT-411,Streptococcus,parasanguinis,,HSISM1,1,2334592,,Chromosome,44.34,streptococcus,0
GCA_000507765.1,HMT-411,Streptococcus,parasanguinis,,CC87K,6,2189561,,Scaffold,41.74,streptococcus,0
GCA_000724645.1,HMT-411,Streptococcus,parasanguinis,,C1A,79,2039661,,Scaffold,42.0,streptococcus,0
GCA_000963275.1,HMT-411,Streptococcus,parasanguinis,,MGH413,2,2098457,,Contig,41.99,streptococcus,0
GCA_001069785.1,HMT-411,Streptococcus,parasanguinis,,139.rep2_SPAR,114,2268674,,Scaffold,41.54,streptococcus,0
GCA_001070445.1,HMT-411,Streptococcus,parasanguinis,,1287_SPAR,120,2178909,,Scaffold,41.64,streptococcus,0
GCA_001070575.1,HMT-411,Streptococcus,parasanguinis,,139.rep1_SPAR,99,2276170,,Scaffold,41.58,streptococcus,0
GCA_001071035.1,HMT-411,Streptococcus,parasanguinis,,392_SPAR,171,2150497,,Contig,41.69,streptococcus,0
GCA_001071295.1,HMT-411,Streptococcus,parasanguinis,,540.rep1_SPAR,41,2277235,,Scaffold,41.6,streptococcus,0
GCA_001072295.1,HMT-411,Streptococcus,parasanguinis,,318_SPAR,109,2092032,,Scaffold,42.09,streptococcus,0
GCA_001072435.1,HMT-411,Streptococcus,parasanguinis,,349_SPAR,54,2131313,,Scaffold,42.09,streptococcus,0
GCA_001073155.1,HMT-411,Streptococcus,parasanguinis,,512_SPAR,54,2121511,,Scaffold,41.71,streptococcus,0
GCA_001073735.1,HMT-411,Streptococcus,parasanguinis,,65_SPAR,121,2105780,,Contig,42.02,streptococcus,0
GCA_001074805.1,HMT-411,Streptococcus,parasanguinis,,886_SPAR,158,2185482,,Contig,41.56,streptococcus,0
GCA_001076955.1,HMT-411,Streptococcus,parasanguinis,,540.rep2_SPAR,80,2274657,,Scaffold,41.67,streptococcus,0
GCA_001588725.1,HMT-411,Streptococcus,parasanguinis,,POW10,117,2042421,,Contig,41.93,streptococcus,0
GCA_001808725.1,HMT-411,Streptococcus,parasanguinis,,HMSC074F05,21,2093215,,Scaffold,42.11,streptococcus,0
GCA_001808745.1,HMT-411,Streptococcus,parasanguinis,,HMSC057G03,24,2105612,,Scaffold,42.15,streptococcus,0
GCA_001812015.1,HMT-411,Streptococcus,parasanguinis,,HMSC073D05,25,2022881,,Scaffold,41.98,streptococcus,0
GCA_001813105.1,HMT-411,Streptococcus,parasanguinis,,HMSC072C09,27,2132498,,Scaffold,42.11,streptococcus,0
GCA_001813295.1,HMT-411,Streptococcus,parasanguinis,,HMSC072G04,50,2235189,,Scaffold,41.84,streptococcus,0
GCA_001813505.1,HMT-411,Streptococcus,parasanguinis,,HMSC061E03,30,2214986,,Scaffold,41.8,streptococcus,0
GCA_001813675.1,HMT-411,Streptococcus,parasanguinis,,HMSC078D09,31,2163570,,Scaffold,41.75,streptococcus,0
GCA_001815045.1,HMT-411,Streptococcus,parasanguinis,,HMSC065E03,29,2170715,,Scaffold,42.03,streptococcus,0
GCA_001837905.1,HMT-411,Streptococcus,parasanguinis,,HMSC076C09,48,2216453,,Scaffold,41.57,streptococcus,0
GCA_003437975.1,HMT-411,Streptococcus,parasanguinis,,TF04-5-2,85,2029175,,Contig,42.38,streptococcus,0
GCA_003469565.1,HMT-411,Streptococcus,parasanguinis,,AM27-45,40,2059623,,Contig,41.76,streptococcus,0
GCA_003942525.1,HMT-411,Streptococcus,parasanguinis,,A1,22,2061849,,Contig,41.94,streptococcus,0
GCA_004127205.1,HMT-411,Streptococcus,parasanguinis,,NU87,29,2081775,,Contig,41.88,streptococcus,0
GCA_008727815.1,HMT-411,Streptococcus,parasanguinis,,LPB0220,1,2133380,,Complete Genome,42.12,streptococcus,0
GCA_009717525.1,HMT-411,Streptococcus,parasanguinis,,BIOML-A18,10,2040715,,Scaffold,41.63,streptococcus,0
GCA_009717535.1,HMT-411,Streptococcus,parasanguinis,,BIOML-A17,14,2115174,,Contig,42.06,streptococcus,0
GCA_009717545.1,HMT-411,Streptococcus,parasanguinis,,BIOML-A16,12,2134553,,Contig,42.05,streptococcus,0
GCA_009717575.1,HMT-411,Streptococcus,parasanguinis,,BIOML-A14,12,2130061,,Contig,42.08,streptococcus,0
GCA_009717595.1,HMT-411,Streptococcus,parasanguinis,,BIOML-A15,17,2116342,,Contig,42.05,streptococcus,0
GCA_009717625.1,HMT-411,Streptococcus,parasanguinis,,BIOML-A13,159,2311450,,Contig,43.35,streptococcus,0
GCA_009717635.1,HMT-411,Streptococcus,parasanguinis,,BIOML-A12,29,1974799,,Scaffold,42.19,streptococcus,0
GCA_009717665.1,HMT-411,Streptococcus,parasanguinis,,BIOML-A11,18,2127529,,Contig,42.02,streptococcus,0
GCA_009717675.1,HMT-411,Streptococcus,parasanguinis,,BIOML-A10,7,2126190,,Contig,42.05,streptococcus,0
GCA_009717705.1,HMT-411,Streptococcus,parasanguinis,,BIOML-A9,49,2102769,,Contig,42.15,streptococcus,0
GCA_009717715.1,HMT-411,Streptococcus,parasanguinis,,BIOML-A8,7,2126216,,Contig,42.05,streptococcus,0
GCA_009717735.1,HMT-411,Streptococcus,parasanguinis,,BIOML-A7,24,2114172,,Contig,42.06,streptococcus,0
GCA_009717765.1,HMT-411,Streptococcus,parasanguinis,,BIOML-A6,6,1949143,,Contig,42.27,streptococcus,0
GCA_009717775.1,HMT-411,Streptococcus,parasanguinis,,BIOML-A5,15,2151756,,Scaffold,41.92,streptococcus,0
GCA_009717805.1,HMT-411,Streptococcus,parasanguinis,,BIOML-A4,13,2005283,,Scaffold,42.04,streptococcus,0
GCA_009717815.1,HMT-411,Streptococcus,parasanguinis,,BIOML-A3,13,2107852,,Contig,42.15,streptococcus,0
GCA_009717845.1,HMT-411,Streptococcus,parasanguinis,,BIOML-A2,13,2027355,,Scaffold,41.91,streptococcus,0
GCA_015546865.1,HMT-411,Streptococcus,parasanguinis,,1001254J_160919_B12,19,2193311,,Scaffold,41.8,streptococcus,0
GCA_015552485.1,HMT-411,Streptococcus,parasanguinis,,1001713B170207_170306_F12,17,2141457,,Scaffold,42.09,streptococcus,0
GCA_015556095.1,HMT-411,Streptococcus,parasanguinis,,1001095IJ_161003_H11,33,2172075,,Scaffold,41.68,streptococcus,0
GCA_015557775.1,HMT-411,Streptococcus,parasanguinis,,D55t1_190419_F12,14,2168021,,Scaffold,41.91,streptococcus,0
GCA_015559215.1,HMT-411,Streptococcus,parasanguinis,,D43t1_170807_F3,70,2113234,,Scaffold,41.91,streptococcus,0
GCA_015560745.1,HMT-411,Streptococcus,parasanguinis,,D53t1_180928_H2,23,2071204,,Scaffold,42.03,streptococcus,0
GCA_016648825.1,HMT-411,Streptococcus,parasanguinis,,7.1,29,2138498,,Scaffold,41.86,streptococcus,0
GCA_016648855.1,HMT-411,Streptococcus,parasanguinis,,6.1,24,2135306,,Scaffold,41.87,streptococcus,0
GCA_016648925.1,HMT-411,Streptococcus,parasanguinis,,1.1,46,2103580,,Scaffold,41.99,streptococcus,0
GCA_018367615.1,HMT-411,Streptococcus,parasanguinis,,L3_098_053G1_dasL3_098_053G1_concoct_26,109,2074480,yes,Contig,41.79,streptococcus,0
GCA_018367695.1,HMT-411,Streptococcus,parasanguinis,,L3_098_011G1_dasL3_098_011G1_concoct_7,38,2093862,yes,Contig,41.68,streptococcus,0
GCA_018379295.1,HMT-411,Streptococcus,parasanguinis,,L1_007_061G1_dasL1_007_061G1_concoct_11,84,2042609,yes,Contig,41.94,streptococcus,0
GCA_018499385.1,HMT-411,Streptococcus,parasanguinis,,PA11332C3,55,2155463,,Scaffold,41.92,streptococcus,0
GCA_018499465.1,HMT-411,Streptococcus,parasanguinis,,P468302,41,1965434,,Contig,41.99,streptococcus,0
GCA_018499505.1,HMT-411,Streptococcus,parasanguinis,,P430801,20,1844091,,Contig,41.98,streptococcus,0
GCA_019929185.1,HMT-411,Streptococcus,parasanguinis,,SK148,35,2075709,,Contig,42.06,streptococcus,0
GCA_019929235.1,HMT-411,Streptococcus,parasanguinis,,K103,35,2235029,,Contig,41.49,streptococcus,0
GCA_020554365.1,HMT-411,Streptococcus,parasanguinis,,DFI.4.42,79,2129120,,Contig,41.8,streptococcus,0
GCA_020560885.1,HMT-411,Streptococcus,parasanguinis,,DFI.3.149,252,2204240,,Contig,41.89,streptococcus,0
GCA_023109675.1,HMT-411,Streptococcus,parasanguinis,,S32,38,2203102,,Scaffold,41.46,streptococcus,0
GCA_023110175.1,HMT-411,Streptococcus,parasanguinis,,S07,37,2191303,,Scaffold,41.6,streptococcus,0
GCA_024294625.1,HMT-411,Streptococcus,parasanguinis,,CF8_Ac3-4,24,2106449,,Contig,41.97,streptococcus,0
GCA_024294725.1,HMT-411,Streptococcus,parasanguinis,,CF8_Ac3-6,21,2069403,,Contig,42.04,streptococcus,0
GCA_024295365.1,HMT-411,Streptococcus,parasanguinis,,CF8_Ac2-6,20,2107598,,Contig,41.98,streptococcus,0
GCA_024295505.1,HMT-411,Streptococcus,parasanguinis,,CF8_Ac2-1,28,2106909,,Contig,41.97,streptococcus,0
GCA_024295545.1,HMT-411,Streptococcus,parasanguinis,,CF7_Ac1-10,22,2104362,,Contig,41.98,streptococcus,0
GCA_024295565.1,HMT-411,Streptococcus,parasanguinis,,CF8_Ac1-9,15,2113565,,Contig,41.96,streptococcus,0
GCA_024295585.1,HMT-411,Streptococcus,parasanguinis,,CF8_Ac3-14,21,2069854,,Contig,42.04,streptococcus,0
GCA_024295715.1,HMT-411,Streptococcus,parasanguinis,,CF8_Ac2-3,26,2106296,,Contig,41.97,streptococcus,0
GCA_024295745.1,HMT-411,Streptococcus,parasanguinis,,CF8_Ac3-15,28,2106743,,Contig,41.97,streptococcus,0
GCA_024295765.1,HMT-411,Streptococcus,parasanguinis,,CF8_Ac2-5,24,2107070,,Contig,41.98,streptococcus,0
GCA_024295785.1,HMT-411,Streptococcus,parasanguinis,,CF10-6,88,2293977,,Contig,41.69,streptococcus,0
GCA_024295855.1,HMT-411,Streptococcus,parasanguinis,,CF8_Ac2-4,26,2106453,,Contig,41.97,streptococcus,0
GCA_024295925.1,HMT-411,Streptococcus,parasanguinis,,CF7-3,22,2072535,,Contig,42.02,streptococcus,0
GCA_024296025.1,HMT-411,Streptococcus,parasanguinis,,CF8_Ac3-3,23,2068820,,Contig,42.04,streptococcus,0
GCA_024463135.1,HMT-411,Streptococcus,parasanguinis,,DFI.4.46,245,2204282,,Contig,41.89,streptococcus,0
GCA_024655665.1,HMT-411,Streptococcus,parasanguinis,,53.2.14,25,2144018,,Scaffold,41.88,streptococcus,0
GCA_027663695.1,HMT-411,Streptococcus,parasanguinis,,AM03-12X,15,1947696,,Scaffold,42.2,streptococcus,0
GCA_027693065.1,HMT-411,Streptococcus,parasanguinis,,OF28-12pH9A,3,2057713,,Contig,42.2,streptococcus,0
GCA_028325865.1,HMT-411,Streptococcus,parasanguinis,,1001262st2_G8_1001262B_160229,31,2070209,,Scaffold,42.07,streptococcus,0
GCA_028325895.1,HMT-411,Streptococcus,parasanguinis,,1001262st1_D8_1001262B_160229,20,2134200,,Scaffold,41.91,streptococcus,0
GCA_028325965.1,HMT-411,Streptococcus,parasanguinis,,1001216st1_G2_1001216I_160404,23,2091888,,Scaffold,42.13,streptococcus,0
GCA_028325975.1,HMT-411,Streptococcus,parasanguinis,,1001216st1_C12_1001216I_160404,43,2117706,,Scaffold,42.01,streptococcus,0
GCA_028326025.1,HMT-411,Streptococcus,parasanguinis,,1001095st1_G10_1001095IJ_161003,22,2152783,,Scaffold,41.74,streptococcus,0
GCA_030440045.1,HMT-411,Streptococcus,parasanguinis,,SP8,28,2224732,,Contig,41.55,streptococcus,0
GCA_030545615.1,HMT-411,Streptococcus,parasanguinis,,GP0470,35,2139427,,Contig,41.69,streptococcus,0
GCA_938045125.1,HMT-411,Streptococcus,parasanguinis,,SRR11615785_bin.62_CONCOCT_v1.1_MAG,72,2057817,yes,Contig,42.04,streptococcus,0
GCA_958435325.1,HMT-411,Streptococcus,parasanguinis,,SRR18940292_bin.16_MetaWRAP_v1.3_MAG,75,2027563,yes,Contig,42.26,streptococcus,0
GCA_959023985.1,HMT-411,Streptococcus,parasanguinis,,SRR13494479_bin.12_MetaWRAP_v1.3_MAG,113,1898076,yes,Contig,42.17,streptococcus,0
GCA_000187585.1,HMT-728,Streptococcus,peroris,,ATCC 700780,3,1639920,,Scaffold,39.4,streptococcus,0
GCA_001839505.1,HMT-728,Streptococcus,peroris,,HMSC34B10,18,1720476,,Scaffold,38.94,streptococcus,0
GCA_902479685.1,HMT-728,Streptococcus,peroris,,MGYG-HGUT-02822,25,976909,,Contig,38.79,streptococcus,0
GCA_959023595.1,HMT-728,Streptococcus,peroris,,ERR10149264_bin.18_MetaWRAP_v1.3_MAG,144,1286114,yes,Contig,39.42,streptococcus,0
GCA_000006885.1,HMT-734,Streptococcus,pneumoniae,,TIGR4; ATCC BAA-334,1,2160842,,Complete Genome,39.7,streptococcus,0
GCA_000007045.1,HMT-734,Streptococcus,pneumoniae,,R6,1,2038615,,Complete Genome,39.72,streptococcus,0
GCA_000014365.2,HMT-734,Streptococcus,pneumoniae,,D39,1,2046116,,Complete Genome,39.71,streptococcus,0
GCA_000018965.1,HMT-734,Streptococcus,pneumoniae,,70585,1,2184682,,Complete Genome,39.73,streptococcus,0
GCA_000018985.1,HMT-734,Streptococcus,pneumoniae,,JJA,1,2120234,,Complete Genome,39.74,streptococcus,0
GCA_000019005.1,HMT-734,Streptococcus,pneumoniae,,P1031,1,2111882,,Complete Genome,39.75,streptococcus,0
GCA_000019025.1,HMT-734,Streptococcus,pneumoniae,,Taiwan19F-14,1,2112148,,Complete Genome,39.77,streptococcus,0
GCA_000019265.1,HMT-734,Streptococcus,pneumoniae,,Hungary19A-6,1,2245615,,Complete Genome,39.63,streptococcus,0
GCA_000019825.1,HMT-734,Streptococcus,pneumoniae,,G54,1,2078953,,Complete Genome,39.68,streptococcus,0
GCA_000019985.1,HMT-734,Streptococcus,pneumoniae,,CGSP14,1,2209198,,Complete Genome,39.46,streptococcus,0
GCA_000026665.1,HMT-734,Streptococcus,pneumoniae,,ATCC 700669,1,2221315,,Complete Genome,39.49,streptococcus,0
GCA_000146975.1,HMT-734,Streptococcus,pneumoniae,,AP200,1,2130580,,Complete Genome,39.51,streptococcus,0
GCA_000147095.1,HMT-734,Streptococcus,pneumoniae,,670-6B,1,2240045,,Complete Genome,39.59,streptococcus,0
GCA_000180515.2,HMT-734,Streptococcus,pneumoniae,,A45,1,2129934,,Complete Genome,39.79,streptococcus,0
GCA_000196595.1,HMT-734,Streptococcus,pneumoniae,,TCH8431/19A,1,2088772,,Complete Genome,39.84,streptococcus,0
GCA_000210935.1,HMT-734,Streptococcus,pneumoniae,,INV200,1,2093317,,Complete Genome,39.62,streptococcus,0
GCA_000210955.1,HMT-734,Streptococcus,pneumoniae,,OXC141,1,2036867,,Complete Genome,39.81,streptococcus,0
GCA_000210975.1,HMT-734,Streptococcus,pneumoniae,,INV104,1,2142122,,Complete Genome,39.64,streptococcus,0
GCA_000210995.1,HMT-734,Streptococcus,pneumoniae,,SNP034156,1,2024476,,Complete Genome,39.85,streptococcus,0
GCA_000211015.1,HMT-734,Streptococcus,pneumoniae,,SNP034183,1,2037254,,Complete Genome,39.81,streptococcus,0
GCA_000211035.2,HMT-734,Streptococcus,pneumoniae,,SNP994038,1,2026239,,Complete Genome,39.83,streptococcus,0
GCA_000211055.2,HMT-734,Streptococcus,pneumoniae,,SNP994039,1,2026505,,Complete Genome,39.83,streptococcus,0
GCA_000211075.1,HMT-734,Streptococcus,pneumoniae,,SPN032672,1,2131190,,Complete Genome,39.59,streptococcus,0
GCA_000211095.1,HMT-734,Streptococcus,pneumoniae,,SPN033038,1,2133496,,Complete Genome,39.59,streptococcus,0
GCA_000212515.2,HMT-734,Streptococcus,pneumoniae,,GA47901,6,2086317,,Contig,39.69,streptococcus,0
GCA_000212535.2,HMT-734,Streptococcus,pneumoniae,,GA47368,8,2177227,,Contig,39.6,streptococcus,0
GCA_000212555.2,HMT-734,Streptococcus,pneumoniae,,GA41317,6,2090801,,Contig,39.73,streptococcus,0
GCA_000231985.2,HMT-734,Streptococcus,pneumoniae,,4027-06,7,2116267,,Contig,39.66,streptococcus,0
GCA_000232445.2,HMT-734,Streptococcus,pneumoniae,,GA07643,6,2127739,,Contig,39.78,streptococcus,0
GCA_000232645.2,HMT-734,Streptococcus,pneumoniae,,GA16121,7,2147028,,Contig,39.84,streptococcus,0
GCA_000232985.2,HMT-734,Streptococcus,pneumoniae,,GA47388,7,2140615,,Contig,39.73,streptococcus,0
GCA_000233105.2,HMT-734,Streptococcus,pneumoniae,,GA54644,7,2128321,,Contig,39.75,streptococcus,0
GCA_000233225.2,HMT-734,Streptococcus,pneumoniae,,3063-00,9,2072517,,Contig,39.81,streptococcus,0
GCA_000233265.2,HMT-734,Streptococcus,pneumoniae,,GA07228,8,2035787,,Contig,39.95,streptococcus,0
GCA_000233305.2,HMT-734,Streptococcus,pneumoniae,,GA19690,7,2016753,,Contig,39.88,streptococcus,0
GCA_000251085.2,HMT-734,Streptococcus,pneumoniae,,ST556,1,2150813,,Complete Genome,39.74,streptococcus,0
GCA_000251385.2,HMT-734,Streptococcus,pneumoniae,,GA07914,8,2046314,,Contig,39.81,streptococcus,0
GCA_000251565.2,HMT-734,Streptococcus,pneumoniae,,GA18068,8,2165361,,Contig,39.65,streptococcus,0
GCA_000251605.2,HMT-734,Streptococcus,pneumoniae,,GA19923,8,2094269,,Contig,39.95,streptococcus,0
GCA_000251805.2,HMT-734,Streptococcus,pneumoniae,,GA47210,7,2122377,,Contig,39.59,streptococcus,0
GCA_000251825.2,HMT-734,Streptococcus,pneumoniae,,GA47461,7,2047242,,Contig,39.84,streptococcus,0
GCA_000251945.2,HMT-734,Streptococcus,pneumoniae,,GA49194,4,2093149,,Contig,39.72,streptococcus,0
GCA_000252065.2,HMT-734,Streptococcus,pneumoniae,,4075-00,8,2084867,,Contig,39.85,streptococcus,0
GCA_000252205.2,HMT-734,Streptococcus,pneumoniae,,GA02506,8,2049637,,Contig,39.8,streptococcus,0
GCA_000252225.2,HMT-734,Streptococcus,pneumoniae,,England14-9,8,2087621,,Contig,39.63,streptococcus,0
GCA_000252245.2,HMT-734,Streptococcus,pneumoniae,,GA05578,7,2107559,,Contig,39.8,streptococcus,0
GCA_000252265.2,HMT-734,Streptococcus,pneumoniae,,NP141,9,2056675,,Contig,39.89,streptococcus,0
GCA_000256645.1,HMT-734,Streptococcus,pneumoniae,,SV36,9,2156372,,Contig,39.48,streptococcus,0
GCA_000269665.1,HMT-734,Streptococcus,pneumoniae,,TIGR4,1,2162245,,Contig,39.69,streptococcus,0
GCA_000273445.1,HMT-734,Streptococcus,pneumoniae,,TIGR4,1,2163340,,Complete Genome,39.69,streptococcus,0
GCA_000279495.1,HMT-734,Streptococcus,pneumoniae,,GA04672,9,2135761,,Contig,39.65,streptococcus,0
GCA_000279715.1,HMT-734,Streptococcus,pneumoniae,,GA54354,8,2100907,,Contig,39.68,streptococcus,0
GCA_000279835.1,HMT-734,Streptococcus,pneumoniae,,GA19998,7,2137965,,Contig,39.76,streptococcus,0
GCA_000279855.1,HMT-734,Streptococcus,pneumoniae,,GA17484,6,2037743,,Contig,39.8,streptococcus,0
GCA_000299015.1,HMT-734,Streptococcus,pneumoniae,,gamPNI0373,1,2064154,,Complete Genome,39.81,streptococcus,0
GCA_000334655.1,HMT-734,Streptococcus,pneumoniae,,PNI0006,3,2052382,,Scaffold,39.83,streptococcus,0
GCA_000348705.1,HMT-734,Streptococcus,pneumoniae,,PCS8235,2,2076531,,Chromosome,39.6,streptococcus,0
GCA_000817005.1,HMT-734,Streptococcus,pneumoniae,,NT_110_58,1,2287774,,Complete Genome,39.76,streptococcus,0
GCA_001095405.3,HMT-734,Streptococcus,pneumoniae,,PT8105,1,2147252,,Complete Genome,39.66,streptococcus,0
GCA_001457635.1,HMT-734,Streptococcus,pneumoniae,,NCTC7465,1,2110968,,Complete Genome,39.73,streptococcus,0
GCA_001896045.1,HMT-734,Streptococcus,pneumoniae,,SP49,1,2206644,,Complete Genome,39.86,streptococcus,0
GCA_001896065.1,HMT-734,Streptococcus,pneumoniae,,SP61,1,2071812,,Complete Genome,39.85,streptococcus,0
GCA_001896085.1,HMT-734,Streptococcus,pneumoniae,,SP64,1,2073113,,Complete Genome,39.85,streptococcus,0
GCA_002357995.1,HMT-734,Streptococcus,pneumoniae,,KK0981,1,2148476,,Complete Genome,39.64,streptococcus,0
GCA_002813535.1,HMT-734,Streptococcus,pneumoniae,,BHN97x,1,2125517,,Complete Genome,39.62,streptococcus,0
GCA_003351705.1,HMT-734,Streptococcus,pneumoniae,,M26365,1,2169584,,Complete Genome,39.45,streptococcus,0
GCA_003354825.1,HMT-734,Streptococcus,pneumoniae,,SPN XDR SMC1710-32,1,2057144,,Complete Genome,39.83,streptococcus,0
GCA_003966505.1,HMT-734,Streptococcus,pneumoniae,,HU-OH,1,2058492,,Complete Genome,39.72,streptococcus,0
GCA_004331935.1,HMT-734,Streptococcus,pneumoniae,,521,1,2041494,,Complete Genome,39.72,streptococcus,0
GCA_013047165.1,HMT-734,Streptococcus,pneumoniae,,6A-10,1,2219840,,Complete Genome,39.74,streptococcus,0
GCA_015838875.1,HMT-734,Streptococcus,pneumoniae,,310,1,2121469,,Complete Genome,39.51,streptococcus,0
GCA_015839035.1,HMT-734,Streptococcus,pneumoniae,,475,1,2180123,,Complete Genome,39.5,streptococcus,0
GCA_015839235.1,HMT-734,Streptococcus,pneumoniae,,521,1,2141347,,Complete Genome,39.51,streptococcus,0
GCA_015840115.1,HMT-734,Streptococcus,pneumoniae,,563,1,2140016,,Complete Genome,39.51,streptococcus,0
GCA_017569245.1,HMT-734,Streptococcus,pneumoniae,,BVJ1JL,1,2134668,,Complete Genome,39.73,streptococcus,0
GCA_020097335.1,HMT-734,Streptococcus,pneumoniae,,FDAARGOS_1508,1,2116633,,Complete Genome,39.67,streptococcus,0
GCA_021398235.1,HMT-734,Streptococcus,pneumoniae,,19A-19087,1,2159119,,Complete Genome,39.8,streptococcus,0
GCA_022068285.1,HMT-734,Streptococcus,pneumoniae,,TVO_1901927,1,2118571,,Complete Genome,39.76,streptococcus,0
GCA_022068525.1,HMT-734,Streptococcus,pneumoniae,,TVO_1901925,1,2000117,,Complete Genome,39.8,streptococcus,0
GCA_022069005.1,HMT-734,Streptococcus,pneumoniae,,TVO_1901948,1,2001615,,Complete Genome,39.77,streptococcus,0
GCA_022069325.1,HMT-734,Streptococcus,pneumoniae,,TVO_1901945,1,2098679,,Complete Genome,39.63,streptococcus,0
GCA_022069485.1,HMT-734,Streptococcus,pneumoniae,,TVO_1901941,1,2050463,,Complete Genome,39.89,streptococcus,0
GCA_022069505.1,HMT-734,Streptococcus,pneumoniae,,TVO_1901940,1,2052119,,Complete Genome,39.9,streptococcus,0
GCA_022069545.1,HMT-734,Streptococcus,pneumoniae,,TVO_1901939,1,2075570,,Complete Genome,39.64,streptococcus,0
GCA_022070465.1,HMT-734,Streptococcus,pneumoniae,,TVO_1901920,1,2084495,,Complete Genome,39.71,streptococcus,0
GCA_022070485.1,HMT-734,Streptococcus,pneumoniae,,TVO_1902277,1,2108520,,Complete Genome,39.59,streptococcus,0
GCA_022070545.1,HMT-734,Streptococcus,pneumoniae,,TVO_1902276,1,2150845,,Complete Genome,39.57,streptococcus,0
GCA_022070565.1,HMT-734,Streptococcus,pneumoniae,,TVO_1902282,1,2103577,,Complete Genome,39.64,streptococcus,0
GCA_022075545.1,HMT-734,Streptococcus,pneumoniae,,TVO_1901936,1,2139846,,Complete Genome,39.81,streptococcus,0
GCA_022075645.1,HMT-734,Streptococcus,pneumoniae,,TVO_1901944,1,2071654,,Complete Genome,39.66,streptococcus,0
GCA_022318405.1,HMT-734,Streptococcus,pneumoniae,,CH2241,1,2062088,,Complete Genome,39.7,streptococcus,0
GCA_022318425.1,HMT-734,Streptococcus,pneumoniae,,LE4448,1,2003723,,Complete Genome,39.81,streptococcus,0
GCA_022318505.1,HMT-734,Streptococcus,pneumoniae,,NP7536,1,2062504,,Complete Genome,39.7,streptococcus,0
GCA_024089355.1,HMT-734,Streptococcus,pneumoniae,,SN75752,1,2151943,,Complete Genome,39.67,streptococcus,0
GCA_900475515.1,HMT-734,Streptococcus,pneumoniae,,NCTC13276,1,2039982,,Complete Genome,39.72,streptococcus,0
GCA_900475805.1,HMT-734,Streptococcus,pneumoniae,,NCTC11902,1,2093242,,Complete Genome,39.71,streptococcus,0
GCA_900476475.1,HMT-734,Streptococcus,pneumoniae,,4041STDY6583227,1,2157682,,Complete Genome,39.57,streptococcus,0
GCA_900476505.1,HMT-734,Streptococcus,pneumoniae,,4041STDY6836166,1,2200529,,Complete Genome,39.71,streptococcus,0
GCA_900618555.1,HMT-734,Streptococcus,pneumoniae,,947,1,2109624,,Complete Genome,39.61,streptococcus,0
GCA_900693025.1,HMT-734,Streptococcus,pneumoniae,,2245STDY6178787,1,2202359,,Complete Genome,39.41,streptococcus,0
GCA_000221985.1,HMT-425,Streptococcus,pseudopneumoniae,,IS7493,2,2195458,,Complete Genome,39.79,streptococcus,0
GCA_000257825.1,HMT-425,Streptococcus,pseudopneumoniae,,ATCC BAA-960,253,2085749,,Contig,39.88,streptococcus,0
GCA_000258265.1,HMT-425,Streptococcus,pseudopneumoniae,,SK674,109,2078115,,Contig,39.85,streptococcus,0
GCA_000506685.1,HMT-425,Streptococcus,pseudopneumoniae,,22725,117,2230983,,Contig,39.77,streptococcus,0
GCA_000506705.1,HMT-425,Streptococcus,pseudopneumoniae,,1321,103,2146559,,Contig,39.89,streptococcus,0
GCA_000506745.1,HMT-425,Streptococcus,pseudopneumoniae,,5247,122,2122333,,Contig,39.83,streptococcus,0
GCA_001115245.1,HMT-425,Streptococcus,pseudopneumoniae,,SMRU2944,79,2208057,,Contig,39.66,streptococcus,0
GCA_001121785.1,HMT-425,Streptococcus,pseudopneumoniae,,SMRU2248,61,2322506,,Scaffold,39.5,streptococcus,0
GCA_001147205.1,HMT-425,Streptococcus,pseudopneumoniae,,type strain: N,119,2174085,,Contig,39.81,streptococcus,0
GCA_001193755.1,HMT-425,Streptococcus,pseudopneumoniae,,SMRU689,103,2192562,,Contig,39.8,streptococcus,0
GCA_001206055.1,HMT-425,Streptococcus,pseudopneumoniae,,SMRU688,92,2166568,,Contig,39.7,streptococcus,0
GCA_001336595.1,HMT-425,Streptococcus,pseudopneumoniae,,type strain: N,74,2091536,,Scaffold,39.91,streptococcus,0
GCA_001337855.1,HMT-425,Streptococcus,pseudopneumoniae,,SMRU856,98,2162506,,Contig,39.7,streptococcus,0
GCA_001339755.1,HMT-425,Streptococcus,pseudopneumoniae,,SMRU737,78,2229425,,Scaffold,39.76,streptococcus,0
GCA_002014925.1,HMT-425,Streptococcus,pseudopneumoniae,,CCUG 62647,75,2115191,,Scaffold,39.98,streptococcus,0
GCA_002014955.1,HMT-425,Streptococcus,pseudopneumoniae,,CCUG 63747,89,2177524,,Scaffold,39.86,streptococcus,0
GCA_002087075.1,HMT-425,Streptococcus,pseudopneumoniae,,CCUG 49455,86,2172620,,Scaffold,39.94,streptococcus,0
GCA_002780495.1,HMT-425,Streptococcus,pseudopneumoniae,,5305,112,2158137,,Contig,39.88,streptococcus,0
GCA_002780525.1,HMT-425,Streptococcus,pseudopneumoniae,,CipR71,88,2139475,,Contig,39.85,streptococcus,0
GCA_003598195.1,HMT-425,Streptococcus,pseudopneumoniae,,Spain939,157,2365106,,Contig,39.61,streptococcus,0
GCA_003598205.1,HMT-425,Streptococcus,pseudopneumoniae,,Spain3473,153,2213215,,Contig,39.73,streptococcus,0
GCA_003598235.1,HMT-425,Streptococcus,pseudopneumoniae,,EL2652N1,158,2179576,,Contig,39.73,streptococcus,0
GCA_003599935.1,HMT-425,Streptococcus,pseudopneumoniae,,Spain9880,155,2222692,,Contig,39.89,streptococcus,0
GCA_003605455.1,HMT-425,Streptococcus,pseudopneumoniae,,Spain2270,150,2240983,,Contig,39.83,streptococcus,0
GCA_005890235.1,HMT-425,Streptococcus,pseudopneumoniae,,BHN913,116,2202040,,Contig,39.84,streptococcus,0
GCA_005890245.1,HMT-425,Streptococcus,pseudopneumoniae,,BHN916,125,2259794,,Scaffold,39.81,streptococcus,0
GCA_005890255.1,HMT-425,Streptococcus,pseudopneumoniae,,BHN914,117,2226387,,Scaffold,39.7,streptococcus,0
GCA_005890265.1,HMT-425,Streptococcus,pseudopneumoniae,,BHN915,90,2235280,,Scaffold,39.82,streptococcus,0
GCA_005890285.1,HMT-425,Streptococcus,pseudopneumoniae,,BHN919,98,2199514,,Contig,39.89,streptococcus,0
GCA_005890345.1,HMT-425,Streptococcus,pseudopneumoniae,,BHN892,86,2227985,,Scaffold,39.87,streptococcus,0
GCA_005890355.1,HMT-425,Streptococcus,pseudopneumoniae,,BHN886,87,2239213,,Scaffold,39.82,streptococcus,0
GCA_005890375.1,HMT-425,Streptococcus,pseudopneumoniae,,BHN885,111,2226571,,Scaffold,39.77,streptococcus,0
GCA_005890385.1,HMT-425,Streptococcus,pseudopneumoniae,,BHN880,102,2266949,,Contig,39.76,streptococcus,0
GCA_005890435.1,HMT-425,Streptococcus,pseudopneumoniae,,BHN871,95,2207179,,Contig,39.89,streptococcus,0
GCA_005890445.1,HMT-425,Streptococcus,pseudopneumoniae,,BHN868,138,2224110,,Contig,39.84,streptococcus,0
GCA_005890465.1,HMT-425,Streptococcus,pseudopneumoniae,,BHN918,124,2235877,,Contig,39.83,streptococcus,0
GCA_005890475.1,HMT-425,Streptococcus,pseudopneumoniae,,BHN920,98,2229217,,Contig,39.72,streptococcus,0
GCA_005890485.1,HMT-425,Streptococcus,pseudopneumoniae,,BHN922,186,2209430,,Contig,39.82,streptococcus,0
GCA_005890525.1,HMT-425,Streptococcus,pseudopneumoniae,,BHN912,174,2231296,,Scaffold,39.9,streptococcus,0
GCA_005890545.1,HMT-425,Streptococcus,pseudopneumoniae,,BHN893,91,2237789,,Scaffold,39.77,streptococcus,0
GCA_005890555.1,HMT-425,Streptococcus,pseudopneumoniae,,BHN891,94,2243766,,Contig,39.84,streptococcus,0
GCA_005890575.1,HMT-425,Streptococcus,pseudopneumoniae,,BHN881,132,2233013,,Scaffold,39.88,streptococcus,0
GCA_005890605.1,HMT-425,Streptococcus,pseudopneumoniae,,BHN877,104,2268655,,Contig,39.73,streptococcus,0
GCA_005890625.1,HMT-425,Streptococcus,pseudopneumoniae,,BHN879,113,2215472,,Contig,39.86,streptococcus,0
GCA_011714665.1,HMT-425,Streptococcus,pseudopneumoniae,,CCUG 72040,76,2175171,,Scaffold,39.85,streptococcus,0
GCA_011714685.1,HMT-425,Streptococcus,pseudopneumoniae,,CCUG 72029,70,2189998,,Scaffold,39.77,streptococcus,0
GCA_011714705.1,HMT-425,Streptococcus,pseudopneumoniae,,CCUG 72019,79,2119718,,Scaffold,39.91,streptococcus,0
GCA_011714735.1,HMT-425,Streptococcus,pseudopneumoniae,,CCUG 72028,61,2171385,,Contig,39.78,streptococcus,0
GCA_011714745.1,HMT-425,Streptococcus,pseudopneumoniae,,CCUG 72018,78,2128633,,Scaffold,39.88,streptococcus,0
GCA_011714755.1,HMT-425,Streptococcus,pseudopneumoniae,,CCUG 71996,83,2169238,,Scaffold,39.85,streptococcus,0
GCA_011714795.1,HMT-425,Streptococcus,pseudopneumoniae,,CCUG 71653,83,2195012,,Scaffold,39.8,streptococcus,0
GCA_011714825.1,HMT-425,Streptococcus,pseudopneumoniae,,CCUG 70988,95,2175673,,Contig,39.89,streptococcus,0
GCA_011714835.1,HMT-425,Streptococcus,pseudopneumoniae,,CCUG 63793,84,2248710,,Contig,39.7,streptococcus,0
GCA_011714855.1,HMT-425,Streptococcus,pseudopneumoniae,,CCUG 64062,55,2165344,,Scaffold,39.92,streptococcus,0
GCA_011714895.1,HMT-425,Streptococcus,pseudopneumoniae,,CCUG 61551,79,2137952,,Contig,39.96,streptococcus,0
GCA_011714915.1,HMT-425,Streptococcus,pseudopneumoniae,,CCUG 50868,84,2211663,,Scaffold,39.74,streptococcus,0
GCA_011714925.1,HMT-425,Streptococcus,pseudopneumoniae,,CCUG 50871,77,2112424,,Contig,39.88,streptococcus,0
GCA_011714955.1,HMT-425,Streptococcus,pseudopneumoniae,,CCUG 47366,74,2152464,,Scaffold,39.88,streptococcus,0
GCA_013276315.1,HMT-425,Streptococcus,pseudopneumoniae,,2741,173,2185544,,Scaffold,39.76,streptococcus,0
GCA_013276335.1,HMT-425,Streptococcus,pseudopneumoniae,,2100,117,2142160,,Scaffold,39.87,streptococcus,0
GCA_013276385.1,HMT-425,Streptococcus,pseudopneumoniae,,1969,146,2181076,,Scaffold,39.78,streptococcus,0
GCA_013276405.1,HMT-425,Streptococcus,pseudopneumoniae,,1290,170,2223934,,Scaffold,39.62,streptococcus,0
GCA_013276415.1,HMT-425,Streptococcus,pseudopneumoniae,,4477,166,2174914,,Scaffold,39.79,streptococcus,0
GCA_013276425.1,HMT-425,Streptococcus,pseudopneumoniae,,3874,166,2200073,,Scaffold,39.78,streptococcus,0
GCA_013276435.1,HMT-425,Streptococcus,pseudopneumoniae,,6178,138,2188265,,Scaffold,39.87,streptococcus,0
GCA_013276525.1,HMT-425,Streptococcus,pseudopneumoniae,,3506,108,2122470,,Scaffold,39.92,streptococcus,0
GCA_013276535.1,HMT-425,Streptococcus,pseudopneumoniae,,636,129,2170009,,Scaffold,39.86,streptococcus,0
GCA_013276595.1,HMT-425,Streptococcus,pseudopneumoniae,,10824,175,2184824,,Scaffold,39.9,streptococcus,0
GCA_013276675.1,HMT-425,Streptococcus,pseudopneumoniae,,4272,122,2178723,,Scaffold,39.88,streptococcus,0
GCA_013276695.1,HMT-425,Streptococcus,pseudopneumoniae,,4155,136,2206628,,Scaffold,39.84,streptococcus,0
GCA_013276705.1,HMT-425,Streptococcus,pseudopneumoniae,,3764,100,2165968,,Scaffold,39.91,streptococcus,0
GCA_013276735.1,HMT-425,Streptococcus,pseudopneumoniae,,1559,144,2223190,,Scaffold,39.7,streptococcus,0
GCA_013276805.1,HMT-425,Streptococcus,pseudopneumoniae,,1449,124,2202836,,Scaffold,39.85,streptococcus,0
GCA_013276815.1,HMT-425,Streptococcus,pseudopneumoniae,,1055,181,2223952,,Scaffold,39.62,streptococcus,0
GCA_013276855.1,HMT-425,Streptococcus,pseudopneumoniae,,716,111,2151547,,Scaffold,39.89,streptococcus,0
GCA_013277055.1,HMT-425,Streptococcus,pseudopneumoniae,,2877,126,2148316,,Scaffold,39.86,streptococcus,0
GCA_013277095.1,HMT-425,Streptococcus,pseudopneumoniae,,812,114,2166147,,Scaffold,39.82,streptococcus,0
GCA_013277175.1,HMT-425,Streptococcus,pseudopneumoniae,,3167,120,2164398,,Scaffold,39.81,streptococcus,0
GCA_013277255.1,HMT-425,Streptococcus,pseudopneumoniae,,2154,108,2236823,,Scaffold,39.88,streptococcus,0
GCA_013277265.1,HMT-425,Streptococcus,pseudopneumoniae,,1013,113,2203151,,Scaffold,39.91,streptococcus,0
GCA_013277285.1,HMT-425,Streptococcus,pseudopneumoniae,,339,136,2191367,,Scaffold,39.78,streptococcus,0
GCA_013277295.1,HMT-425,Streptococcus,pseudopneumoniae,,477,119,2166343,,Scaffold,39.81,streptococcus,0
GCA_013277315.1,HMT-425,Streptococcus,pseudopneumoniae,,2106,150,2176032,,Scaffold,39.72,streptococcus,0
GCA_013277355.1,HMT-425,Streptococcus,pseudopneumoniae,,1343,116,2235405,,Scaffold,39.74,streptococcus,0
GCA_013277375.1,HMT-425,Streptococcus,pseudopneumoniae,,3613,145,2216593,,Scaffold,39.7,streptococcus,0
GCA_013277425.1,HMT-425,Streptococcus,pseudopneumoniae,,79,136,2242510,,Scaffold,39.67,streptococcus,0
GCA_013277505.1,HMT-425,Streptococcus,pseudopneumoniae,,k-378,178,2224706,,Scaffold,39.69,streptococcus,0
GCA_015700065.1,HMT-425,Streptococcus,pseudopneumoniae,,A19006561,182,2280495,,Contig,39.75,streptococcus,0
GCA_015700075.1,HMT-425,Streptococcus,pseudopneumoniae,,A19006464,165,2217067,,Contig,39.88,streptococcus,0
GCA_015700135.1,HMT-425,Streptococcus,pseudopneumoniae,,A18006565,149,2183820,,Contig,39.84,streptococcus,0
GCA_015700175.1,HMT-425,Streptococcus,pseudopneumoniae,,298-03,178,2114099,,Contig,39.95,streptococcus,0
GCA_015700525.1,HMT-425,Streptococcus,pseudopneumoniae,,251-03,174,2159568,,Contig,39.93,streptococcus,0
GCA_019456715.1,HMT-425,Streptococcus,pseudopneumoniae,,CCUG 50868,94,2182617,,Scaffold,39.76,streptococcus,0
GCA_019456735.1,HMT-425,Streptococcus,pseudopneumoniae,,CCUG 50867,89,2150757,,Scaffold,39.88,streptococcus,0
GCA_019456755.1,HMT-425,Streptococcus,pseudopneumoniae,,CCUG 50866,96,2189384,,Scaffold,39.69,streptococcus,0
GCA_019456815.1,HMT-425,Streptococcus,pseudopneumoniae,,CCUG 50869,88,2077325,,Scaffold,39.92,streptococcus,0
GCA_019456835.1,HMT-425,Streptococcus,pseudopneumoniae,,SLA269,97,2166845,,Scaffold,39.84,streptococcus,0
GCA_019456855.1,HMT-425,Streptococcus,pseudopneumoniae,,CCUG 50870,94,2151699,,Scaffold,39.78,streptococcus,0
GCA_019456875.1,HMT-425,Streptococcus,pseudopneumoniae,,SLA982,92,2187633,,Scaffold,39.84,streptococcus,0
GCA_021294795.1,HMT-425,Streptococcus,pseudopneumoniae,,SPPN-FOHM,138,2184713,,Scaffold,39.83,streptococcus,0
GCA_000307535.1,HMT-745,Streptococcus,pyogenes,,A20,1,1837281,,Complete Genome,38.54,streptococcus,0
GCA_000421785.1,HMT-745,Streptococcus,pyogenes,,DSM 20565,31,1858737,,Contig,38.33,streptococcus,0
GCA_000993765.1,HMT-745,Streptococcus,pyogenes,,AP1,1,1908294,,Complete Genome,38.47,streptococcus,0
GCA_001547835.1,HMT-745,Streptococcus,pyogenes,,MTB314,1,1744827,,Complete Genome,38.51,streptococcus,0
GCA_001982785.1,HMT-745,Streptococcus,pyogenes,,CCUG 4207,45,1863165,,Scaffold,38.36,streptococcus,0
GCA_002055535.1,HMT-745,Streptococcus,pyogenes,,NCTC8198,1,1914862,,Complete Genome,38.5,streptococcus,0
GCA_004028355.1,HMT-745,Streptococcus,pyogenes,,CCUG 4207,1,1914862,,Complete Genome,38.5,streptococcus,0
GCA_005162405.1,HMT-745,Streptococcus,pyogenes,,emm56,1,1825427,,Complete Genome,38.55,streptococcus,0
GCA_019342945.1,HMT-745,Streptococcus,pyogenes,,ABC208,1,1866583,,Complete Genome,38.56,streptococcus,0
GCA_900474885.1,HMT-745,Streptococcus,pyogenes,,NCTC12046,1,1875632,,Complete Genome,38.56,streptococcus,0
GCA_004785935.1,HMT-415,Streptococcus,rubneri,,DSM 26920,4,2160087,,Contig,41.57,streptococcus,0
GCA_015560245.1,HMT-415,Streptococcus,rubneri,,1001713B170207_170306_C3,11,2157038,,Scaffold,41.65,streptococcus,0
GCA_016642415.1,HMT-415,Streptococcus,rubneri,,CCUG 66516,22,2145322,,Scaffold,41.63,streptococcus,0
GCA_902481245.1,HMT-415,Streptococcus,rubneri,,MGYG-HGUT-02982,197,1039311,,Contig,42.79,streptococcus,0
GCA_916439315.1,HMT-415,Streptococcus,rubneri,,DRR214960_bin.36_metaWRAP_v1.1_MAG,2,2158965,yes,Contig,41.46,streptococcus,0
GCA_000225385.2,HMT-755,Streptococcus,salivarius,,M18,6,2325981,,Contig,39.44,streptococcus,0
GCA_000253315.1,HMT-755,Streptococcus,salivarius,,JIM8777,1,2210574,,Complete Genome,40.07,streptococcus,0
GCA_000253335.1,HMT-755,Streptococcus,salivarius,,CCHSS3,1,2217184,,Complete Genome,39.87,streptococcus,0
GCA_000305335.2,HMT-755,Streptococcus,salivarius,,57.I,2,2138805,,Complete Genome,39.95,streptococcus,0
GCA_000448685.2,HMT-755,Streptococcus,salivarius,,HSISS4,1,2100988,,Complete Genome,40.22,streptococcus,0
GCA_000785515.1,HMT-755,Streptococcus,salivarius,,NCTC 8618,1,2188923,,Complete Genome,40.15,streptococcus,0
GCA_000963265.1,HMT-755,Streptococcus,salivarius,,UC3162,23,2164807,,Contig,40.09,streptococcus,0
GCA_000963335.1,HMT-755,Streptococcus,salivarius,,KB005,21,2293898,,Contig,39.63,streptococcus,0
GCA_001073005.1,HMT-755,Streptococcus,salivarius,,449_SSPC,31,2095754,,Scaffold,40.09,streptococcus,0
GCA_001543085.1,HMT-755,Streptococcus,salivarius,,JF,1,2191044,,Complete Genome,40.19,streptococcus,0
GCA_001659645.1,HMT-755,Streptococcus,salivarius,,20-12 S2,4,2177169,,Contig,39.84,streptococcus,0
GCA_002073515.2,HMT-755,Streptococcus,salivarius,,FDAARGOS_251,2,2311542,,Complete Genome,39.31,streptococcus,0
GCA_002073815.2,HMT-755,Streptococcus,salivarius,,FDAARGOS_192,3,2435494,,Complete Genome,39.61,streptococcus,0
GCA_002073835.2,HMT-755,Streptococcus,salivarius,,FDAARGOS_259,1,2259318,,Complete Genome,40.14,streptococcus,0
GCA_002093995.1,HMT-755,Streptococcus,salivarius,,34-09 S8,11,2195835,,Contig,39.77,streptococcus,0
GCA_002094005.1,HMT-755,Streptococcus,salivarius,,85-06 S24,13,2255022,,Contig,39.86,streptococcus,0
GCA_002094955.1,HMT-755,Streptococcus,salivarius,,ATCC 27945,1,2108274,,Complete Genome,40.24,streptococcus,0
GCA_002094975.1,HMT-755,Streptococcus,salivarius,,ATCC 25975,2,2326348,,Complete Genome,39.67,streptococcus,0
GCA_002860785.1,HMT-755,Streptococcus,salivarius,,UMB0051,27,2377669,,Scaffold,39.56,streptococcus,0
GCA_002925865.1,HMT-755,Streptococcus,salivarius,,F6-1,16,2206463,,Scaffold,39.98,streptococcus,0
GCA_003231475.1,HMT-755,Streptococcus,salivarius,,HS0302,30,2437080,,Contig,39.38,streptococcus,0
GCA_004166915.1,HMT-755,Streptococcus,salivarius,,bf_0095,26,2112364,,Contig,40.06,streptococcus,0
GCA_008305695.1,HMT-755,Streptococcus,salivarius,,LAB813,2,2426257,,Complete Genome,39.71,streptococcus,0
GCA_009716755.1,HMT-755,Streptococcus,salivarius,,BIOML-A36,14,2159533,,Contig,39.83,streptococcus,0
GCA_009716765.1,HMT-755,Streptococcus,salivarius,,BIOML-A35,29,2089069,,Scaffold,39.82,streptococcus,0
GCA_009716785.1,HMT-755,Streptococcus,salivarius,,BIOML-A34,30,2091603,,Scaffold,39.83,streptococcus,0
GCA_009716965.1,HMT-755,Streptococcus,salivarius,,BIOML-A26,34,2094880,,Contig,39.87,streptococcus,0
GCA_009716995.1,HMT-755,Streptococcus,salivarius,,BIOML-A29,17,2134102,,Contig,39.87,streptococcus,0
GCA_009717045.1,HMT-755,Streptococcus,salivarius,,BIOML-A24,11,2137542,,Contig,39.87,streptococcus,0
GCA_009717055.1,HMT-755,Streptococcus,salivarius,,BIOML-A25,14,2135103,,Contig,39.87,streptococcus,0
GCA_009717065.1,HMT-755,Streptococcus,salivarius,,BIOML-A23,22,2163566,,Contig,39.78,streptococcus,0
GCA_009717105.1,HMT-755,Streptococcus,salivarius,,BIOML-A21,18,2134050,,Contig,39.87,streptococcus,0
GCA_009717115.1,HMT-755,Streptococcus,salivarius,,BIOML-A22,13,2134163,,Contig,39.87,streptococcus,0
GCA_009717155.1,HMT-755,Streptococcus,salivarius,,BIOML-A18,35,2095073,,Contig,39.85,streptococcus,0
GCA_009717165.1,HMT-755,Streptococcus,salivarius,,BIOML-A19,19,2134979,,Contig,39.88,streptococcus,0
GCA_009717205.1,HMT-755,Streptococcus,salivarius,,BIOML-A17,32,2088645,,Contig,39.82,streptococcus,0
GCA_009717225.1,HMT-755,Streptococcus,salivarius,,BIOML-A16,11,2135594,,Contig,39.87,streptococcus,0
GCA_009717245.1,HMT-755,Streptococcus,salivarius,,BIOML-A15,20,2136037,,Scaffold,39.88,streptococcus,0
GCA_009717255.1,HMT-755,Streptococcus,salivarius,,BIOML-A14,34,2094279,,Scaffold,39.87,streptococcus,0
GCA_009717265.1,HMT-755,Streptococcus,salivarius,,BIOML-A13,22,2147103,,Contig,39.89,streptococcus,0
GCA_009717325.1,HMT-755,Streptococcus,salivarius,,BIOML-A10,15,2109985,,Contig,40.05,streptococcus,0
GCA_009717375.1,HMT-755,Streptococcus,salivarius,,BIOML-A7,22,2113391,,Contig,40.06,streptococcus,0
GCA_009717425.1,HMT-755,Streptococcus,salivarius,,BIOML-A5,19,2343979,,Scaffold,39.64,streptococcus,0
GCA_009717435.1,HMT-755,Streptococcus,salivarius,,BIOML-A4,22,2345253,,Scaffold,39.65,streptococcus,0
GCA_009717465.1,HMT-755,Streptococcus,salivarius,,BIOML-A2,25,2066814,,Scaffold,39.99,streptococcus,0
GCA_009717495.1,HMT-755,Streptococcus,salivarius,,BIOML-A1,24,2065453,,Scaffold,39.99,streptococcus,0
GCA_009738205.1,HMT-755,Streptococcus,salivarius,,ICDC1,1,2193178,,Complete Genome,39.83,streptococcus,0
GCA_009738225.1,HMT-755,Streptococcus,salivarius,,ICDC2,2,2442990,,Complete Genome,39.53,streptococcus,0
GCA_009738245.1,HMT-755,Streptococcus,salivarius,,ICDC3,1,2193173,,Complete Genome,39.83,streptococcus,0
GCA_013267495.1,HMT-755,Streptococcus,salivarius,,FDAARGOS_771,1,1999501,,Complete Genome,40.15,streptococcus,0
GCA_013822985.1,HMT-755,Streptococcus,salivarius,,DB-B5,4,2343299,,Complete Genome,39.9,streptococcus,0
GCA_015551585.1,HMT-755,Streptococcus,salivarius,,D53t1_180928_G12,24,2211514,,Scaffold,39.95,streptococcus,0
GCA_015556225.1,HMT-755,Streptococcus,salivarius,,1001713B170131_170501_D3,18,2108549,,Scaffold,40.03,streptococcus,0
GCA_016127535.1,HMT-755,Streptococcus,salivarius,,FDAARGOS_1045,1,2318817,,Complete Genome,39.58,streptococcus,0
GCA_016648635.1,HMT-755,Streptococcus,salivarius,,21.1,30,2114671,,Scaffold,39.99,streptococcus,0
GCA_016648745.1,HMT-755,Streptococcus,salivarius,,11.1,28,2198129,,Scaffold,39.81,streptococcus,0
GCA_019972895.1,HMT-755,Streptococcus,salivarius,,JCM 5707,34,2166453,,Contig,40.04,streptococcus,0
GCA_020404185.1,HMT-755,Streptococcus,salivarius,,E31,26,2151131,,Contig,39.93,streptococcus,0
GCA_020404345.1,HMT-755,Streptococcus,salivarius,,E32,25,2152518,,Contig,39.93,streptococcus,0
GCA_022936265.1,HMT-755,Streptococcus,salivarius,,SALI-10,2,2261408,,Complete Genome,39.9,streptococcus,0
GCA_023109335.1,HMT-755,Streptococcus,salivarius,,S48,27,2200669,,Scaffold,39.95,streptococcus,0
GCA_023109355.1,HMT-755,Streptococcus,salivarius,,S49,26,2345487,,Scaffold,39.49,streptococcus,0
GCA_024295525.1,HMT-755,Streptococcus,salivarius,,CF7-4,26,2130083,,Contig,39.92,streptococcus,0
GCA_024296065.1,HMT-755,Streptococcus,salivarius,,CF7-5,34,2137598,,Contig,39.94,streptococcus,0
GCA_026781795.1,HMT-755,Streptococcus,salivarius,,D17054061,34,2170019,,Contig,39.74,streptococcus,0
GCA_027661045.1,HMT-755,Streptococcus,salivarius,,AM100_PB1O_1D_1A,29,2175338,,Scaffold,39.86,streptococcus,0
GCA_027675265.1,HMT-755,Streptococcus,salivarius,,AM110-184,8,2109242,,Scaffold,40.08,streptococcus,0
GCA_027685745.1,HMT-755,Streptococcus,salivarius,,AF11-9H,26,2141896,,Scaffold,39.9,streptococcus,0
GCA_028325485.1,HMT-755,Streptococcus,salivarius,,1001283st1_F4_1001283B150210_160208,26,2182553,,Scaffold,39.92,streptococcus,0
GCA_028325505.1,HMT-755,Streptococcus,salivarius,,1001713st1_G9_1001713B170207_170306,11,2154846,,Scaffold,39.93,streptococcus,0
GCA_028325525.1,HMT-755,Streptococcus,salivarius,,1001713st1_A2_1001713B170131_170501,19,2156556,,Scaffold,39.96,streptococcus,0
GCA_028325655.1,HMT-755,Streptococcus,salivarius,,1001713st1_D3_1001713B170207_170306,14,2158320,,Scaffold,39.95,streptococcus,0
GCA_030284685.1,HMT-755,Streptococcus,salivarius,,VTCC 12812,29,2156728,,Scaffold,39.59,streptococcus,0
GCA_030316785.1,HMT-755,Streptococcus,salivarius,,VTCC 12813,31,2123229,,Scaffold,39.65,streptococcus,0
GCA_030440125.1,HMT-755,Streptococcus,salivarius,,SS4,20,2392142,,Contig,39.31,streptococcus,0
GCA_030440175.1,HMT-755,Streptococcus,salivarius,,SV2,34,2090545,,Contig,39.86,streptococcus,0
GCA_031192325.1,HMT-755,Streptococcus,salivarius,,LMG 11489,1,2195702,,Complete Genome,40.13,streptococcus,0
GCA_900143035.1,HMT-755,Streptococcus,salivarius,,ATCC 7073,18,2162983,,Scaffold,40.24,streptococcus,0
GCA_900475225.1,HMT-755,Streptococcus,salivarius,,NCTC7366,1,2184782,,Complete Genome,39.95,streptococcus,0
GCA_900636435.1,HMT-755,Streptococcus,salivarius,,NCTC8618,1,2206150,,Complete Genome,40.13,streptococcus,0
GCA_902363415.1,HMT-755,Streptococcus,salivarius,,MGYG-HGUT-00113,26,2252077,,Scaffold,39.75,streptococcus,0
GCA_902850275.2,HMT-755,Streptococcus,salivarius,,clinical strain from anonymous patient from Besancon hospital,1,2174336,,Scaffold,40.68,streptococcus,0
GCA_902850315.1,HMT-755,Streptococcus,salivarius,,clinical strain from anonymous patient of Besancon hospital,1,2288276,,Scaffold,39.94,streptococcus,0
GCA_902850335.2,HMT-755,Streptococcus,salivarius,,commensal strain from anonymous patient (individual 1),1,2190275,,Scaffold,40.84,streptococcus,0
GCA_902850355.2,HMT-755,Streptococcus,salivarius,,clinical strain from anonymous patient of Limoges Hospital,1,2220027,,Scaffold,40.34,streptococcus,0
GCA_902858925.1,HMT-755,Streptococcus,salivarius,,clinical strain from anonymous patient of Limoges Hospital,1,2264732,,Scaffold,39.95,streptococcus,0
GCA_902858935.1,HMT-755,Streptococcus,salivarius,,clinical strain from anonymous patient of Limoges Hospital,1,2185075,,Scaffold,40.19,streptococcus,0
GCA_902858945.1,HMT-755,Streptococcus,salivarius,,clinical strain from anonymous patient of Limoges Hospital,1,2184790,,Scaffold,40.6,streptococcus,0
GCA_902858995.1,HMT-755,Streptococcus,salivarius,,clinical strain from anonymous patient of Limoges Hospital,1,2318966,,Scaffold,42.95,streptococcus,0
GCA_902859005.1,HMT-755,Streptococcus,salivarius,,clinical strain from anonymous patient of Nancy Hospital,1,2170832,,Scaffold,40.16,streptococcus,0
GCA_902859025.1,HMT-755,Streptococcus,salivarius,,clinical strain from anonymous patient of Limoges Hospital,1,2285677,,Scaffold,40.79,streptococcus,0
GCA_902859035.1,HMT-755,Streptococcus,salivarius,,clinical strain from anonymous patient of Tours Hospital,1,2200590,,Scaffold,40.51,streptococcus,0
GCA_903172975.1,HMT-755,Streptococcus,salivarius,,commensal strain from anonymous patient (individual 1),1,2214583,,Scaffold,40.63,streptococcus,0
GCA_903908965.1,HMT-755,Streptococcus,salivarius,,clinical strain from anonymous patient from Besancon hospital,1,2174336,,Scaffold,40.68,streptococcus,0
GCA_903909965.1,HMT-755,Streptococcus,salivarius,,commensal strain from anonymous patient (individual 1),1,2190275,,Scaffold,40.84,streptococcus,0
GCA_903910465.1,HMT-755,Streptococcus,salivarius,,clinical strain from anonymous patient of Limoges Hospital,1,2220027,,Scaffold,40.34,streptococcus,0
GCA_905071825.1,HMT-755,Streptococcus,salivarius,,AMBR024,33,2320709,,Contig,39.61,streptococcus,0
GCA_905071845.1,HMT-755,Streptococcus,salivarius,,AMBR055,31,2365112,,Scaffold,39.51,streptococcus,0
GCA_916619785.1,HMT-755,Streptococcus,salivarius,,Marseille-Q3604,5,2221767,,Contig,39.85,streptococcus,0
GCA_000014205.1,HMT-758,Streptococcus,sanguinis,,SK36,1,2388435,,Complete Genome,43.4,streptococcus,0
GCA_000188275.1,HMT-758,Streptococcus,sanguinis,,VMC66,5,2319451,,Scaffold,43.48,streptococcus,0
GCA_000191085.1,HMT-758,Streptococcus,sanguinis,,SK353,3,2301077,,Scaffold,43.54,streptococcus,0
GCA_000191105.1,HMT-758,Streptococcus,sanguinis,,SK405,9,2298289,,Scaffold,43.29,streptococcus,0
GCA_000191125.1,HMT-758,Streptococcus,sanguinis,,SK678,4,2298720,,Scaffold,43.52,streptococcus,0
GCA_000192185.1,HMT-758,Streptococcus,sanguinis,,SK72,6,2376010,,Scaffold,43.63,streptococcus,0
GCA_000192205.1,HMT-758,Streptococcus,sanguinis,,SK115,5,2346734,,Scaffold,43.63,streptococcus,0
GCA_000192245.1,HMT-758,Streptococcus,sanguinis,,SK150,5,2324334,,Scaffold,43.48,streptococcus,0
GCA_000192275.1,HMT-758,Streptococcus,sanguinis,,SK160,5,2333870,,Scaffold,43.5,streptococcus,0
GCA_000194945.1,HMT-758,Streptococcus,sanguinis,,SK1,7,2280483,,Scaffold,43.32,streptococcus,0
GCA_000194965.1,HMT-758,Streptococcus,sanguinis,,SK1057,5,2348778,,Scaffold,43.57,streptococcus,0
GCA_000195045.1,HMT-758,Streptococcus,sanguinis,,SK408,6,2398571,,Scaffold,42.83,streptococcus,0
GCA_000195125.1,HMT-758,Streptococcus,sanguinis,,SK1058,4,2352829,,Scaffold,43.39,streptococcus,0
GCA_000204475.1,HMT-758,Streptococcus,sanguinis,,SK1087,7,2315021,,Scaffold,43.33,streptococcus,0
GCA_000212795.1,HMT-758,Streptococcus,sanguinis,,SK1059,9,2428274,,Scaffold,42.94,streptococcus,0
GCA_000212815.1,HMT-758,Streptococcus,sanguinis,,SK49,5,2279404,,Scaffold,43.44,streptococcus,0
GCA_000212835.1,HMT-758,Streptococcus,sanguinis,,SK1056,3,2376689,,Scaffold,43.4,streptococcus,0
GCA_000212855.1,HMT-758,Streptococcus,sanguinis,,SK355,6,2370432,,Scaffold,43.81,streptococcus,0
GCA_000220275.1,HMT-758,Streptococcus,sanguinis,,SK340,4,2408728,,Scaffold,43.29,streptococcus,0
GCA_000220315.1,HMT-758,Streptococcus,sanguinis,,ATCC 29667,10,2429348,,Scaffold,42.95,streptococcus,0
GCA_000286495.1,HMT-758,Streptococcus,sanguinis,,AS14,19,2331493,,Contig,43.14,streptococcus,0
GCA_000507745.1,HMT-758,Streptococcus,sanguinis,,CC94A,7,2507043,,Scaffold,43.12,streptococcus,0
GCA_001071805.1,HMT-758,Streptococcus,sanguinis,,216_SSAN,68,2357426,,Contig,43.07,streptococcus,0
GCA_001073285.1,HMT-758,Streptococcus,sanguinis,,550_SOLI,31,2433951,,Contig,42.94,streptococcus,0
GCA_001074035.1,HMT-758,Streptococcus,sanguinis,,711_SSAN,61,2336029,,Contig,43.13,streptococcus,0
GCA_001078705.1,HMT-758,Streptococcus,sanguinis,,2908,1,2308610,,Scaffold,43.34,streptococcus,0
GCA_001588715.1,HMT-758,Streptococcus,sanguinis,,MB451,27,2452761,,Contig,42.86,streptococcus,0
GCA_001588875.1,HMT-758,Streptococcus,sanguinis,,FSS4,63,2312671,,Contig,43.16,streptococcus,0
GCA_001588895.1,HMT-758,Streptococcus,sanguinis,,FSS9,20,2429261,,Contig,43.1,streptococcus,0
GCA_001593525.1,HMT-758,Streptococcus,sanguinis,,NCTC 7863,110,2302607,,Contig,43.28,streptococcus,0
GCA_002860765.1,HMT-758,Streptococcus,sanguinis,,UMB0028,14,2431001,,Scaffold,43.01,streptococcus,0
GCA_003858565.1,HMT-758,Streptococcus,sanguinis,,OH953,59,2476917,,Contig,42.97,streptococcus,0
GCA_003942265.1,HMT-758,Streptococcus,sanguinis,,BCC24,15,2313364,,Contig,43.13,streptococcus,0
GCA_003942275.1,HMT-758,Streptococcus,sanguinis,,BCC28,21,2380964,,Contig,43.14,streptococcus,0
GCA_003942295.1,HMT-758,Streptococcus,sanguinis,,BCC25,27,2299763,,Contig,43.38,streptococcus,0
GCA_003942365.1,HMT-758,Streptococcus,sanguinis,,BCC20,27,2375484,,Contig,43.13,streptococcus,0
GCA_003942375.1,HMT-758,Streptococcus,sanguinis,,BCC18,37,2337239,,Contig,43.21,streptococcus,0
GCA_003942385.1,HMT-758,Streptococcus,sanguinis,,BCC16,39,2433726,,Contig,43.0,streptococcus,0
GCA_003942405.1,HMT-758,Streptococcus,sanguinis,,BCC61,14,2379524,,Contig,43.15,streptococcus,0
GCA_003942415.1,HMT-758,Streptococcus,sanguinis,,BCC64,83,2363083,,Contig,43.21,streptococcus,0
GCA_003942475.1,HMT-758,Streptococcus,sanguinis,,BCC46,31,2322617,,Contig,43.36,streptococcus,0
GCA_003942485.1,HMT-758,Streptococcus,sanguinis,,BCC37,27,2386893,,Contig,43.14,streptococcus,0
GCA_003942595.1,HMT-758,Streptococcus,sanguinis,,BCC53,26,2471942,,Contig,42.92,streptococcus,0
GCA_003943655.1,HMT-758,Streptococcus,sanguinis,,BCC31,67,2292169,,Contig,43.44,streptococcus,0
GCA_003943715.1,HMT-758,Streptococcus,sanguinis,,BCC23,23,2382327,,Contig,43.37,streptococcus,0
GCA_003943735.1,HMT-758,Streptococcus,sanguinis,,BCC04,37,2392588,,Contig,42.89,streptococcus,0
GCA_003943755.1,HMT-758,Streptococcus,sanguinis,,BCC03,21,2368126,,Contig,43.13,streptococcus,0
GCA_003943785.1,HMT-758,Streptococcus,sanguinis,,BCC54,21,2470878,,Contig,42.91,streptococcus,0
GCA_003944125.1,HMT-758,Streptococcus,sanguinis,,BCA9,24,2303887,,Contig,42.91,streptococcus,0
GCA_003944405.1,HMT-758,Streptococcus,sanguinis,,BCA13,20,2359323,,Contig,43.28,streptococcus,0
GCA_003944415.1,HMT-758,Streptococcus,sanguinis,,BCA3,17,2338342,,Contig,43.28,streptococcus,0
GCA_003944465.1,HMT-758,Streptococcus,sanguinis,,KLC04,76,2366195,,Contig,43.12,streptococcus,0
GCA_003944475.1,HMT-758,Streptococcus,sanguinis,,KLC03,28,2362223,,Contig,43.13,streptococcus,0
GCA_003944485.1,HMT-758,Streptococcus,sanguinis,,KLC10,42,2345633,,Contig,43.29,streptococcus,0
GCA_008329445.1,HMT-758,Streptococcus,sanguinis,,S28,10,2367753,,Contig,43.07,streptococcus,0
GCA_009932775.1,HMT-758,Streptococcus,sanguinis,,OH0843,3,2454705,,Contig,43.04,streptococcus,0
GCA_012911545.1,HMT-758,Streptococcus,sanguinis,,S138,17,2350750,,Contig,43.22,streptococcus,0
GCA_013343115.1,HMT-758,Streptococcus,sanguinis,,FDAARGOS_770,1,2358846,,Complete Genome,43.32,streptococcus,0
GCA_013378335.1,HMT-758,Streptococcus,sanguinis,,CGMH010,1,2349491,,Complete Genome,42.81,streptococcus,0
GCA_013378355.1,HMT-758,Streptococcus,sanguinis,,CGMH058,1,2342565,,Complete Genome,42.95,streptococcus,0
GCA_019928725.1,HMT-758,Streptococcus,sanguinis,,SY17,38,2338339,,Contig,43.41,streptococcus,0
GCA_019928745.1,HMT-758,Streptococcus,sanguinis,,STn373,26,2410210,,Contig,43.23,streptococcus,0
GCA_019928825.1,HMT-758,Streptococcus,sanguinis,,ST249,11,2394974,,Contig,43.21,streptococcus,0
GCA_019928845.1,HMT-758,Streptococcus,sanguinis,,ST499,15,2361878,,Contig,43.17,streptococcus,0
GCA_019928885.1,HMT-758,Streptococcus,sanguinis,,ST02,19,2404606,,Contig,43.23,streptococcus,0
GCA_019928915.1,HMT-758,Streptococcus,sanguinis,,SK37,15,2373204,,Contig,43.37,streptococcus,0
GCA_019928935.1,HMT-758,Streptococcus,sanguinis,,SK164,12,2345415,,Contig,43.37,streptococcus,0
GCA_019929005.1,HMT-758,Streptococcus,sanguinis,,SK162,14,2346902,,Contig,43.21,streptococcus,0
GCA_019929015.1,HMT-758,Streptococcus,sanguinis,,MA4_6,13,2394702,,Contig,43.0,streptococcus,0
GCA_019929085.1,HMT-758,Streptococcus,sanguinis,,MA17,24,2401827,,Contig,43.01,streptococcus,0
GCA_019929095.1,HMT-758,Streptococcus,sanguinis,,KO19,31,2431618,,Contig,43.29,streptococcus,0
GCA_019929105.1,HMT-758,Streptococcus,sanguinis,,KO71,14,2348989,,Contig,43.41,streptococcus,0
GCA_019929145.1,HMT-758,Streptococcus,sanguinis,,KO9,31,2312052,,Contig,43.44,streptococcus,0
GCA_019929205.1,HMT-758,Streptococcus,sanguinis,,10556,11,2280325,,Contig,43.27,streptococcus,0
GCA_019929225.1,HMT-758,Streptococcus,sanguinis,,KO16,26,2424644,,Contig,43.31,streptococcus,0
GCA_020729665.1,HMT-758,Streptococcus,sanguinis,,ST01,18,2408145,,Contig,43.22,streptococcus,0
GCA_020729675.1,HMT-758,Streptococcus,sanguinis,,BR3,20,2355110,,Contig,43.12,streptococcus,0
GCA_020729715.1,HMT-758,Streptococcus,sanguinis,,SY10,46,2468568,,Contig,43.26,streptococcus,0
GCA_020729725.1,HMT-758,Streptococcus,sanguinis,,CR29,43,2486308,,Contig,42.97,streptococcus,0
GCA_023109815.1,HMT-758,Streptococcus,sanguinis,,S24,8,2328905,,Scaffold,43.09,streptococcus,0
GCA_026781295.1,HMT-758,Streptococcus,sanguinis,,K16280241,13,2415537,,Scaffold,43.06,streptococcus,0
GCA_026781315.1,HMT-758,Streptococcus,sanguinis,,B15805315,10,2338498,,Scaffold,43.12,streptococcus,0
GCA_026781445.1,HMT-758,Streptococcus,sanguinis,,A15001031,13,2307542,,Scaffold,43.1,streptococcus,0
GCA_026781465.1,HMT-758,Streptococcus,sanguinis,,A17000466,10,2357343,,Contig,42.89,streptococcus,0
GCA_026781525.1,HMT-758,Streptococcus,sanguinis,,A14001025,12,2348921,,Scaffold,43.39,streptococcus,0
GCA_026781545.1,HMT-758,Streptococcus,sanguinis,,A15000964,8,2328986,,Scaffold,43.28,streptococcus,0
GCA_026781585.1,HMT-758,Streptococcus,sanguinis,,A13000585,24,2363397,,Scaffold,43.43,streptococcus,0
GCA_026781625.1,HMT-758,Streptococcus,sanguinis,,A12055600,16,2324343,,Contig,43.27,streptococcus,0
GCA_026781665.1,HMT-758,Streptococcus,sanguinis,,A12068223,6,2330966,,Scaffold,43.18,streptococcus,0
GCA_026781685.1,HMT-758,Streptococcus,sanguinis,,A12021903,15,2494351,,Scaffold,42.95,streptococcus,0
GCA_026781745.1,HMT-758,Streptococcus,sanguinis,,15080773Y,62,2361760,,Contig,43.3,streptococcus,0
GCA_027686705.1,HMT-758,Streptococcus,sanguinis,,AF101-85,13,2407738,,Scaffold,43.1,streptococcus,0
GCA_027694265.1,HMT-758,Streptococcus,sanguinis,,OF14-9A,16,2375877,,Scaffold,43.26,streptococcus,0
GCA_031142805.1,HMT-758,Streptococcus,sanguinis,,IsoGale022,50,2349329,,Contig,43.42,streptococcus,0
GCA_900475045.1,HMT-758,Streptococcus,sanguinis,,NCTC11085,1,2449527,,Complete Genome,42.96,streptococcus,0
GCA_900475275.1,HMT-758,Streptococcus,sanguinis,,NCTC11086,1,2331387,,Complete Genome,43.39,streptococcus,0
GCA_900475505.1,HMT-758,Streptococcus,sanguinis,,NCTC7863,1,2296927,,Complete Genome,43.32,streptococcus,0
GCA_900635155.1,HMT-758,Streptococcus,sanguinis,,NCTC 10904,1,2360223,,Complete Genome,43.31,streptococcus,0
GCA_000767835.1,HMT-767,Streptococcus,sinensis,,HKU4,116,2061843,,Contig,42.16,streptococcus,0
GCA_001578725.1,HMT-767,Streptococcus,sinensis,,DD04,61,2199747,,Scaffold,44.61,streptococcus,0
GCA_019090945.2,HMT-767,Streptococcus,sinensis,,Forsyth1A,41,2119737,,Contig,42.02,streptococcus,0
GCA_021460765.1,HMT-767,Streptococcus,sinensis,,MIN-085,14,2206735,,Contig,41.99,streptococcus,0
GCA_026783805.1,HMT-767,Streptococcus,sinensis,,A15000414,88,2075536,,Scaffold,42.22,streptococcus,0
GCA_030586725.1,HMT-767,Streptococcus,sinensis,,SSSC01,50,2134166,,Contig,42.19,streptococcus,0
GCA_902460385.1,HMT-767,Streptococcus,sinensis,,Marseille-P7376,56,2292862,,Contig,41.9,streptococcus,0
GCA_000227805.2,HMT-768,Streptococcus,sobrinus,,TCI-13,292,2053482,,Contig,43.49,streptococcus,0
GCA_000227965.2,HMT-768,Streptococcus,sobrinus,,TCI-77,258,2106508,,Contig,43.48,streptococcus,0
GCA_000227985.2,HMT-768,Streptococcus,sobrinus,,TCI-79,247,2114540,,Contig,43.47,streptococcus,0
GCA_000228065.2,HMT-768,Streptococcus,sobrinus,,TCI-107,283,2136893,,Contig,43.41,streptococcus,0
GCA_000228125.2,HMT-768,Streptococcus,sobrinus,,TCI-124,255,2076686,,Contig,43.48,streptococcus,0
GCA_000228245.2,HMT-768,Streptococcus,sobrinus,,TCI-355,227,2070349,,Contig,43.53,streptococcus,0
GCA_000228265.2,HMT-768,Streptococcus,sobrinus,,TCI-357,220,2094807,,Contig,43.49,streptococcus,0
GCA_000228305.2,HMT-768,Streptococcus,sobrinus,,TCI-366,298,2070376,,Contig,43.57,streptococcus,0
GCA_000228445.2,HMT-768,Streptococcus,sobrinus,,TCI-384,196,2125481,,Contig,43.39,streptococcus,0
GCA_000228545.2,HMT-768,Streptococcus,sobrinus,,TCI-118,224,2107227,,Contig,43.5,streptococcus,0
GCA_000228665.2,HMT-768,Streptococcus,sobrinus,,TCI-200,216,2085681,,Contig,43.47,streptococcus,0
GCA_000347935.1,HMT-768,Streptococcus,sobrinus,,DSM 20742,283,2096203,,Contig,43.46,streptococcus,0
GCA_000439045.1,HMT-768,Streptococcus,sobrinus,,ATCC 33478,54,2133594,,Contig,43.42,streptococcus,0
GCA_000467915.2,HMT-768,Streptococcus,sobrinus,,W1703,83,2112484,,Scaffold,43.57,streptococcus,0
GCA_000686605.1,HMT-768,Streptococcus,sobrinus,,DSM 20742,54,2138493,,Scaffold,43.44,streptococcus,0
GCA_002266475.1,HMT-768,Streptococcus,sobrinus,,KCOM 1157,4,2198106,,Contig,43.45,streptococcus,0
GCA_003172975.1,HMT-768,Streptococcus,sobrinus,,10919,1,2145290,,Complete Genome,43.6,streptococcus,0
GCA_003172995.1,HMT-768,Streptococcus,sobrinus,,SL1,1,2198571,,Complete Genome,43.51,streptococcus,0
GCA_003176795.1,HMT-768,Streptococcus,sobrinus,,NIDR 6715-7,1,2145017,,Complete Genome,43.66,streptococcus,0
GCA_003176815.1,HMT-768,Streptococcus,sobrinus,,NIDR 6715-15,1,2144746,,Complete Genome,43.66,streptococcus,0
GCA_015669055.1,HMT-768,Streptococcus,sobrinus,,1001283B150210_160208_F1,53,2101309,,Scaffold,43.54,streptococcus,0
GCA_900475365.1,HMT-768,Streptococcus,sobrinus,,NCTC10921,1,2145110,,Complete Genome,43.66,streptococcus,0
GCA_900475395.1,HMT-768,Streptococcus,sobrinus,,NCTC12279,1,2198648,,Complete Genome,43.51,streptococcus,0
GCA_905199975.1,HMT-768,Streptococcus,sobrinus,,SRR7721897-bin.27,74,2052412,yes,Contig,43.56,streptococcus,0
GCA_937927005.1,HMT-768,Streptococcus,sobrinus,,ERR589515_bin.80_CONCOCT_v1.1_MAG,57,2101273,yes,Contig,43.39,streptococcus,0
GCA_000220065.2,HMT-056,Streptococcus,sp. HMT-056,,F0418,1,1943250,,Contig,39.47,streptococcus,0
GCA_001070265.1,HMT-056,Streptococcus,sp. HMT-056,,1116_SGOR,126,1890154,,Contig,39.49,streptococcus,0
GCA_000235485.1,HMT-058,Streptococcus,sp. HMT-058,,F0407,22,1848904,,Scaffold,41.23,streptococcus,0
GCA_000314795.2,HMT-066,Streptococcus,sp. HMT-066,,F0442,3,2231248,,Scaffold,41.96,streptococcus,0
GCA_001514435.1,HMT-152,Streptococcus,thermophilus,,S9,1,1787436,,Complete Genome,39.1,streptococcus,0
GCA_002443035.1,HMT-152,Streptococcus,thermophilus,,B59671,1,1821173,,Complete Genome,39.15,streptococcus,0
GCA_004354505.1,HMT-152,Streptococcus,thermophilus,,ATCC 19258,86,2074705,,Scaffold,38.94,streptococcus,0
GCA_010120595.1,HMT-152,Streptococcus,thermophilus,,ATCC 19258,1,2102268,,Complete Genome,39.02,streptococcus,0
GCA_013307285.1,HMT-152,Streptococcus,thermophilus,,CS18,1,1858890,,Complete Genome,39.08,streptococcus,0
GCA_019972875.1,HMT-152,Streptococcus,thermophilus,,DSM 20617,84,2017459,,Contig,38.92,streptococcus,0
GCA_020844005.1,HMT-152,Streptococcus,thermophilus,,4078,1,1837840,,Complete Genome,39.08,streptococcus,0
GCA_025948295.1,HMT-152,Streptococcus,thermophilus,,CNRZ385,1,1897009,,Complete Genome,39.07,streptococcus,0
GCA_030846755.1,HMT-152,Streptococcus,thermophilus,,CICC 20372,1,1852351,,Complete Genome,39.06,streptococcus,0
GCA_903886345.1,HMT-152,Streptococcus,thermophilus,,STH_CIRM_32,1,1860069,,Complete Genome,39.09,streptococcus,0
GCA_000180075.1,HMT-021,Streptococcus,vestibularis,,F0396,11,2022289,,Contig,39.64,streptococcus,0
GCA_000188295.1,HMT-021,Streptococcus,vestibularis,,ATCC 49124,21,1872773,,Scaffold,40.61,streptococcus,0
GCA_001068405.1,HMT-021,Streptococcus,vestibularis,,1005_STHE,137,2012516,,Contig,39.24,streptococcus,0
GCA_001069025.1,HMT-021,Streptococcus,vestibularis,,1004_SSPC,129,2012293,,Contig,39.24,streptococcus,0
GCA_001657905.1,HMT-021,Streptococcus,vestibularis,,22-04 S5,74,1863804,,Contig,39.47,streptococcus,0
GCA_001657915.1,HMT-021,Streptococcus,vestibularis,,22-06 S6,7,1882671,,Scaffold,39.5,streptococcus,0
GCA_003438185.1,HMT-021,Streptococcus,vestibularis,,OM08-1,52,1898011,,Scaffold,39.5,streptococcus,0
GCA_018377135.1,HMT-021,Streptococcus,vestibularis,,L3_063_000G1_dasL3_063_000G1_concoct_18,240,1842922,yes,Contig,39.56,streptococcus,0
GCA_020590155.1,HMT-021,Streptococcus,vestibularis,,DFI.4.125,91,1931486,,Contig,39.58,streptococcus,0
GCA_020593075.1,HMT-021,Streptococcus,vestibularis,,DFI.4.52,97,1927681,,Contig,39.59,streptococcus,0
GCA_022770005.1,HMT-021,Streptococcus,vestibularis,,SUG54,190,1770595,,Contig,39.5,streptococcus,0
GCA_023110145.1,HMT-021,Streptococcus,vestibularis,,S06,53,2091596,,Scaffold,39.2,streptococcus,0
GCA_023110355.1,HMT-021,Streptococcus,vestibularis,,O4-4,49,1882797,,Scaffold,39.58,streptococcus,0
GCA_026781275.1,HMT-021,Streptococcus,vestibularis,,D13009425,183,1919327,,Scaffold,39.63,streptococcus,0
GCA_028307985.1,HMT-021,Streptococcus,vestibularis,,DP3_2B_2,121,1990877,,Contig,39.53,streptococcus,0
GCA_028308045.1,HMT-021,Streptococcus,vestibularis,,DP3_4,145,1989572,,Contig,39.53,streptococcus,0
GCA_028308115.1,HMT-021,Streptococcus,vestibularis,,DP3_6B,126,1993697,,Contig,39.53,streptococcus,0
GCA_028308145.1,HMT-021,Streptococcus,vestibularis,,DP3_6A_2,104,1995339,,Scaffold,39.53,streptococcus,0
GCA_028308185.1,HMT-021,Streptococcus,vestibularis,,DP3_9B,146,1988678,,Scaffold,39.54,streptococcus,0
GCA_028308465.1,HMT-021,Streptococcus,vestibularis,,DP4_2A,153,1964172,,Contig,39.37,streptococcus,0
GCA_030444115.1,HMT-021,Streptococcus,vestibularis,,SVE8,40,1894186,,Contig,39.54,streptococcus,0
GCA_900636445.1,HMT-021,Streptococcus,vestibularis,,NCTC12167,1,1950305,,Complete Genome,39.65,streptococcus,0
GCA_902167825.1,HMT-021,Streptococcus,vestibularis,,Streptococcus_salivarius_SS_Bg39,37,2029376,,Contig,39.51,streptococcus,0
GCA_902385605.1,HMT-021,Streptococcus,vestibularis,,MGYG-HGUT-02302,52,1898011,,Scaffold,39.5,streptococcus,0
GCA_905209855.1,HMT-021,Streptococcus,vestibularis,,ERR260276-bin.4,106,1811841,yes,Contig,39.63,streptococcus,0
GCA_958445235.1,HMT-021,Streptococcus,vestibularis,,ERR9609794_bin.7_MetaWRAP_v1.3_MAG,72,1832103,yes,Contig,39.61,streptococcus,0
GCA_959024065.1,HMT-021,Streptococcus,vestibularis,,SRR13494527_bin.15_MetaWRAP_v1.3_MAG,117,1849155,yes,Contig,39.35,streptococcus,0
GCA_959608055.1,HMT-021,Streptococcus,vestibularis,,SRR16280094_bin.34_MetaWRAP_v1.3_MAG,170,1667227,yes,Contig,39.65,streptococcus,0
GCA_000219605.1,HMT-477,Stutzerimonas,stutzeri,,CGMCC 1.1803,1,4547930,,Complete Genome,63.93,stutzerimonas,0
GCA_000327065.1,HMT-477,Stutzerimonas,stutzeri,,RCH2,4,4600489,,Complete Genome,62.49,stutzerimonas,0
GCA_000590475.1,HMT-477,Stutzerimonas,stutzeri,,28a24,1,4731359,,Complete Genome,60.58,stutzerimonas,0
GCA_009789555.1,HMT-477,Stutzerimonas,stutzeri,,PM101005,2,4948328,,Complete Genome,61.89,stutzerimonas,0
GCA_015291885.1,HMT-477,Stutzerimonas,stutzeri,,ATCC 14405,1,4639098,,Complete Genome,61.31,stutzerimonas,0
GCA_018138085.1,HMT-477,Stutzerimonas,stutzeri,,F2,2,5066586,,Complete Genome,62.2,stutzerimonas,0
GCA_000238215.1,HMT-613,Tannerella,forsythia,,92A2,1,3405521,,Complete Genome,46.98,tannerella,1
GCA_001006485.1,HMT-613,Tannerella,forsythia,,ATCC 43037,141,3281748,,Contig,47.14,tannerella,1
GCA_001547855.1,HMT-613,Tannerella,forsythia,,KS16,1,3393002,,Complete Genome,47.18,tannerella,1
GCA_001547875.1,HMT-613,Tannerella,forsythia,,3313,1,3350939,,Complete Genome,47.07,tannerella,1
GCA_001938785.1,HMT-613,Tannerella,forsythia,,9610,79,3201941,,Scaffold,47.29,tannerella,1
GCA_002529085.1,HMT-613,Tannerella,forsythia,,WW11663,140,3300179,,Contig,47.09,tannerella,1
GCA_002529295.1,HMT-613,Tannerella,forsythia,,WW10960,98,3312685,,Contig,47.16,tannerella,1
GCA_006385365.1,HMT-613,Tannerella,forsythia,,ATCC 43037,87,3296274,,Scaffold,47.26,tannerella,1
GCA_900096715.1,HMT-613,Tannerella,forsythia,,UB22,98,3272368,,Scaffold,47.07,tannerella,1
GCA_900096725.1,HMT-613,Tannerella,forsythia,,UB4,71,3233032,,Scaffold,47.21,tannerella,1
GCA_900096735.1,HMT-613,Tannerella,forsythia,,UB20,93,3252894,,Scaffold,47.06,tannerella,1
GCA_905373495.1,HMT-613,Tannerella,forsythia,,SRR9217473-mag-bin.6,93,2971623,yes,Contig,47.55,tannerella,1
GCA_938034995.1,HMT-613,Tannerella,forsythia,,SRR9217414_bin.59_CONCOCT_v1.1_MAG,106,3139861,yes,Contig,47.32,tannerella,1
GCA_001717525.2,HMT-286,Tannerella,serpentiformis,,W11667,1,2973544,,Complete Genome,56.45,tannerella,1
GCA_003033925.1,HMT-286,Tannerella,serpentiformis,,W11666,1,3013600,,Chromosome,56.43,tannerella,1
GCA_905372755.1,HMT-286,Tannerella,serpentiformis,,SRR9217428-mag-bin.24,141,2717455,yes,Contig,56.96,tannerella,1
GCA_915063695.1,HMT-286,Tannerella,serpentiformis,,SRR2037090_bin.3_metaWRAP_v1.1_MAG,282,1941934,yes,Contig,58.12,tannerella,1
GCA_938049055.1,HMT-286,Tannerella,serpentiformis,,ERR589373_bin.39_CONCOCT_v1.1_MAG,138,2605542,yes,Contig,57.08,tannerella,1
GCA_000008185.1,HMT-584,Treponema,denticola,,ATCC 35405,1,2843201,,Complete Genome,37.87,treponema,1
GCA_000191825.1,HMT-584,Treponema,denticola,,F0402,12,2742634,,Scaffold,37.96,treponema,1
GCA_000338455.1,HMT-584,Treponema,denticola,,SP37,2,2823766,,Scaffold,38.3,treponema,1
GCA_000338475.1,HMT-584,Treponema,denticola,,SP33,4,2933485,,Scaffold,38.07,treponema,1
GCA_000338515.1,HMT-584,Treponema,denticola,,MYR-T,2,2935848,,Scaffold,38.08,treponema,1
GCA_000338595.1,HMT-584,Treponema,denticola,,ATCC 33521,3,2762110,,Scaffold,38.32,treponema,1
GCA_000338615.1,HMT-584,Treponema,denticola,,ATCC 33520,2,2886890,,Scaffold,38.2,treponema,1
GCA_000338635.1,HMT-584,Treponema,denticola,,ASLM,2,2768236,,Scaffold,38.39,treponema,1
GCA_000340605.1,HMT-584,Treponema,denticola,,H1-T,1,2929700,,Chromosome,38.13,treponema,1
GCA_000340645.1,HMT-584,Treponema,denticola,,H-22,1,2757856,,Chromosome,38.17,treponema,1
GCA_000340685.1,HMT-584,Treponema,denticola,,ATCC 35404,1,2771508,,Chromosome,38.44,treponema,1
GCA_000340705.1,HMT-584,Treponema,denticola,,OTK,1,2857526,,Chromosome,37.87,treponema,1
GCA_000340725.1,HMT-584,Treponema,denticola,,AL-2,1,2843090,,Chromosome,38.24,treponema,1
GCA_000340745.1,HMT-584,Treponema,denticola,,US-Trep,2,2765731,,Scaffold,38.26,treponema,1
GCA_000413075.1,HMT-584,Treponema,denticola,,SP44,8,2824736,,Scaffold,38.11,treponema,1
GCA_000413095.1,HMT-584,Treponema,denticola,,SP32,6,2990277,,Scaffold,38.37,treponema,1
GCA_000413115.1,HMT-584,Treponema,denticola,,SP23,3,2825999,,Scaffold,38.03,treponema,1
GCA_003538675.1,HMT-584,Treponema,denticola,,UBA8850,25,2710007,,Scaffold,38.06,treponema,1
GCA_024181425.1,HMT-584,Treponema,denticola,,OT2B,1,2841718,,Complete Genome,37.88,treponema,1
GCA_024181445.1,HMT-584,Treponema,denticola,,CD-1,1,2892458,,Complete Genome,37.88,treponema,1
GCA_024181485.1,HMT-584,Treponema,denticola,,OMZ 852,1,2882651,,Complete Genome,37.84,treponema,1
GCA_024181505.1,HMT-584,Treponema,denticola,,OMZ 898,1,2817074,,Complete Genome,37.9,treponema,1
GCA_024181545.1,HMT-584,Treponema,denticola,,OMZ 850,1,2747952,,Complete Genome,37.89,treponema,1
GCA_024181625.1,HMT-584,Treponema,denticola,,OKA3,1,2853053,,Complete Genome,37.92,treponema,1
GCA_024181645.1,HMT-584,Treponema,denticola,,OMZ 854,1,2782312,,Complete Genome,37.66,treponema,1
GCA_024181665.1,HMT-584,Treponema,denticola,,B152,1,2758702,,Complete Genome,38.0,treponema,1
GCA_025905525.1,HMT-584,Treponema,denticola,,KCOM 3500,1,2778422,,Complete Genome,38.05,treponema,1
GCA_900497605.1,HMT-584,Treponema,denticola,,Marseille-5-CSURP7640,46,2795521,,Contig,38.1,treponema,1
GCA_000468055.1,HMT-653,Treponema,lecithinolyticum,,ATCC 700332,21,2340885,,Scaffold,43.84,treponema,1
GCA_000413055.1,HMT-664,Treponema,maltophilum,,ATCC 51939,1,2530388,,Scaffold,47.95,treponema,1
GCA_000413035.1,HMT-667,Treponema,medium,,ATCC 700293,1,2727508,,Scaffold,44.5,treponema,1
GCA_017161225.1,HMT-667,Treponema,medium,,T19,1,2886632,,Complete Genome,44.25,treponema,1
GCA_017161265.1,HMT-667,Treponema,medium,,ATCC 700293,1,2721998,,Complete Genome,44.26,treponema,1
GCA_018336815.1,HMT-667,Treponema,medium,,OMZ 806,1,2711688,,Complete Genome,44.89,treponema,1
GCA_024181325.1,HMT-667,Treponema,medium,,OMZ 305,1,2629551,,Complete Genome,45.05,treponema,1
GCA_000008605.1,HMT-805,Treponema,pallidum,,Nichols,1,1138011,,Complete Genome,52.78,treponema,1
GCA_000217655.1,HMT-805,Treponema,pallidum,,Cuniculi A,1,1133390,,Complete Genome,52.74,treponema,1
GCA_005885795.1,HMT-805,Treponema,pallidum,,X-4,1,1139838,,Complete Genome,52.79,treponema,1
GCA_023016345.1,HMT-805,Treponema,pallidum,,TpN-CL8,1,1139539,,Complete Genome,52.79,treponema,1
GCA_023016425.1,HMT-805,Treponema,pallidum,,TpN-CL3,1,1139665,,Complete Genome,52.79,treponema,1
GCA_023016445.1,HMT-805,Treponema,pallidum,,TpN-CL2,1,1139537,,Complete Genome,52.79,treponema,1
GCA_029866565.1,HMT-805,Treponema,pallidum,,19LMF8280815,1,1139879,,Complete Genome,52.79,treponema,1
GCA_029866705.1,HMT-805,Treponema,pallidum,,22LMF5290815,1,1140667,,Complete Genome,52.8,treponema,1
GCA_029866725.1,HMT-805,Treponema,pallidum,,24SNM5151115,1,1140433,,Complete Genome,52.8,treponema,1
GCA_030436145.1,HMT-805,Treponema,pallidum,,L2,1,1132489,,Complete Genome,52.73,treponema,1
GCA_017893945.1,HMT-724,Treponema,parvum,,ATCC 700773,1,2626237,,Complete Genome,44.36,treponema,1
GCA_017893965.1,HMT-724,Treponema,parvum,,ATCC 700770,1,2658287,,Complete Genome,43.98,treponema,1
GCA_017893985.1,HMT-724,Treponema,parvum,,OMZ 843,1,2609480,,Complete Genome,44.37,treponema,1
GCA_900497565.1,HMT-725,Treponema,pectinovorum,,Marseille-2-CSURP6642,119,2222979,,Contig,36.94,treponema,1
GCA_900497585.1,HMT-725,Treponema,pectinovorum,,Marseille-4-CSURP7639,62,2140854,,Contig,37.01,treponema,1
GCA_900497595.1,HMT-725,Treponema,pectinovorum,,Marseille-3-CSURP7641,10,2224027,,Contig,37.13,treponema,1
GCA_900566195.1,HMT-725,Treponema,pectinovorum,,Marseille-1-CSURP6641,12,2246732,,Scaffold,36.78,treponema,1
GCA_900573895.1,HMT-725,Treponema,pectinovorum,,ATCC 700769,6,2319274,,Contig,36.88,treponema,1
GCA_000755145.1,HMT-743,Treponema,putidum,,OMZ 758,2,2800562,,Complete Genome,37.29,treponema,1
GCA_007830595.1,HMT-743,Treponema,putidum,,ATCC 700334,40,2772337,,Scaffold,37.28,treponema,1
GCA_024400855.1,HMT-743,Treponema,putidum,,OMZ 847,1,2951713,,Complete Genome,37.19,treponema,1
GCA_024401005.1,HMT-743,Treponema,putidum,,OMZ 846,1,2915271,,Complete Genome,37.17,treponema,1
GCA_024401155.1,HMT-743,Treponema,putidum,,OMZ 835,1,2762635,,Complete Genome,37.28,treponema,1
GCA_902983995.1,HMT-438,Treponema,socranskii,,Marseille-CSURQ0203,1,2866542,,Complete Genome,48.41,treponema,1
GCA_000413015.1,HMT-440,Treponema,socranskii,,ATCC 35535,2,2742149,,Scaffold,48.47,treponema,1
GCA_000464455.1,HMT-769,Treponema,socranskii,,VPI DR56BR1116,74,2804628,,Contig,49.39,treponema,1
GCA_000468115.1,HMT-769,Treponema,socranskii,,ATCC 35536,84,2826695,,Contig,49.16,treponema,1
GCA_000175895.1,HMT-029,Treponema,vincentii,,ATCC 35580,79,2514590,,Contig,45.69,treponema,1
GCA_000412995.1,HMT-029,Treponema,vincentii,,F0403,3,2693493,,Scaffold,45.82,treponema,1
GCA_024181105.1,HMT-029,Treponema,vincentii,,OMZ 861,1,2641120,,Complete Genome,45.57,treponema,1
GCA_024181125.1,HMT-029,Treponema,vincentii,,OMZ 862,1,2717368,,Complete Genome,45.52,treponema,1
GCA_024181205.1,HMT-029,Treponema,vincentii,,OMZ 802,1,2594485,,Complete Genome,45.68,treponema,1
GCA_010365865.1,HMT-432,Treponema,vincentii,,OMZ 804,1,2980180,,Complete Genome,44.32,treponema,1
GCA_024181165.1,HMT-432,Treponema,vincentii,,BF2M,1,2804974,,Complete Genome,44.44,treponema,1
GCA_024181185.1,HMT-432,Treponema,vincentii,,OMZ 906,1,2812357,,Complete Genome,44.5,treponema,1
GCA_000006625.1,HMT-799,Ureaplasma,parvum,,ATCC 700970,1,751719,,Complete Genome,25.5,ureaplasma,0
GCA_000019345.1,HMT-799,Ureaplasma,parvum,,ATCC 27815,1,751679,,Complete Genome,25.5,ureaplasma,0
GCA_000828735.1,HMT-799,Ureaplasma,parvum,,SV3F4,1,727289,,Complete Genome,25.55,ureaplasma,0
GCA_002205515.1,HMT-799,Ureaplasma,parvum,,hebnu3h04,1,732889,,Complete Genome,25.41,ureaplasma,0
GCA_002205535.1,HMT-799,Ureaplasma,parvum,,hebnu3h05,1,722452,,Complete Genome,25.44,ureaplasma,0
GCA_002205595.1,HMT-799,Ureaplasma,parvum,,hebnu1229,1,737737,,Complete Genome,25.43,ureaplasma,0
GCA_002205735.1,HMT-799,Ureaplasma,parvum,,hebnu uu3,1,727176,,Complete Genome,25.45,ureaplasma,0
GCA_003953005.1,HMT-799,Ureaplasma,parvum,,OMC-P162,1,732031,,Complete Genome,25.47,ureaplasma,0
GCA_006716515.1,HMT-799,Ureaplasma,parvum,,106,1,741809,,Complete Genome,25.53,ureaplasma,0
GCA_021460135.1,HMT-799,Ureaplasma,parvum,,MIN-198,1,726862,,Complete Genome,25.46,ureaplasma,0
GCA_000221565.2,HMT-375,Urinicoccus,timonensis,,F0436,1,1950550,,Contig,41.39,urinicoccus,0
GCA_018363925.1,HMT-375,Urinicoccus,timonensis,,L3_108_103G1_dasL3_108_103G1_concoct_38,56,1604899,yes,Contig,42.65,urinicoccus,0
GCA_900232945.1,HMT-375,Urinicoccus,timonensis,,Marseille-P3926,13,1978908,,Contig,41.12,urinicoccus,0
GCA_000184745.1,HMT-717,Variovorax,paradoxus,,EPS,1,6550056,,Complete Genome,66.48,variovorax,0
GCA_000463015.1,HMT-717,Variovorax,paradoxus,,B4,2,7148516,,Complete Genome,67.16,variovorax,0
GCA_001591365.1,HMT-717,Variovorax,paradoxus,,NBRC 15149,16,6664268,,Contig,67.74,variovorax,0
GCA_009498455.1,HMT-717,Variovorax,paradoxus,,5C-2,1,7288087,,Complete Genome,67.26,variovorax,0
GCA_009755665.1,HMT-717,Variovorax,paradoxus,,CSUSB,1,5574400,,Complete Genome,65.74,variovorax,0
GCA_014843395.1,HMT-717,Variovorax,paradoxus,,38R,1,6870625,,Complete Genome,67.52,variovorax,0
GCA_030812115.1,HMT-717,Variovorax,paradoxus,,DS3943,30,7076942,,Contig,66.53,variovorax,0
GCA_030815625.1,HMT-717,Variovorax,paradoxus,,CRF3-Va-1 W1I1,1,7065066,,Contig,66.43,variovorax,0
GCA_000179735.1,HMT-524,Veillonella,atypica,,ACS-049-V-Sch6,63,2053871,,Contig,38.97,veillonella,0
GCA_000179755.1,HMT-524,Veillonella,atypica,,ACS-134-V-Col7a,70,2151913,,Contig,38.98,veillonella,0
GCA_000286635.1,HMT-524,Veillonella,atypica,,ACP1,26,2042594,,Contig,38.83,veillonella,0
GCA_000318355.2,HMT-524,Veillonella,atypica,,KON,40,1997160,,Scaffold,39.0,veillonella,0
GCA_000411535.1,HMT-524,Veillonella,atypica,,HPA0037,3,2071607,,Scaffold,39.38,veillonella,0
GCA_000524355.1,HMT-524,Veillonella,atypica,,ICM51a,53,2157029,,Contig,38.86,veillonella,0
GCA_001546845.1,HMT-524,Veillonella,atypica,,CMW7756B,94,2098853,,Scaffold,38.99,veillonella,0
GCA_002082765.1,HMT-524,Veillonella,atypica,,OK5,1,2071952,,Complete Genome,39.11,veillonella,0
GCA_002959815.1,HMT-524,Veillonella,atypica,,T34266-5,26,2060569,,Contig,39.14,veillonella,0
GCA_002959915.1,HMT-524,Veillonella,atypica,,ATCC 17744,11,2037410,,Contig,39.02,veillonella,0
GCA_003474825.1,HMT-524,Veillonella,atypica,,AF36-15BH,24,1992862,,Scaffold,38.9,veillonella,0
GCA_003605975.1,HMT-524,Veillonella,atypica,,KHUD_V1,54,2189293,,Scaffold,39.01,veillonella,0
GCA_015264545.1,HMT-524,Veillonella,atypica,,JCVI_43_bin.2,216,1913654,yes,Scaffold,39.17,veillonella,0
GCA_018370505.1,HMT-524,Veillonella,atypica,,L3_101_054G1_dasL3_101_054G1_maxbin2.maxbin.004,60,2135535,yes,Contig,38.96,veillonella,0
GCA_018370905.1,HMT-524,Veillonella,atypica,,L3_102_363G1_dasL3_102_363G1_concoct_29,153,2012662,yes,Contig,38.85,veillonella,0
GCA_018373795.1,HMT-524,Veillonella,atypica,,L2_059_037G1_dasL2_059_037G1_concoct_11,80,2000450,yes,Contig,38.93,veillonella,0
GCA_018373935.1,HMT-524,Veillonella,atypica,,L2_057_061G1_dasL2_057_061G1_concoct_20,62,2088614,yes,Contig,39.12,veillonella,0
GCA_018374795.1,HMT-524,Veillonella,atypica,,L2_040_071G1_dasL2_040_071G1_maxbin2.maxbin.010,50,2045937,yes,Contig,38.93,veillonella,0
GCA_018376055.1,HMT-524,Veillonella,atypica,,L3_069_024G1_dasL3_069_024G1_maxbin2.maxbin.004,36,2054967,yes,Contig,38.96,veillonella,0
GCA_018378335.1,HMT-524,Veillonella,atypica,,L1_008_364G1_dasL1_008_364G1_concoct_37,95,2009800,yes,Scaffold,38.96,veillonella,0
GCA_018378995.1,HMT-524,Veillonella,atypica,,L2_013_122G1_dasL2_013_122G1_concoct_36,136,1840430,yes,Scaffold,38.96,veillonella,0
GCA_018380325.1,HMT-524,Veillonella,atypica,,L2_037_047G1_dasL2_037_047G1_maxbin2.maxbin.001,93,2013083,yes,Contig,38.81,veillonella,0
GCA_018381415.1,HMT-524,Veillonella,atypica,,L2_023_015G1_dasL2_023_015G1_concoct_7,183,2024019,yes,Contig,39.12,veillonella,0
GCA_020560985.1,HMT-524,Veillonella,atypica,,DFI.2.98,239,2212497,,Contig,39.07,veillonella,0
GCA_022137105.1,HMT-524,Veillonella,atypica,,DFI.2.97,63,2126203,,Contig,38.98,veillonella,0
GCA_027685345.1,HMT-524,Veillonella,atypica,,AF13-8,27,2050961,,Scaffold,38.89,veillonella,0
GCA_030219125.1,HMT-524,Veillonella,atypica,,UMB10101,205,2124476,,Contig,39.15,veillonella,0
GCA_900460235.1,HMT-524,Veillonella,atypica,,NCTC11830,8,2107942,,Contig,39.05,veillonella,0
GCA_901875535.1,HMT-524,Veillonella,atypica,,Veillonella_atypica_BgEED38,60,2078559,,Contig,38.9,veillonella,0
GCA_902375065.1,HMT-524,Veillonella,atypica,,MGYG-HGUT-01444,3,2071607,,Scaffold,39.38,veillonella,0
GCA_905202725.1,HMT-524,Veillonella,atypica,,ERR1430548-bin.10,32,2110870,yes,Contig,38.91,veillonella,0
GCA_938009395.1,HMT-524,Veillonella,atypica,,SRR3546782_bin.17_CONCOCT_v1.1_MAG,10,1989158,yes,Contig,38.97,veillonella,0
GCA_958404255.1,HMT-524,Veillonella,atypica,,ERR9492492_bin.21_MetaWRAP_v1.3_MAG,76,2023129,yes,Contig,39.04,veillonella,0
GCA_959020975.1,HMT-524,Veillonella,atypica,,SRR13494527_bin.17_MetaWRAP_v1.3_MAG,30,2153358,yes,Contig,38.86,veillonella,0
GCA_959022565.1,HMT-524,Veillonella,atypica,,SRR20881988_bin.13_MetaWRAP_v1.3_MAG,145,1732487,yes,Contig,39.67,veillonella,0
GCA_959023135.1,HMT-524,Veillonella,atypica,,ERR10149252_bin.13_MetaWRAP_v1.3_MAG,38,2009312,yes,Contig,38.94,veillonella,0
GCA_959025785.1,HMT-524,Veillonella,atypica,,ERR10149257_bin.22_MetaWRAP_v1.3_MAG,72,1949722,yes,Contig,38.95,veillonella,0
GCA_000517785.1,HMT-887,Veillonella,denticariosi,,AS16,22,1946140,,Contig,43.14,veillonella,0
GCA_002959855.1,HMT-887,Veillonella,denticariosi,,JCM 15641,8,1981866,,Contig,42.92,veillonella,0
GCA_019425065.1,HMT-887,Veillonella,denticariosi,,HRGM_Genome_0338,155,1687489,,Scaffold,43.43,veillonella,0
GCA_934190595.1,HMT-887,Veillonella,denticariosi,,REFINED_METABAT215_TOP10_CONTIGS_1500_ASSEMBLY_K77_MERGED__Hadza_MoBio_hadza-E-H_K_24_1920.232,84,1663478,yes,Contig,43.36,veillonella,0
GCA_938028215.1,HMT-887,Veillonella,denticariosi,,ERR589609_bin.2_CONCOCT_v1.1_MAG,109,1950016,yes,Contig,42.5,veillonella,0
GCA_000160015.1,HMT-160,Veillonella,dispar,,ATCC 17748,3,2118767,,Scaffold,38.92,veillonella,0
GCA_018376035.1,HMT-160,Veillonella,dispar,,L3_069_061G1_dasL3_069_061G1_maxbin2.maxbin.006,121,1972117,yes,Contig,38.84,veillonella,0
GCA_900637515.1,HMT-160,Veillonella,dispar,,NCTC11831,1,2116915,,Complete Genome,38.87,veillonella,0
GCA_902373585.1,HMT-160,Veillonella,dispar,,MGYG-HGUT-01288,70,1882142,,Contig,38.79,veillonella,0
GCA_902483385.1,HMT-160,Veillonella,dispar,,MGYG-HGUT-03188,12,1998872,,Contig,38.68,veillonella,0
GCA_902490295.1,HMT-160,Veillonella,dispar,,MGYG-HGUT-03902,28,2119735,,Contig,38.73,veillonella,0
GCA_905201815.1,HMT-160,Veillonella,dispar,,SRR341688-bin.4,203,1939051,yes,Contig,38.74,veillonella,0
GCA_938017805.1,HMT-160,Veillonella,dispar,,ERR589558_bin.82_CONCOCT_v1.1_MAG,295,1921253,yes,Contig,39.04,veillonella,0
GCA_001553315.1,HMT-156,Veillonella,nakazawae,,DNF00926,58,2045490,,Scaffold,38.71,veillonella,0
GCA_003474105.1,HMT-156,Veillonella,nakazawae,,AF42-16,119,2033458,,Scaffold,38.8,veillonella,0
GCA_004166985.1,HMT-156,Veillonella,nakazawae,,bj_0095,14,2075021,,Contig,38.63,veillonella,0
GCA_009710825.1,HMT-156,Veillonella,nakazawae,,BIOML-A2,12,2077033,,Scaffold,38.64,veillonella,0
GCA_009710845.1,HMT-156,Veillonella,nakazawae,,BIOML-A1,26,2084342,,Contig,38.65,veillonella,0
GCA_013393365.1,HMT-156,Veillonella,nakazawae,,T1-7,1,2097818,,Complete Genome,38.64,veillonella,0
GCA_015547025.1,HMT-156,Veillonella,nakazawae,,1001216B_150713_A10,24,2114777,,Scaffold,38.47,veillonella,0
GCA_018406505.1,HMT-156,Veillonella,nakazawae,,S12025-13,1,2072807,,Complete Genome,38.61,veillonella,0
GCA_024463955.1,HMT-156,Veillonella,nakazawae,,DFI.1.137,61,2099746,,Contig,38.51,veillonella,0
GCA_024677885.1,HMT-156,Veillonella,nakazawae,,Ds1651,14,2035419,,Contig,38.59,veillonella,0
GCA_000024945.1,HMT-161,Veillonella,parvula,,DSM 2008,1,2132142,,Complete Genome,38.63,veillonella,0
GCA_000163715.1,HMT-161,Veillonella,parvula,,3_1_44,16,2163458,,Scaffold,38.84,veillonella,0
GCA_000163735.1,HMT-161,Veillonella,parvula,,6_1_27,10,2174425,,Scaffold,38.8,veillonella,0
GCA_000177435.1,HMT-161,Veillonella,parvula,,ATCC 17745,19,2163473,,Contig,38.57,veillonella,0
GCA_000448705.1,HMT-161,Veillonella,parvula,,HSIVP1,1,2177985,,Chromosome,39.45,veillonella,0
GCA_001553335.1,HMT-161,Veillonella,parvula,,DNF00876,41,2050442,,Scaffold,38.76,veillonella,0
GCA_002005185.1,HMT-161,Veillonella,parvula,,UTDB1-3,1,2178518,,Complete Genome,38.79,veillonella,0
GCA_002847925.1,HMT-161,Veillonella,parvula,,UMB0371,14,2150556,,Scaffold,38.58,veillonella,0
GCA_002959795.1,HMT-161,Veillonella,parvula,,S13054-11,10,2086734,,Contig,38.72,veillonella,0
GCA_003464005.1,HMT-161,Veillonella,parvula,,AM48-14BH,111,2087186,,Scaffold,38.66,veillonella,0
GCA_003465965.1,HMT-161,Veillonella,parvula,,AF04-47,21,2140208,,Scaffold,38.69,veillonella,0
GCA_003584215.1,HMT-161,Veillonella,parvula,,KHUD_VP2,16,2144191,,Scaffold,38.59,veillonella,0
GCA_003602765.1,HMT-161,Veillonella,parvula,,AF36-20BH,22,2100446,,Scaffold,38.59,veillonella,0
GCA_003603295.1,HMT-161,Veillonella,parvula,,AF13-2,14,2023686,,Scaffold,38.66,veillonella,0
GCA_009710745.1,HMT-161,Veillonella,parvula,,BIOML-A1,62,2155958,,Scaffold,38.96,veillonella,0
GCA_009710775.1,HMT-161,Veillonella,parvula,,BIOML-A2,17,2056570,,Contig,38.68,veillonella,0
GCA_014306175.1,HMT-161,Veillonella,parvula,,NSJ-78,20,2041457,,Contig,38.62,veillonella,0
GCA_015549975.1,HMT-161,Veillonella,parvula,,1001295B_180824_H5,9,2060011,,Scaffold,38.7,veillonella,0
GCA_015554925.1,HMT-161,Veillonella,parvula,,1001216B_150713_F11,13,2127759,,Scaffold,38.48,veillonella,0
GCA_016127175.1,HMT-161,Veillonella,parvula,,FDAARGOS_1046,1,2132299,,Complete Genome,38.63,veillonella,0
GCA_018364005.1,HMT-161,Veillonella,parvula,,L3_108_031G1_dasL3_108_031G1_concoct_20,20,2213853,yes,Contig,37.8,veillonella,0
GCA_018365355.1,HMT-161,Veillonella,parvula,,L3_133_000G1_dasL3_133_000G1_concoct_85,41,2098772,yes,Contig,38.56,veillonella,0
GCA_018365475.1,HMT-161,Veillonella,parvula,,L3_132_243G1_dasL3_132_243G1_metabat.metabat.18,16,2113375,yes,Contig,38.77,veillonella,0
GCA_018366045.1,HMT-161,Veillonella,parvula,,L3_128_070G1_dasL3_128_070G1_concoct_9,12,2143512,yes,Contig,38.69,veillonella,0
GCA_018366215.1,HMT-161,Veillonella,parvula,,L3_129_030G1_dasL3_129_030G1_maxbin2.maxbin.005,13,2078189,yes,Contig,38.68,veillonella,0
GCA_018366295.1,HMT-161,Veillonella,parvula,,L3_130_243G1_dasL3_130_243G1_concoct_45,20,2149638,yes,Contig,38.59,veillonella,0
GCA_018367995.1,HMT-161,Veillonella,parvula,,L3_079_062G2_dasL3_079_062G2_concoct_40,164,2136434,yes,Contig,38.61,veillonella,0
GCA_018370625.1,HMT-161,Veillonella,parvula,,L3_102_034G1_dasL3_102_034G1_concoct_6,37,2159245,yes,Contig,38.62,veillonella,0
GCA_018370955.1,HMT-161,Veillonella,parvula,,L3_102_125G1_dasL3_102_125G1_concoct_3,52,2018166,yes,Contig,38.6,veillonella,0
GCA_018373775.1,HMT-161,Veillonella,parvula,,L2_059_052G1_dasL2_059_052G1_metabat.metabat.9,16,2007952,yes,Contig,38.74,veillonella,0
GCA_018373995.1,HMT-161,Veillonella,parvula,,L2_057_048G1_dasL2_057_048G1_concoct_15_sub,110,2269124,yes,Contig,38.49,veillonella,0
GCA_018374435.1,HMT-161,Veillonella,parvula,,L3_058_052G1_dasL3_058_052G1_concoct_12,17,2035433,yes,Contig,38.81,veillonella,0
GCA_018376955.1,HMT-161,Veillonella,parvula,,L3_068_243G1_dasL3_068_243G1_maxbin2.maxbin.007,32,2154237,yes,Contig,38.65,veillonella,0
GCA_018379175.1,HMT-161,Veillonella,parvula,,L1_007_122G1_dasL1_007_122G1_concoct_24,45,2139673,yes,Contig,38.67,veillonella,0
GCA_018380075.1,HMT-161,Veillonella,parvula,,L1_007_365G1_dasL1_007_365G1_metabat.metabat.9,10,2159021,yes,Contig,38.54,veillonella,0
GCA_018381475.1,HMT-161,Veillonella,parvula,,L2_022_103G1_dasL2_022_103G1_maxbin2.maxbin.005,14,2073460,yes,Contig,38.57,veillonella,0
GCA_018381755.1,HMT-161,Veillonella,parvula,,L2_021_096G1_dasL2_021_096G1_concoct_19,22,2033482,yes,Contig,38.72,veillonella,0
GCA_018783925.1,HMT-161,Veillonella,parvula,,MCC755,36,2098128,,Scaffold,38.68,veillonella,0
GCA_019731115.1,HMT-161,Veillonella,parvula,,K63,7,2074582,,Scaffold,38.73,veillonella,0
GCA_020559585.1,HMT-161,Veillonella,parvula,,DFI.7.66,23,2096172,,Contig,38.63,veillonella,0
GCA_020559605.1,HMT-161,Veillonella,parvula,,DFI.7.67,18,2155102,,Contig,38.64,veillonella,0
GCA_024461815.1,HMT-161,Veillonella,parvula,,DFI.7.86,191,2139010,,Contig,38.69,veillonella,0
GCA_027666825.1,HMT-161,Veillonella,parvula,,AM72-29pH10A,13,2127353,,Scaffold,38.69,veillonella,0
GCA_031190775.1,HMT-161,Veillonella,parvula,,DSM 2007,1,2181623,,Complete Genome,38.66,veillonella,0
GCA_900186885.1,HMT-161,Veillonella,parvula,,NCTC11810,1,2132142,,Complete Genome,38.63,veillonella,0
GCA_901876955.1,HMT-161,Veillonella,parvula,,Veillonella_parvula_BgEED39,13,2125241,,Contig,38.61,veillonella,0
GCA_902374055.1,HMT-161,Veillonella,parvula,,MGYG-HGUT-01349,10,2174425,,Scaffold,38.8,veillonella,0
GCA_902810435.1,HMT-161,Veillonella,parvula,,SKV38,1,2146482,,Complete Genome,38.74,veillonella,0
GCA_905187725.1,HMT-161,Veillonella,parvula,,SRR413758-bin.8,9,2097259,yes,Contig,38.65,veillonella,0
GCA_905371855.1,HMT-161,Veillonella,parvula,,SRR9217392-mag-bin.10,19,2064386,yes,Contig,38.69,veillonella,0
GCA_905373225.1,HMT-161,Veillonella,parvula,,SRR9217454-mag-bin.8,25,1972424,yes,Contig,38.68,veillonella,0
GCA_934191025.1,HMT-161,Veillonella,parvula,,REFINED_METABAT215_TOP10_CONTIGS_1500_ASSEMBLY_K77_MERGED__Hadza_MoBio_hadza-I-L_I_2_2614.24,7,1997997,yes,Contig,38.78,veillonella,0
GCA_934201805.1,HMT-161,Veillonella,parvula,,REFINED_METABAT215_TOP10_CONTIGS_1500_ASSEMBLY_K77_MERGED__Hadza_PheChl_Fiber-Hadza-Nepal_A_16_1650.,249,1958592,yes,Contig,38.61,veillonella,0
GCA_938011615.1,HMT-161,Veillonella,parvula,,ERR2198631_bin.113_CONCOCT_v1.1_MAG,25,2165101,yes,Contig,38.57,veillonella,0
GCA_946223045.1,HMT-161,Veillonella,parvula,,02bTmArL1Z_bin.6.MAG,108,1961210,yes,Contig,38.95,veillonella,0
GCA_947097175.1,HMT-161,Veillonella,parvula,,SRR8786267_bin.7_metaWRAP_v1.3_MAG,64,1961384,yes,Contig,38.61,veillonella,0
GCA_958351335.1,HMT-161,Veillonella,parvula,,ERR9606990_bin.23_MetaWRAP_v1.3_MAG,52,2081493,yes,Contig,38.55,veillonella,0
GCA_958413055.1,HMT-161,Veillonella,parvula,,ERR9578262_bin.4_MetaWRAP_v1.3_MAG,10,2130974,yes,Contig,38.72,veillonella,0
GCA_958443905.1,HMT-161,Veillonella,parvula,,ERR4918920_bin.10_MetaWRAP_v1.3_MAG,103,1876358,yes,Contig,38.91,veillonella,0
GCA_959018115.1,HMT-161,Veillonella,parvula,,SRR13494501_bin.4_MetaWRAP_v1.3_MAG,26,1943583,yes,Contig,38.61,veillonella,0
GCA_000183505.2,HMT-158,Veillonella,rogosae,,F0412,21,2176752,,Contig,38.95,veillonella,0
GCA_002959775.1,HMT-158,Veillonella,rogosae,,JCM 15642,15,2187106,,Contig,38.91,veillonella,0
GCA_002959835.1,HMT-158,Veillonella,rogosae,,S13053-19,17,2278086,,Contig,38.85,veillonella,0
GCA_015264395.1,HMT-158,Veillonella,rogosae,,JCVI_44_bin.18,203,1957555,yes,Scaffold,39.07,veillonella,0
GCA_015264435.1,HMT-158,Veillonella,rogosae,,JCVI_39_bin.2,202,1852593,yes,Scaffold,39.53,veillonella,0
GCA_018376515.1,HMT-158,Veillonella,rogosae,,L3_072_011G1_dasL3_072_011G1_concoct_4,29,1978772,yes,Contig,39.09,veillonella,0
GCA_026057735.1,HMT-158,Veillonella,rogosae,,KCOM 3468,2,2205714,,Complete Genome,38.89,veillonella,0
GCA_028743475.1,HMT-158,Veillonella,rogosae,,AC2811 AN NA 2,1,2158040,,Complete Genome,38.95,veillonella,0
GCA_900538375.1,HMT-158,Veillonella,rogosae,,UMGS16,19,2094981,,Contig,39.01,veillonella,0
GCA_902483375.1,HMT-158,Veillonella,rogosae,,MGYG-HGUT-03190,19,2094981,,Contig,39.01,veillonella,0
GCA_937914765.1,HMT-158,Veillonella,rogosae,,SRR2240918_bin.21_CONCOCT_v1.1_MAG,153,2177883,yes,Contig,38.97,veillonella,0
GCA_003991995.1,HMT-779,Veillonella,sp. HMT-779,,3960,69,1860088,,Contig,39.65,veillonella,0
GCA_003992005.1,HMT-779,Veillonella,sp. HMT-779,,VA139,76,2172276,,Contig,39.49,veillonella,0
GCA_003992015.1,HMT-779,Veillonella,sp. HMT-779,,VA137,36,1902403,,Contig,39.62,veillonella,0
GCA_003992055.1,HMT-779,Veillonella,sp. HMT-779,,CHU740,35,1893839,,Contig,39.34,veillonella,0
GCA_003992085.1,HMT-779,Veillonella,sp. HMT-779,,CHU732,42,1972307,,Contig,39.54,veillonella,0
GCA_003992135.1,HMT-779,Veillonella,sp. HMT-779,,VA142,66,1969382,,Contig,39.08,veillonella,0
GCA_003992255.1,HMT-779,Veillonella,sp. HMT-779,,CHU110,43,1881921,,Contig,39.41,veillonella,0
GCA_003992315.1,HMT-779,Veillonella,sp. HMT-779,,3891,38,1890765,,Contig,39.44,veillonella,0
GCA_003999875.1,HMT-779,Veillonella,sp. HMT-779,,3310,16,1870378,,Contig,39.59,veillonella,0
GCA_900759775.1,HMT-779,Veillonella,sp. HMT-779,,HGM14168,52,1901086,,Contig,40.56,veillonella,0
GCA_902483495.1,HMT-779,Veillonella,sp. HMT-779,,MGYG-HGUT-03197,52,1901086,,Contig,40.56,veillonella,0
GCA_000221605.2,HMT-780,Veillonella,sp. HMT-780,,F0422,75,1731014,,Contig,39.45,veillonella,0
GCA_001553345.1,HMT-780,Veillonella,sp. HMT-780,,DNF00869,27,1664293,,Scaffold,39.38,veillonella,0
GCA_003992175.1,HMT-780,Veillonella,sp. HMT-780,,VA141,12,1806031,,Contig,39.2,veillonella,0
GCA_003992185.1,HMT-780,Veillonella,sp. HMT-780,,CNR 79/14,51,1776932,,Contig,39.39,veillonella,0
GCA_003992195.1,HMT-780,Veillonella,sp. HMT-780,,3627,34,1738782,,Contig,39.27,veillonella,0
GCA_003992235.1,HMT-780,Veillonella,sp. HMT-780,,3913,15,1770519,,Contig,39.36,veillonella,0
GCA_003992265.1,HMT-780,Veillonella,sp. HMT-780,,CHU594,23,1822704,,Contig,39.27,veillonella,0
GCA_018378165.1,HMT-780,Veillonella,sp. HMT-780,,L2_013_000G1_dasL2_013_000G1_metabat.metabat.46_sub,28,1760680,yes,Contig,39.24,veillonella,0
GCA_902468745.1,HMT-780,Veillonella,sp. HMT-780,,MGYG-HGUT-01066,38,1778132,,Contig,39.29,veillonella,0
GCA_937893325.1,HMT-780,Veillonella,sp. HMT-780,,SRR1952502_bin.2_CONCOCT_v1.1_MAG,23,1778081,yes,Contig,39.09,veillonella,0
GCA_001078375.1,HMT-421,Veillonella,tobetsuensis,,ATCC BAA-2400,48,2161277,,Scaffold,38.48,veillonella,0
GCA_002959935.1,HMT-421,Veillonella,tobetsuensis,,Y6,14,2041114,,Contig,38.53,veillonella,0
GCA_005403165.1,HMT-421,Veillonella,tobetsuensis,,PAGU 1578,133,2098634,,Scaffold,38.99,veillonella,0
GCA_005403265.1,HMT-421,Veillonella,tobetsuensis,,PAGU 1579,129,2151918,,Scaffold,38.55,veillonella,0
GCA_900538345.1,HMT-421,Veillonella,tobetsuensis,,UMGS9,15,1971073,,Contig,38.37,veillonella,0
GCA_902479845.1,HMT-421,Veillonella,tobetsuensis,,MGYG-HGUT-02819,15,1971073,,Contig,38.37,veillonella,0
GCA_905208875.1,HMT-421,Veillonella,tobetsuensis,,ERR1600666-bin.80,134,1829495,yes,Contig,38.5,veillonella,0
GCA_937934505.1,HMT-421,Veillonella,tobetsuensis,,SRR11615773_bin.97_CONCOCT_v1.1_MAG,30,2058485,yes,Contig,38.72,veillonella,0
GCA_002998355.1,HMT-998,Victivallis,lenta,,CCUG 44730,1,5242681,,Complete Genome,59.96,victivallis,0
GCA_000511675.1,HMT-827,Yersinia,pestis,,NBRC 105692,142,4506724,,Contig,47.41,yersinia,0
GCA_000834845.1,HMT-827,Yersinia,pestis,,Angola,4,4674610,,Complete Genome,47.62,yersinia,0
GCA_003798405.1,HMT-827,Yersinia,pestis,,FDAARGOS_582,2,4832460,,Complete Genome,47.46,yersinia,0
GCA_009295985.1,HMT-827,Yersinia,pestis,,SCPM-O-B-6530,5,4783760,,Complete Genome,47.68,yersinia,0
GCA_015336085.1,HMT-827,Yersinia,pestis,,C-781,1,4604910,,Complete Genome,47.65,yersinia,0
GCA_024498415.1,HMT-827,Yersinia,pestis,,20,4,4804290,,Complete Genome,47.62,yersinia,0
GCA_024758685.1,HMT-827,Yersinia,pestis,,EV76-CN,4,4792816,,Complete Genome,47.59,yersinia,0
GCA_900460465.1,HMT-827,Yersinia,pestis,,NCTC5923,12,4777134,,Contig,47.58,yersinia,0
GCA_900635715.1,HMT-827,Yersinia,pestis,,NCTC8480,1,4678752,,Complete Genome,47.49,yersinia,0
GCA_900637475.1,HMT-827,Yersinia,pestis,,NCTC10275,1,4610200,,Complete Genome,47.54,yersinia,0
